Entity,Code,Year,Renewable internal freshwater resources per capita (cubic meters)
Afghanistan,AFG,1962,5013.6074
Afghanistan,AFG,1963,4909.1636
Afghanistan,AFG,1964,4804.2056
Afghanistan,AFG,1965,4698.083
Afghanistan,AFG,1966,4592.654
Afghanistan,AFG,1967,4487.929
Afghanistan,AFG,1968,4383.224
Afghanistan,AFG,1969,4279.591
Afghanistan,AFG,1970,4176.215
Afghanistan,AFG,1971,4076.0164
Afghanistan,AFG,1972,3977.6624
Afghanistan,AFG,1973,3878.1052
Afghanistan,AFG,1974,3781.3394
Afghanistan,AFG,1975,3691.1045
Afghanistan,AFG,1976,3610.3015
Afghanistan,AFG,1977,3534.2825
Afghanistan,AFG,1978,3463.9976
Afghanistan,AFG,1979,3452.8042
Afghanistan,AFG,1980,3580.2937
Afghanistan,AFG,1981,3949.7114
Afghanistan,AFG,1982,4289.726
Afghanistan,AFG,1983,4318.5635
Afghanistan,AFG,1984,4213.5005
Afghanistan,AFG,1985,4126.2456
Afghanistan,AFG,1986,4128.695
Afghanistan,AFG,1987,4140.389
Afghanistan,AFG,1988,4091.7104
Afghanistan,AFG,1989,3970.8313
Afghanistan,AFG,1990,3914.273
Afghanistan,AFG,1991,3852.477
Afghanistan,AFG,1992,3550.726
Afghanistan,AFG,1993,3155.2874
Afghanistan,AFG,1994,2901.3967
Afghanistan,AFG,1995,2762.8298
Afghanistan,AFG,1996,2654.3542
Afghanistan,AFG,1997,2555.2659
Afghanistan,AFG,1998,2460.8564
Afghanistan,AFG,1999,2370.802
Afghanistan,AFG,2000,2342.237
Afghanistan,AFG,2001,2324.457
Afghanistan,AFG,2002,2205.5264
Afghanistan,AFG,2003,2074.0728
Afghanistan,AFG,2004,2001.2178
Afghanistan,AFG,2005,1932.0154
Afghanistan,AFG,2006,1854.54
Afghanistan,AFG,2007,1819.7711
Afghanistan,AFG,2008,1780.4128
Afghanistan,AFG,2009,1716.6616
Afghanistan,AFG,2010,1667.015
Afghanistan,AFG,2011,1606.599
Afghanistan,AFG,2012,1542.8647
Afghanistan,AFG,2013,1491.0173
Afghanistan,AFG,2014,1437.8278
Afghanistan,AFG,2015,1393.6606
Afghanistan,AFG,2016,1358.7656
Afghanistan,AFG,2017,1321.1378
Afghanistan,AFG,2018,1283.2362
Afghanistan,AFG,2019,1245.5054
Afghanistan,AFG,2020,1206.8398
Afghanistan,AFG,2021,1178.7379
Afghanistan,AFG,2022,1161.9355
Albania,ALB,1961,16206.771
Albania,ALB,1962,15718.869
Albania,ALB,1963,15261.363
Albania,ALB,1964,14828.004
Albania,ALB,1965,14425.209
Albania,ALB,1966,14050.13
Albania,ALB,1967,13685.402
Albania,ALB,1968,13301.87
Albania,ALB,1969,12922.162
Albania,ALB,1970,12596.705
Albania,ALB,1971,12295.159
Albania,ALB,1972,11992.193
Albania,ALB,1973,11712.191
Albania,ALB,1974,11446.204
Albania,ALB,1975,11185.817
Albania,ALB,1976,10941.516
Albania,ALB,1977,10702.013
Albania,ALB,1978,10482.156
Albania,ALB,1979,10275.679
Albania,ALB,1980,10067.377
Albania,ALB,1981,9867.735
Albania,ALB,1982,9661.392
Albania,ALB,1983,9458.643
Albania,ALB,1984,9261.717
Albania,ALB,1985,9073.241
Albania,ALB,1986,8899.52
Albania,ALB,1987,8723.556
Albania,ALB,1988,8560.511
Albania,ALB,1989,8333.48
Albania,ALB,1990,8184.8945
Albania,ALB,1991,8234.383
Albania,ALB,1992,8284.471
Albania,ALB,1993,8335.175
Albania,ALB,1994,8386.5
Albania,ALB,1995,8438.464
Albania,ALB,1996,8491.073
Albania,ALB,1997,8544.346
Albania,ALB,1998,8598.287
Albania,ALB,1999,8652.918
Albania,ALB,2000,8708.244
Albania,ALB,2001,8790.353
Albania,ALB,2002,8816.753
Albania,ALB,2003,8849.802
Albania,ALB,2004,8886.865
Albania,ALB,2005,8932.464
Albania,ALB,2006,8988.998
Albania,ALB,2007,9057.1875
Albania,ALB,2008,9126.954
Albania,ALB,2009,9188.668
Albania,ALB,2010,9234.399
Albania,ALB,2011,9259.275
Albania,ALB,2012,9403.267
Albania,ALB,2013,9549.498
Albania,ALB,2014,9698.003
Albania,ALB,2015,9848.815
Albania,ALB,2016,10001.975
Albania,ALB,2017,10157.517
Albania,ALB,2018,10315.474
Albania,ALB,2019,10475.89
Albania,ALB,2020,10638.803
Albania,ALB,2021,10804.245
Albania,ALB,2022,10972.265
Algeria,DZA,1961,967.1608
Algeria,DZA,1962,953.0733
Algeria,DZA,1963,938.64874
Algeria,DZA,1964,923.4132
Algeria,DZA,1965,909.5117
Algeria,DZA,1966,893.3231
Algeria,DZA,1967,873.47754
Algeria,DZA,1968,853.8169
Algeria,DZA,1969,834.5973
Algeria,DZA,1970,815.96265
Algeria,DZA,1971,797.7198
Algeria,DZA,1972,779.57605
Algeria,DZA,1973,761.4168
Algeria,DZA,1974,743.18555
Algeria,DZA,1975,717.3474
Algeria,DZA,1976,685.4094
Algeria,DZA,1977,660.9664
Algeria,DZA,1978,642.4297
Algeria,DZA,1979,623.56354
Algeria,DZA,1980,604.4443
Algeria,DZA,1981,585.15027
Algeria,DZA,1982,565.96234
Algeria,DZA,1983,547.08325
Algeria,DZA,1984,528.724
Algeria,DZA,1985,511.0288
Algeria,DZA,1986,494.47147
Algeria,DZA,1987,479.74664
Algeria,DZA,1988,466.4959
Algeria,DZA,1989,454.34192
Algeria,DZA,1990,443.21738
Algeria,DZA,1991,432.77786
Algeria,DZA,1992,422.36594
Algeria,DZA,1993,412.32468
Algeria,DZA,1994,403.30215
Algeria,DZA,1995,395.04477
Algeria,DZA,1996,387.38617
Algeria,DZA,1997,380.23212
Algeria,DZA,1998,374.22473
Algeria,DZA,1999,369.06442
Algeria,DZA,2000,363.93472
Algeria,DZA,2001,358.971
Algeria,DZA,2002,354.2269
Algeria,DZA,2003,349.54822
Algeria,DZA,2004,344.70093
Algeria,DZA,2005,339.6936
Algeria,DZA,2006,334.49814
Algeria,DZA,2007,328.96146
Algeria,DZA,2008,323.03223
Algeria,DZA,2009,316.9022
Algeria,DZA,2010,310.7916
Algeria,DZA,2011,304.76886
Algeria,DZA,2012,298.75552
Algeria,DZA,2013,292.7826
Algeria,DZA,2014,286.87643
Algeria,DZA,2015,281.03778
Algeria,DZA,2016,275.3195
Algeria,DZA,2017,269.78146
Algeria,DZA,2018,264.60394
Algeria,DZA,2019,259.7787
Algeria,DZA,2020,255.36934
Algeria,DZA,2021,251.26729
Algeria,DZA,2022,247.30971
Andorra,AND,1962,28468.338
Andorra,AND,1963,26487.621
Andorra,AND,1964,24725.791
Andorra,AND,1965,23148.012
Andorra,AND,1966,21578.012
Andorra,AND,1967,19928.018
Andorra,AND,1968,18374.477
Andorra,AND,1969,17008.893
Andorra,AND,1970,15798.168
Andorra,AND,1971,14718.776
Andorra,AND,1972,13747.44
Andorra,AND,1973,12869.551
Andorra,AND,1974,12078.071
Andorra,AND,1975,11363.555
Andorra,AND,1976,10721.565
Andorra,AND,1977,10148.889
Andorra,AND,1978,9641.057
Andorra,AND,1979,9199.557
Andorra,AND,1980,8820.077
Andorra,AND,1981,8490.946
Andorra,AND,1982,8141.5747
Andorra,AND,1983,7780.106
Andorra,AND,1984,7465.7583
Andorra,AND,1985,7201.369
Andorra,AND,1986,6900.774
Andorra,AND,1987,6622.878
Andorra,AND,1988,6386.595
Andorra,AND,1989,6234.69
Andorra,AND,1990,6000.3423
Andorra,AND,1991,5569.379
Andorra,AND,1992,5242.525
Andorra,AND,1993,4987.9883
Andorra,AND,1994,4884.5415
Andorra,AND,1995,4938.04
Andorra,AND,1996,4932.483
Andorra,AND,1997,4877.898
Andorra,AND,1998,4827.0166
Andorra,AND,1999,4802.922
Andorra,AND,2000,4804.75
Andorra,AND,2001,4792.565
Andorra,AND,2002,4745.4365
Andorra,AND,2003,4541.922
Andorra,AND,2004,4246.216
Andorra,AND,2005,4076.4133
Andorra,AND,2006,3965.5713
Andorra,AND,2007,3854.5623
Andorra,AND,2008,3779.867
Andorra,AND,2009,3762.1592
Andorra,AND,2010,3910.49
Andorra,AND,2011,4057.442
Andorra,AND,2012,4107.5566
Andorra,AND,2013,4197.1436
Andorra,AND,2014,4280.0767
Andorra,AND,2015,4372.7656
Andorra,AND,2016,4372.342
Andorra,AND,2017,4278.568
Andorra,AND,2018,4198.93
Andorra,AND,2019,4126.8926
Andorra,AND,2020,4078.5732
Andorra,AND,2021,4027.3596
Andorra,AND,2022,3959.601
Angola,AGO,1961,27916.19
Angola,AGO,1962,27641.283
Angola,AGO,1963,27365.244
Angola,AGO,1964,27085.457
Angola,AGO,1965,26801.977
Angola,AGO,1966,26516.71
Angola,AGO,1967,26232.73
Angola,AGO,1968,25952.623
Angola,AGO,1969,25678.018
Angola,AGO,1970,25287.094
Angola,AGO,1971,24703.3
Angola,AGO,1972,23970.477
Angola,AGO,1973,23166.525
Angola,AGO,1974,22378.918
Angola,AGO,1975,21628.11
Angola,AGO,1976,20919.72
Angola,AGO,1977,20224.578
Angola,AGO,1978,19533.482
Angola,AGO,1979,18860.213
Angola,AGO,1980,18195.516
Angola,AGO,1981,17544.678
Angola,AGO,1982,16911.102
Angola,AGO,1983,16294.206
Angola,AGO,1984,15701.39
Angola,AGO,1985,15134.286
Angola,AGO,1986,14596.452
Angola,AGO,1987,14098.114
Angola,AGO,1988,13626.373
Angola,AGO,1989,13168.944
Angola,AGO,1990,12729.693
Angola,AGO,1991,12309.198
Angola,AGO,1992,11912.704
Angola,AGO,1993,11538.04
Angola,AGO,1994,11170.011
Angola,AGO,1995,10803.095
Angola,AGO,1996,10443.884
Angola,AGO,1997,10095.214
Angola,AGO,1998,9762.938
Angola,AGO,1999,9446.466
Angola,AGO,2000,9138.697
Angola,AGO,2001,8837.294
Angola,AGO,2002,8541.238
Angola,AGO,2003,8248.015
Angola,AGO,2004,7956.808
Angola,AGO,2005,7671.907
Angola,AGO,2006,7394.351
Angola,AGO,2007,7122.726
Angola,AGO,2008,6858.6294
Angola,AGO,2009,6602.788
Angola,AGO,2010,6353.3423
Angola,AGO,2011,6111.0684
Angola,AGO,2012,5878.289
Angola,AGO,2013,5656.2773
Angola,AGO,2014,5449.0356
Angola,AGO,2015,5256.093
Angola,AGO,2016,5071.4336
Angola,AGO,2017,4895.015
Angola,AGO,2018,4728.8643
Angola,AGO,2019,4571.3394
Angola,AGO,2020,4424.3643
Angola,AGO,2021,4285.8267
Angola,AGO,2022,4153.217
Antigua and Barbuda,ATG,1961,919.7029
Antigua and Barbuda,ATG,1962,906.9346
Antigua and Barbuda,ATG,1963,894.4236
Antigua and Barbuda,ATG,1964,881.05725
Antigua and Barbuda,ATG,1965,867.1002
Antigua and Barbuda,ATG,1966,853.85876
Antigua and Barbuda,ATG,1967,840.9205
Antigua and Barbuda,ATG,1968,827.9068
Antigua and Barbuda,ATG,1969,814.8044
Antigua and Barbuda,ATG,1970,805.85175
Antigua and Barbuda,ATG,1971,803.34937
Antigua and Barbuda,ATG,1972,804.7667
Antigua and Barbuda,ATG,1973,808.1813
Antigua and Barbuda,ATG,1974,811.76434
Antigua and Barbuda,ATG,1975,814.5491
Antigua and Barbuda,ATG,1976,815.5328
Antigua and Barbuda,ATG,1977,814.25574
Antigua and Barbuda,ATG,1978,812.0179
Antigua and Barbuda,ATG,1979,809.0363
Antigua and Barbuda,ATG,1980,806.03906
Antigua and Barbuda,ATG,1981,804.1444
Antigua and Barbuda,ATG,1982,802.6549
Antigua and Barbuda,ATG,1983,800.8131
Antigua and Barbuda,ATG,1984,801.45496
Antigua and Barbuda,ATG,1985,805.06573
Antigua and Barbuda,ATG,1986,809.01117
Antigua and Barbuda,ATG,1987,813.1861
Antigua and Barbuda,ATG,1988,817.3145
Antigua and Barbuda,ATG,1989,821.1607
Antigua and Barbuda,ATG,1990,824.533
Antigua and Barbuda,ATG,1991,820.3575
Antigua and Barbuda,ATG,1992,807.40326
Antigua and Barbuda,ATG,1993,792.84
Antigua and Barbuda,ATG,1994,777.9423
Antigua and Barbuda,ATG,1995,762.58636
Antigua and Barbuda,ATG,1996,746.9976
Antigua and Barbuda,ATG,1997,731.8481
Antigua and Barbuda,ATG,1998,718.11304
Antigua and Barbuda,ATG,1999,705.88873
Antigua and Barbuda,ATG,2000,694.1478
Antigua and Barbuda,ATG,2001,683.5899
Antigua and Barbuda,ATG,2002,675.0441
Antigua and Barbuda,ATG,2003,667.6596
Antigua and Barbuda,ATG,2004,660.5775
Antigua and Barbuda,ATG,2005,653.1761
Antigua and Barbuda,ATG,2006,645.1293
Antigua and Barbuda,ATG,2007,636.4437
Antigua and Barbuda,ATG,2008,627.17096
Antigua and Barbuda,ATG,2009,617.77527
Antigua and Barbuda,ATG,2010,609.4702
Antigua and Barbuda,ATG,2011,602.3259
Antigua and Barbuda,ATG,2012,595.9202
Antigua and Barbuda,ATG,2013,590.4797
Antigua and Barbuda,ATG,2014,585.81647
Antigua and Barbuda,ATG,2015,581.5969
Antigua and Barbuda,ATG,2016,577.97687
Antigua and Barbuda,ATG,2017,574.7889
Antigua and Barbuda,ATG,2018,571.8936
Antigua and Barbuda,ATG,2019,569.152
Antigua and Barbuda,ATG,2020,566.1651
Antigua and Barbuda,ATG,2021,563.08136
Antigua and Barbuda,ATG,2022,560.1034
Argentina,ARG,1961,14088.396
Argentina,ARG,1962,13856.897
Argentina,ARG,1963,13631.034
Argentina,ARG,1964,13413.291
Argentina,ARG,1965,13205.124
Argentina,ARG,1966,13004.427
Argentina,ARG,1967,12807.546
Argentina,ARG,1968,12613.073
Argentina,ARG,1969,12420.928
Argentina,ARG,1970,12228.662
Argentina,ARG,1971,12037.659
Argentina,ARG,1972,11848.568
Argentina,ARG,1973,11658.546
Argentina,ARG,1974,11468.362
Argentina,ARG,1975,11285.414
Argentina,ARG,1976,11110.1455
Argentina,ARG,1977,10935.59
Argentina,ARG,1978,10762.137
Argentina,ARG,1979,10591.646
Argentina,ARG,1980,10424.254
Argentina,ARG,1981,10258.587
Argentina,ARG,1982,10095.331
Argentina,ARG,1983,9934.902
Argentina,ARG,1984,9777.956
Argentina,ARG,1985,9625.388
Argentina,ARG,1986,9476.833
Argentina,ARG,1987,9331.529
Argentina,ARG,1988,9188.015
Argentina,ARG,1989,9048.386
Argentina,ARG,1990,8914.424
Argentina,ARG,1991,8787.163
Argentina,ARG,1992,8666.354
Argentina,ARG,1993,8549.832
Argentina,ARG,1994,8436.017
Argentina,ARG,1995,8326.2
Argentina,ARG,1996,8222.157
Argentina,ARG,1997,8122.891
Argentina,ARG,1998,8027.964
Argentina,ARG,1999,7935.929
Argentina,ARG,2000,7846.5127
Argentina,ARG,2001,7760.8335
Argentina,ARG,2002,7678.2803
Argentina,ARG,2003,7599.3613
Argentina,ARG,2004,7522.6875
Argentina,ARG,2005,7445.7905
Argentina,ARG,2006,7369.6216
Argentina,ARG,2007,7296.942
Argentina,ARG,2008,7223.4053
Argentina,ARG,2009,7147.2573
Argentina,ARG,2010,7072.154
Argentina,ARG,2011,6997.2534
Argentina,ARG,2012,6925.7134
Argentina,ARG,2013,6857.284
Argentina,ARG,2014,6786.8984
Argentina,ARG,2015,6716.193
Argentina,ARG,2016,6651.433
Argentina,ARG,2017,6593.075
Argentina,ARG,2018,6539.0386
Argentina,ARG,2019,6492.7173
Argentina,ARG,2020,6461.3257
Argentina,ARG,2021,6444.169
Argentina,ARG,2022,6430.5986
Armenia,ARM,1992,1920.2875
Armenia,ARM,1993,1986.1976
Armenia,ARM,1994,2038.572
Armenia,ARM,1995,2073.721
Armenia,ARM,1996,2091.9653
Armenia,ARM,1997,2112.874
Armenia,ARM,1998,2137.825
Armenia,ARM,1999,2165.5764
Armenia,ARM,2000,2129.3967
Armenia,ARM,2001,2135.5625
Armenia,ARM,2002,2143.5715
Armenia,ARM,2003,2155.2239
Armenia,ARM,2004,2167.209
Armenia,ARM,2005,2179.9517
Armenia,ARM,2006,2193.406
Armenia,ARM,2007,2207.3115
Armenia,ARM,2008,2221.8264
Armenia,ARM,2009,2237.1167
Armenia,ARM,2010,2252.693
Armenia,ARM,2011,2265.2664
Armenia,ARM,2012,2268.1128
Armenia,ARM,2013,2269.689
Armenia,ARM,2014,2275.8643
Armenia,ARM,2015,2282.833
Armenia,ARM,2016,2292.2168
Armenia,ARM,2017,2302.1414
Armenia,ARM,2018,2310.2056
Armenia,ARM,2019,2315.2742
Armenia,ARM,2020,2316.0562
Armenia,ARM,2021,2315.4307
Armenia,ARM,2022,2310.0498
Australia,AUS,1961,46933.13
Australia,AUS,1962,45801.527
Australia,AUS,1963,44931.508
Australia,AUS,1964,44058.387
Australia,AUS,1965,43203.37
Australia,AUS,1966,42228.137
Australia,AUS,1967,41698.45
Australia,AUS,1968,40969.273
Australia,AUS,1969,40120.688
Australia,AUS,1970,39337.973
Australia,AUS,1971,38030.457
Australia,AUS,1972,37337.785
Australia,AUS,1973,36771.3
Australia,AUS,1974,35852.22
Australia,AUS,1975,35413.52
Australia,AUS,1976,35060.215
Australia,AUS,1977,34667.418
Australia,AUS,1978,34266.61
Australia,AUS,1979,33898.305
Australia,AUS,1980,33487.613
Australia,AUS,1981,32968.668
Australia,AUS,1982,32402.002
Australia,AUS,1983,31961.6
Australia,AUS,1984,31580.182
Australia,AUS,1985,31162.293
Australia,AUS,1986,30714.773
Australia,AUS,1987,30251.096
Australia,AUS,1988,29760.17
Australia,AUS,1989,29260.605
Australia,AUS,1990,28830.725
Australia,AUS,1991,28465.574
Australia,AUS,1992,28148.65
Australia,AUS,1993,27899.367
Australia,AUS,1994,27631.96
Australia,AUS,1995,27325.922
Australia,AUS,1996,26996.23
Australia,AUS,1997,26705.695
Australia,AUS,1998,26440.832
Australia,AUS,1999,26153.152
Australia,AUS,2000,25855.543
Australia,AUS,2001,25525.688
Australia,AUS,2002,25236.969
Australia,AUS,2003,24948.357
Australia,AUS,2004,24683.031
Australia,AUS,2005,24384.389
Australia,AUS,2006,24057.543
Australia,AUS,2007,23622.477
Australia,AUS,2008,23153.814
Australia,AUS,2009,22681.535
Australia,AUS,2010,22331.408
Australia,AUS,2011,22023.254
Australia,AUS,2012,21642.104
Australia,AUS,2013,21272.797
Australia,AUS,2014,20957.854
Australia,AUS,2015,20658.385
Australia,AUS,2016,20338.22
Australia,AUS,2017,20006.027
Australia,AUS,2018,19708.967
Australia,AUS,2019,19419.908
Australia,AUS,2020,19181.85
Australia,AUS,2021,19154.842
Australia,AUS,2022,18909.46
Austria,AUT,1961,7761.456
Austria,AUT,1962,7714.032
Austria,AUT,1963,7664.6387
Austria,AUT,1964,7613.72
Austria,AUT,1965,7564.412
Austria,AUT,1966,7511.541
Austria,AUT,1967,7455.6074
Austria,AUT,1968,7416.994
Austria,AUT,1969,7391.425
Austria,AUT,1970,7365.6577
Austria,AUT,1971,7332.8623
Austria,AUT,1972,7290.3677
Austria,AUT,1973,7250.088
Austria,AUT,1974,7237.7583
Austria,AUT,1975,7256.987
Austria,AUT,1976,7269.8193
Austria,AUT,1977,7267.029
Austria,AUT,1978,7272.915
Austria,AUT,1979,7285.323
Austria,AUT,1980,7285.3154
Austria,AUT,1981,7266.7603
Austria,AUT,1982,7261.5503
Austria,AUT,1983,7273.295
Austria,AUT,1984,7273.7524
Austria,AUT,1985,7270.3384
Austria,AUT,1986,7265.7197
Austria,AUT,1987,7261.123
Austria,AUT,1988,7250.8506
Austria,AUT,1989,7218.258
Austria,AUT,1990,7163.464
Austria,AUT,1991,7092.2983
Austria,AUT,1992,7014.672
Austria,AUT,1993,6957.0645
Austria,AUT,1994,6930.3403
Austria,AUT,1995,6919.738
Austria,AUT,1996,6910.401
Austria,AUT,1997,6902.5747
Austria,AUT,1998,6895.005
Austria,AUT,1999,6881.603
Austria,AUT,2000,6865.0747
Austria,AUT,2001,6838.8457
Austria,AUT,2002,6805.282
Austria,AUT,2003,6772.2124
Austria,AUT,2004,6730.3267
Austria,AUT,2005,6684.631
Austria,AUT,2006,6651.637
Austria,AUT,2007,6630.111
Austria,AUT,2008,6609.3887
Austria,AUT,2009,6592.0977
Austria,AUT,2010,6576.2695
Austria,AUT,2011,6554.1396
Austria,AUT,2012,6524.3247
Austria,AUT,2013,6485.9844
Austria,AUT,2014,6435.491
Austria,AUT,2015,6363.753
Austria,AUT,2016,6295.306
Austria,AUT,2017,6251.729
Austria,AUT,2018,6221.353
Austria,AUT,2019,6193.7495
Austria,AUT,2020,6168.088
Austria,AUT,2021,6141.2734
Austria,AUT,2022,6082.825
Azerbaijan,AZE,1992,1099.2881
Azerbaijan,AZE,1993,1082.7507
Azerbaijan,AZE,1994,1068.248
Azerbaijan,AZE,1995,1055.9738
Azerbaijan,AZE,1996,1045.3433
Azerbaijan,AZE,1997,1035.3076
Azerbaijan,AZE,1998,1025.5276
Azerbaijan,AZE,1999,1016.56696
Azerbaijan,AZE,2000,1008.2499
Azerbaijan,AZE,2001,1000.4685
Azerbaijan,AZE,2002,993.03107
Azerbaijan,AZE,2003,985.53577
Azerbaijan,AZE,2004,976.94574
Azerbaijan,AZE,2005,967.00964
Azerbaijan,AZE,2006,956.44434
Azerbaijan,AZE,2007,945.6609
Azerbaijan,AZE,2008,926.01044
Azerbaijan,AZE,2009,906.9833
Azerbaijan,AZE,2010,896.25604
Azerbaijan,AZE,2011,884.6536
Azerbaijan,AZE,2012,872.9764
Azerbaijan,AZE,2013,861.7576
Azerbaijan,AZE,2014,851.06793
Azerbaijan,AZE,2015,840.99005
Azerbaijan,AZE,2016,831.64136
Azerbaijan,AZE,2017,823.5207
Azerbaijan,AZE,2018,816.4172
Azerbaijan,AZE,2019,809.5342
Azerbaijan,AZE,2020,804.01294
Azerbaijan,AZE,2021,800.47345
Azerbaijan,AZE,2022,800.1573
Bahamas,BHS,1961,5728.455
Bahamas,BHS,1962,5447.7676
Bahamas,BHS,1963,5181.8457
Bahamas,BHS,1964,4946.0176
Bahamas,BHS,1965,4731.264
Bahamas,BHS,1966,4519.803
Bahamas,BHS,1967,4313.878
Bahamas,BHS,1968,4115.4927
Bahamas,BHS,1969,3933.0042
Bahamas,BHS,1970,3784.1519
Bahamas,BHS,1971,3667.6675
Bahamas,BHS,1972,3570.4268
Bahamas,BHS,1973,3486.212
Bahamas,BHS,1974,3408.947
Bahamas,BHS,1975,3335.1438
Bahamas,BHS,1976,3263.388
Bahamas,BHS,1977,3194.0571
Bahamas,BHS,1978,3128.338
Bahamas,BHS,1979,3067.0815
Bahamas,BHS,1980,3010.416
Bahamas,BHS,1981,2958.4048
Bahamas,BHS,1982,2909.2239
Bahamas,BHS,1983,2860.6692
Bahamas,BHS,1984,2812.7925
Bahamas,BHS,1985,2765.1152
Bahamas,BHS,1986,2718.0667
Bahamas,BHS,1987,2672.4187
Bahamas,BHS,1988,2627.1543
Bahamas,BHS,1989,2581.3303
Bahamas,BHS,1990,2536.7373
Bahamas,BHS,1991,2493.4902
Bahamas,BHS,1992,2448.1772
Bahamas,BHS,1993,2402.6992
Bahamas,BHS,1994,2360.8052
Bahamas,BHS,1995,2322.0251
Bahamas,BHS,1996,2285.5798
Bahamas,BHS,1997,2251.4988
Bahamas,BHS,1998,2219.6292
Bahamas,BHS,1999,2190.1418
Bahamas,BHS,2000,2161.5947
Bahamas,BHS,2001,2135.2139
Bahamas,BHS,2002,2110.888
Bahamas,BHS,2003,2085.7046
Bahamas,BHS,2004,2060.1445
Bahamas,BHS,2005,2035.511
Bahamas,BHS,2006,2009.329
Bahamas,BHS,2007,1981.1283
Bahamas,BHS,2008,1954.6521
Bahamas,BHS,2009,1929.3845
Bahamas,BHS,2010,1904.876
Bahamas,BHS,2011,1883.0923
Bahamas,BHS,2012,1864.335
Bahamas,BHS,2013,1847.1948
Bahamas,BHS,2014,1831.0323
Bahamas,BHS,2015,1816.5493
Bahamas,BHS,2016,1803.868
Bahamas,BHS,2017,1792.6425
Bahamas,BHS,2018,1782.454
Bahamas,BHS,2019,1773.6112
Bahamas,BHS,2020,1768.2886
Bahamas,BHS,2021,1766.0133
Bahamas,BHS,2022,1760.838
Bahrain,BHR,1961,23.209126
Bahrain,BHR,1962,22.302885
Bahrain,BHR,1963,21.447607
Bahrain,BHR,1964,20.63813
Bahrain,BHR,1965,19.913773
Bahrain,BHR,1966,19.273115
Bahrain,BHR,1967,18.675095
Bahrain,BHR,1968,18.236776
Bahrain,BHR,1969,17.980034
Bahrain,BHR,1970,17.792881
Bahrain,BHR,1971,17.336056
Bahrain,BHR,1972,16.521212
Bahrain,BHR,1973,15.666615
Bahrain,BHR,1974,14.867788
Bahrain,BHR,1975,14.122149
Bahrain,BHR,1976,13.428992
Bahrain,BHR,1977,12.786783
Bahrain,BHR,1978,12.193412
Bahrain,BHR,1979,11.646291
Bahrain,BHR,1980,11.142744
Bahrain,BHR,1981,10.708817
Bahrain,BHR,1982,10.336371
Bahrain,BHR,1983,9.982356
Bahrain,BHR,1984,9.634979
Bahrain,BHR,1985,9.294587
Bahrain,BHR,1986,8.962862
Bahrain,BHR,1987,8.642034
Bahrain,BHR,1988,8.334566
Bahrain,BHR,1989,8.042998
Bahrain,BHR,1990,7.770053
Bahrain,BHR,1991,7.951464
Bahrain,BHR,1992,7.7450633
Bahrain,BHR,1993,7.5439672
Bahrain,BHR,1994,7.3479977
Bahrain,BHR,1995,7.157184
Bahrain,BHR,1996,6.971167
Bahrain,BHR,1997,6.789846
Bahrain,BHR,1998,6.6132975
Bahrain,BHR,1999,6.441338
Bahrain,BHR,2000,6.2737026
Bahrain,BHR,2001,6.048546
Bahrain,BHR,2002,5.6294184
Bahrain,BHR,2003,5.2320614
Bahrain,BHR,2004,4.855895
Bahrain,BHR,2005,4.5003386
Bahrain,BHR,2006,4.1648273
Bahrain,BHR,2007,3.8487628
Bahrain,BHR,2008,3.6248431
Bahrain,BHR,2009,3.3943899
Bahrain,BHR,2010,3.2558892
Bahrain,BHR,2011,3.3472242
Bahrain,BHR,2012,3.308618
Bahrain,BHR,2013,3.1918519
Bahrain,BHR,2014,3.0428386
Bahrain,BHR,2015,2.9190218
Bahrain,BHR,2016,2.8095293
Bahrain,BHR,2017,2.664684
Bahrain,BHR,2018,2.6611829
Bahrain,BHR,2019,2.695861
Bahrain,BHR,2020,2.7170148
Bahrain,BHR,2021,2.658929
Bahrain,BHR,2022,2.623479
Bangladesh,BGD,1961,1969.5989
Bangladesh,BGD,1962,1913.2253
Bangladesh,BGD,1963,1858.2623
Bangladesh,BGD,1964,1804.7943
Bangladesh,BGD,1965,1752.8478
Bangladesh,BGD,1966,1702.616
Bangladesh,BGD,1967,1653.2588
Bangladesh,BGD,1968,1605.3014
Bangladesh,BGD,1969,1560.3143
Bangladesh,BGD,1970,1520.4414
Bangladesh,BGD,1971,1494.0928
Bangladesh,BGD,1972,1465.6306
Bangladesh,BGD,1973,1424.2639
Bangladesh,BGD,1974,1384.5056
Bangladesh,BGD,1975,1348.6722
Bangladesh,BGD,1976,1314.8779
Bangladesh,BGD,1977,1282.564
Bangladesh,BGD,1978,1251.6442
Bangladesh,BGD,1979,1221.8527
Bangladesh,BGD,1980,1192.9591
Bangladesh,BGD,1981,1162.7507
Bangladesh,BGD,1982,1131.2887
Bangladesh,BGD,1983,1101.3776
Bangladesh,BGD,1984,1073.4553
Bangladesh,BGD,1985,1047.3416
Bangladesh,BGD,1986,1023.0371
Bangladesh,BGD,1987,1000.3879
Bangladesh,BGD,1988,979.33136
Bangladesh,BGD,1989,959.4842
Bangladesh,BGD,1990,940.57605
Bangladesh,BGD,1991,922.7759
Bangladesh,BGD,1992,905.5456
Bangladesh,BGD,1993,888.8335
Bangladesh,BGD,1994,872.50476
Bangladesh,BGD,1995,856.44116
Bangladesh,BGD,1996,840.9272
Bangladesh,BGD,1997,825.48425
Bangladesh,BGD,1998,810.0456
Bangladesh,BGD,1999,794.80383
Bangladesh,BGD,2000,780.4121
Bangladesh,BGD,2001,767.5113
Bangladesh,BGD,2002,755.7564
Bangladesh,BGD,2003,744.83746
Bangladesh,BGD,2004,734.7649
Bangladesh,BGD,2005,725.5601
Bangladesh,BGD,2006,717.18384
Bangladesh,BGD,2007,709.51086
Bangladesh,BGD,2008,702.46204
Bangladesh,BGD,2009,695.9463
Bangladesh,BGD,2010,689.87274
Bangladesh,BGD,2011,683.6335
Bangladesh,BGD,2012,677.1131
Bangladesh,BGD,2013,670.78876
Bangladesh,BGD,2014,664.7045
Bangladesh,BGD,2015,658.78973
Bangladesh,BGD,2016,652.93665
Bangladesh,BGD,2017,647.40424
Bangladesh,BGD,2018,642.1111
Bangladesh,BGD,2019,636.69916
Bangladesh,BGD,2020,631.39655
Bangladesh,BGD,2021,626.2717
Bangladesh,BGD,2022,619.88995
Barbados,BRB,1961,343.1297
Barbados,BRB,1962,340.10135
Barbados,BRB,1963,336.7613
Barbados,BRB,1964,333.39166
Barbados,BRB,1965,330.00986
Barbados,BRB,1966,326.53595
Barbados,BRB,1967,323.76736
Barbados,BRB,1968,321.8798
Barbados,BRB,1969,320.71326
Barbados,BRB,1970,320.78656
Barbados,BRB,1971,321.0685
Barbados,BRB,1972,320.43835
Barbados,BRB,1973,319.58838
Barbados,BRB,1974,319.0085
Barbados,BRB,1975,318.50302
Barbados,BRB,1976,318.16483
Barbados,BRB,1977,317.93216
Barbados,BRB,1978,318.02695
Barbados,BRB,1979,318.38388
Barbados,BRB,1980,318.0611
Barbados,BRB,1981,317.12054
Barbados,BRB,1982,316.08685
Barbados,BRB,1983,314.97055
Barbados,BRB,1984,313.82394
Barbados,BRB,1985,312.71988
Barbados,BRB,1986,311.74744
Barbados,BRB,1987,310.94647
Barbados,BRB,1988,310.3626
Barbados,BRB,1989,309.94656
Barbados,BRB,1990,309.3796
Barbados,BRB,1991,308.43613
Barbados,BRB,1992,307.37665
Barbados,BRB,1993,306.48172
Barbados,BRB,1994,305.78702
Barbados,BRB,1995,305.29807
Barbados,BRB,1996,305.01288
Barbados,BRB,1997,304.88733
Barbados,BRB,1998,304.8362
Barbados,BRB,1999,304.74216
Barbados,BRB,2000,305.2701
Barbados,BRB,2001,304.849
Barbados,BRB,2002,302.8605
Barbados,BRB,2003,301.00537
Barbados,BRB,2004,299.2914
Barbados,BRB,2005,297.72318
Barbados,BRB,2006,296.2941
Barbados,BRB,2007,294.88956
Barbados,BRB,2008,293.3476
Barbados,BRB,2009,291.83978
Barbados,BRB,2010,290.65225
Barbados,BRB,2011,289.70917
Barbados,BRB,2012,288.87332
Barbados,BRB,2013,288.11697
Barbados,BRB,2014,287.41
Barbados,BRB,2015,286.74863
Barbados,BRB,2016,286.1251
Barbados,BRB,2017,285.53992
Barbados,BRB,2018,284.9906
Barbados,BRB,2019,284.48795
Barbados,BRB,2020,283.99207
Barbados,BRB,2021,283.54013
Barbados,BRB,2022,283.3684
Belarus,BLR,1992,3327.9597
Belarus,BLR,1993,3320.6206
Belarus,BLR,1994,3324.5476
Belarus,BLR,1995,3335.3506
Belarus,BLR,1996,3346.5986
Belarus,BLR,1997,3360.5361
Belarus,BLR,1998,3375.7073
Belarus,BLR,1999,3390.9333
Belarus,BLR,2000,3406.9468
Belarus,BLR,2001,3424.4683
Belarus,BLR,2002,3446.3367
Belarus,BLR,2003,3470.539
Belarus,BLR,2004,3494.295
Belarus,BLR,2005,3518.243
Belarus,BLR,2006,3539.851
Belarus,BLR,2007,3556.1309
Belarus,BLR,2008,3568.4355
Belarus,BLR,2009,3577.2217
Belarus,BLR,2010,3585.047
Belarus,BLR,2011,3593.4563
Belarus,BLR,2012,3599.0886
Belarus,BLR,2013,3600.4702
Belarus,BLR,2014,3598.449
Belarus,BLR,2015,3593.6716
Belarus,BLR,2016,3590.5205
Belarus,BLR,2017,3594.4646
Belarus,BLR,2018,3602.1584
Belarus,BLR,2019,3609.4346
Belarus,BLR,2020,3624.752
Belarus,BLR,2021,3654.8982
Belarus,BLR,2022,3684.4104
Belgium,BEL,1961,1306.6276
Belgium,BEL,1962,1301.4369
Belgium,BEL,1963,1291.7435
Belgium,BEL,1964,1279.5751
Belgium,BEL,1965,1268.0074
Belgium,BEL,1966,1259.4713
Belgium,BEL,1967,1252.48
Belgium,BEL,1968,1247.5626
Belgium,BEL,1969,1244.0349
Belgium,BEL,1970,1242.8087
Belgium,BEL,1971,1240.5458
Belgium,BEL,1972,1235.6974
Belgium,BEL,1973,1231.8153
Belgium,BEL,1974,1227.9457
Belgium,BEL,1975,1224.4023
Belgium,BEL,1976,1222.2166
Belgium,BEL,1977,1220.7084
Belgium,BEL,1978,1219.57
Belgium,BEL,1979,1218.4742
Belgium,BEL,1980,1217.1321
Belgium,BEL,1981,1217.1642
Belgium,BEL,1982,1217.495
Belgium,BEL,1983,1217.5918
Belgium,BEL,1984,1217.6101
Belgium,BEL,1985,1217.2474
Belgium,BEL,1986,1216.8136
Belgium,BEL,1987,1215.7766
Belgium,BEL,1988,1211.9175
Belgium,BEL,1989,1207.5232
Belgium,BEL,1990,1203.9274
Belgium,BEL,1991,1199.4619
Belgium,BEL,1992,1194.6053
Belgium,BEL,1993,1189.9479
Belgium,BEL,1994,1186.2861
Belgium,BEL,1995,1183.8042
Belgium,BEL,1996,1181.4934
Belgium,BEL,1997,1178.6378
Belgium,BEL,1998,1176.1238
Belgium,BEL,1999,1173.4313
Belgium,BEL,2000,1170.589
Belgium,BEL,2001,1166.5696
Belgium,BEL,2002,1161.3519
Belgium,BEL,2003,1156.5002
Belgium,BEL,2004,1151.5059
Belgium,BEL,2005,1145.1893
Belgium,BEL,2006,1137.661
Belgium,BEL,2007,1129.3374
Belgium,BEL,2008,1120.451
Belgium,BEL,2009,1111.472
Belgium,BEL,2010,1101.3634
Belgium,BEL,2011,1087.1274
Belgium,BEL,2012,1080.4064
Belgium,BEL,2013,1075.3259
Belgium,BEL,2014,1070.5629
Belgium,BEL,2015,1064.3774
Belgium,BEL,2016,1059.0021
Belgium,BEL,2017,1054.9304
Belgium,BEL,2018,1050.1394
Belgium,BEL,2019,1044.4791
Belgium,BEL,2020,1039.9872
Belgium,BEL,2021,1035.7153
Belgium,BEL,2022,1027.3788
Belize,BLZ,1962,158888.81
Belize,BLZ,1963,154603.66
Belize,BLZ,1964,150192.42
Belize,BLZ,1965,145784.58
Belize,BLZ,1966,141419.39
Belize,BLZ,1967,137141.42
Belize,BLZ,1968,133027.64
Belize,BLZ,1969,129278.21
Belize,BLZ,1970,126391.47
Belize,BLZ,1971,124262.04
Belize,BLZ,1972,122397.25
Belize,BLZ,1973,120684.88
Belize,BLZ,1974,119046.69
Belize,BLZ,1975,117036.21
Belize,BLZ,1976,114651.5
Belize,BLZ,1977,112299.19
Belize,BLZ,1978,110011.32
Belize,BLZ,1979,107709.03
Belize,BLZ,1980,105196.4
Belize,BLZ,1981,102563.414
Belize,BLZ,1982,100034.086
Belize,BLZ,1983,97634.63
Belize,BLZ,1984,95348.78
Belize,BLZ,1985,93164.67
Belize,BLZ,1986,91075.12
Belize,BLZ,1987,89063.72
Belize,BLZ,1988,87110.4
Belize,BLZ,1989,85200.47
Belize,BLZ,1990,83353.36
Belize,BLZ,1991,81586.83
Belize,BLZ,1992,79902.4
Belize,BLZ,1993,78295.76
Belize,BLZ,1994,76646.055
Belize,BLZ,1995,74750.42
Belize,BLZ,1996,72559.555
Belize,BLZ,1997,70178.34
Belize,BLZ,1998,67770.12
Belize,BLZ,1999,65476.98
Belize,BLZ,2000,63372.355
Belize,BLZ,2001,61438.367
Belize,BLZ,2002,59607.28
Belize,BLZ,2003,57851.24
Belize,BLZ,2004,56167.367
Belize,BLZ,2005,54552.41
Belize,BLZ,2006,53008.566
Belize,BLZ,2007,51536.645
Belize,BLZ,2008,50137.83
Belize,BLZ,2009,48814.19
Belize,BLZ,2010,47651.016
Belize,BLZ,2011,46624.176
Belize,BLZ,2012,45632.062
Belize,BLZ,2013,44668.6
Belize,BLZ,2014,43734.58
Belize,BLZ,2015,42825.11
Belize,BLZ,2016,41842.035
Belize,BLZ,2017,40889.383
Belize,BLZ,2018,40134.027
Belize,BLZ,2019,39551.2
Belize,BLZ,2020,39046.906
Belize,BLZ,2021,38599.1
Belize,BLZ,2022,37891.11
Benin,BEN,1961,4024.659
Benin,BEN,1962,3954.4524
Benin,BEN,1963,3882.532
Benin,BEN,1964,3809.1675
Benin,BEN,1965,3734.677
Benin,BEN,1966,3659.858
Benin,BEN,1967,3585.1064
Benin,BEN,1968,3510.2583
Benin,BEN,1969,3435.3694
Benin,BEN,1970,3360.4595
Benin,BEN,1971,3285.7307
Benin,BEN,1972,3211.1807
Benin,BEN,1973,3136.9004
Benin,BEN,1974,3063.076
Benin,BEN,1975,2989.487
Benin,BEN,1976,2916.033
Benin,BEN,1977,2842.7893
Benin,BEN,1978,2770.0793
Benin,BEN,1979,2697.3745
Benin,BEN,1980,2624.0361
Benin,BEN,1981,2550.5737
Benin,BEN,1982,2477.9893
Benin,BEN,1983,2407.117
Benin,BEN,1984,2337.777
Benin,BEN,1985,2269.7163
Benin,BEN,1986,2203.0107
Benin,BEN,1987,2137.6008
Benin,BEN,1988,2073.544
Benin,BEN,1989,2011.0679
Benin,BEN,1990,1950.2113
Benin,BEN,1991,1890.9728
Benin,BEN,1992,1833.4436
Benin,BEN,1993,1753.8763
Benin,BEN,1994,1689.4923
Benin,BEN,1995,1654.1473
Benin,BEN,1996,1611.425
Benin,BEN,1997,1564.5494
Benin,BEN,1998,1517.0508
Benin,BEN,1999,1470.8364
Benin,BEN,2000,1426.273
Benin,BEN,2001,1383.368
Benin,BEN,2002,1341.9451
Benin,BEN,2003,1301.644
Benin,BEN,2004,1262.395
Benin,BEN,2005,1222.386
Benin,BEN,2006,1184.8284
Benin,BEN,2007,1150.3279
Benin,BEN,2008,1116.1118
Benin,BEN,2009,1083.1361
Benin,BEN,2010,1051.2903
Benin,BEN,2011,1020.4463
Benin,BEN,2012,990.6078
Benin,BEN,2013,961.82275
Benin,BEN,2014,933.8165
Benin,BEN,2015,906.6358
Benin,BEN,2016,880.5043
Benin,BEN,2017,855.4974
Benin,BEN,2018,831.7622
Benin,BEN,2019,809.31866
Benin,BEN,2020,788.0541
Benin,BEN,2021,767.8879
Benin,BEN,2022,748.57367
Bhutan,BTN,1961,411965.22
Bhutan,BTN,1962,399771.1
Bhutan,BTN,1963,387508.38
Bhutan,BTN,1964,375513.38
Bhutan,BTN,1965,363705.97
Bhutan,BTN,1966,352086.56
Bhutan,BTN,1967,340682.5
Bhutan,BTN,1968,329505.28
Bhutan,BTN,1969,318563.2
Bhutan,BTN,1970,307913.72
Bhutan,BTN,1971,297608.78
Bhutan,BTN,1972,287648.66
Bhutan,BTN,1973,278017.6
Bhutan,BTN,1974,268712.28
Bhutan,BTN,1975,259711.14
Bhutan,BTN,1976,250997.39
Bhutan,BTN,1977,242570.33
Bhutan,BTN,1978,234427.25
Bhutan,BTN,1979,226622.14
Bhutan,BTN,1980,219195.03
Bhutan,BTN,1981,212131.23
Bhutan,BTN,1982,205412.06
Bhutan,BTN,1983,198969.55
Bhutan,BTN,1984,192782.23
Bhutan,BTN,1985,186863.69
Bhutan,BTN,1986,181185.67
Bhutan,BTN,1987,175744.66
Bhutan,BTN,1988,170560.84
Bhutan,BTN,1989,165624.69
Bhutan,BTN,1990,161211.77
Bhutan,BTN,1991,158390.36
Bhutan,BTN,1992,164424.16
Bhutan,BTN,1993,171272.08
Bhutan,BTN,1994,146078.34
Bhutan,BTN,1995,147813.19
Bhutan,BTN,1996,147599.06
Bhutan,BTN,1997,144980.19
Bhutan,BTN,1998,142246.27
Bhutan,BTN,1999,139036.94
Bhutan,BTN,2000,135709.53
Bhutan,BTN,2001,132614.27
Bhutan,BTN,2002,129722.664
Bhutan,BTN,2003,127026.34
Bhutan,BTN,2004,119899.66
Bhutan,BTN,2005,117848.805
Bhutan,BTN,2006,116279.24
Bhutan,BTN,2007,114935.586
Bhutan,BTN,2008,113644.48
Bhutan,BTN,2009,112393.875
Bhutan,BTN,2010,111169.39
Bhutan,BTN,2011,109955.64
Bhutan,BTN,2012,108744.3
Bhutan,BTN,2013,107545.71
Bhutan,BTN,2014,106391.83
Bhutan,BTN,2015,105317.45
Bhutan,BTN,2016,104296.76
Bhutan,BTN,2017,103402.336
Bhutan,BTN,2018,102664.13
Bhutan,BTN,2019,101984.25
Bhutan,BTN,2020,101297.914
Bhutan,BTN,2021,100587.8
Bhutan,BTN,2022,99882.96
Bolivia,BOL,1961,80317.97
Bolivia,BOL,1962,78678.04
Bolivia,BOL,1963,77051.71
Bolivia,BOL,1964,75441.29
Bolivia,BOL,1965,73847.945
Bolivia,BOL,1966,72269.65
Bolivia,BOL,1967,70703.53
Bolivia,BOL,1968,69151.03
Bolivia,BOL,1969,67621.28
Bolivia,BOL,1970,66121.86
Bolivia,BOL,1971,64652.297
Bolivia,BOL,1972,63216.285
Bolivia,BOL,1973,61810.11
Bolivia,BOL,1974,60428.375
Bolivia,BOL,1975,59074.977
Bolivia,BOL,1976,57738.082
Bolivia,BOL,1977,56421.387
Bolivia,BOL,1978,55140.484
Bolivia,BOL,1979,53899.508
Bolivia,BOL,1980,52701.035
Bolivia,BOL,1981,51544.562
Bolivia,BOL,1982,50431.3
Bolivia,BOL,1983,49357.137
Bolivia,BOL,1984,48313.656
Bolivia,BOL,1985,47302.254
Bolivia,BOL,1986,46318.348
Bolivia,BOL,1987,45351.562
Bolivia,BOL,1988,44400.504
Bolivia,BOL,1989,43470.38
Bolivia,BOL,1990,42565.773
Bolivia,BOL,1991,41687.906
Bolivia,BOL,1992,40846.066
Bolivia,BOL,1993,40043.832
Bolivia,BOL,1994,39276.22
Bolivia,BOL,1995,38541.27
Bolivia,BOL,1996,37834.703
Bolivia,BOL,1997,37157.652
Bolivia,BOL,1998,36507.35
Bolivia,BOL,1999,35875.527
Bolivia,BOL,2000,35264.758
Bolivia,BOL,2001,34674.87
Bolivia,BOL,2002,34099.76
Bolivia,BOL,2003,33533.316
Bolivia,BOL,2004,32973.766
Bolivia,BOL,2005,32422.602
Bolivia,BOL,2006,31874.598
Bolivia,BOL,2007,31334.014
Bolivia,BOL,2008,30809.5
Bolivia,BOL,2009,30300.686
Bolivia,BOL,2010,29806.494
Bolivia,BOL,2011,29326.707
Bolivia,BOL,2012,28861.312
Bolivia,BOL,2013,28410.666
Bolivia,BOL,2014,27975.217
Bolivia,BOL,2015,27554.074
Bolivia,BOL,2016,27146.643
Bolivia,BOL,2017,26752.848
Bolivia,BOL,2018,26372.115
Bolivia,BOL,2019,26003.768
Bolivia,BOL,2020,25684.861
Bolivia,BOL,2021,25424.383
Bolivia,BOL,2022,25130.092
Bosnia and Herzegovina,BIH,1992,8383.287
Bosnia and Herzegovina,BIH,1993,9092.115
Bosnia and Herzegovina,BIH,1994,9529.147
Bosnia and Herzegovina,BIH,1995,9554.404
Bosnia and Herzegovina,BIH,1996,9160.709
Bosnia and Herzegovina,BIH,1997,8834.742
Bosnia and Herzegovina,BIH,1998,8681.073
Bosnia and Herzegovina,BIH,1999,8595.007
Bosnia and Herzegovina,BIH,2000,8534.124
Bosnia and Herzegovina,BIH,2001,8493.965
Bosnia and Herzegovina,BIH,2002,8476.596
Bosnia and Herzegovina,BIH,2003,8495.825
Bosnia and Herzegovina,BIH,2004,8572.835
Bosnia and Herzegovina,BIH,2005,8665.949
Bosnia and Herzegovina,BIH,2006,8736.802
Bosnia and Herzegovina,BIH,2007,8845.315
Bosnia and Herzegovina,BIH,2008,8992.934
Bosnia and Herzegovina,BIH,2009,9149.971
Bosnia and Herzegovina,BIH,2010,9313.987
Bosnia and Herzegovina,BIH,2011,9487.418
Bosnia and Herzegovina,BIH,2012,9672.727
Bosnia and Herzegovina,BIH,2013,9831.456
Bosnia and Herzegovina,BIH,2014,9958.402
Bosnia and Herzegovina,BIH,2015,10089.409
Bosnia and Herzegovina,BIH,2016,10221.701
Bosnia and Herzegovina,BIH,2017,10353.833
Bosnia and Herzegovina,BIH,2018,10481.252
Bosnia and Herzegovina,BIH,2019,10611.164
Bosnia and Herzegovina,BIH,2020,10759.698
Bosnia and Herzegovina,BIH,2021,10940.221
Bosnia and Herzegovina,BIH,2022,11077.127
Botswana,BWA,1961,4545.954
Botswana,BWA,1962,4442.914
Botswana,BWA,1963,4340.2305
Botswana,BWA,1964,4238.291
Botswana,BWA,1965,4176.3535
Botswana,BWA,1966,4153.212
Botswana,BWA,1967,4131.285
Botswana,BWA,1968,4109.828
Botswana,BWA,1969,4088.1265
Botswana,BWA,1970,4065.495
Botswana,BWA,1971,3996.796
Botswana,BWA,1972,3855.9978
Botswana,BWA,1973,3678.6797
Botswana,BWA,1974,3501.3596
Botswana,BWA,1975,3331.575
Botswana,BWA,1976,3164.1064
Botswana,BWA,1977,3001.5984
Botswana,BWA,1978,2826.0596
Botswana,BWA,1979,2661.5151
Botswana,BWA,1980,2560.041
Botswana,BWA,1981,2474.237
Botswana,BWA,1982,2377.9587
Botswana,BWA,1983,2294.1545
Botswana,BWA,1984,2214.7168
Botswana,BWA,1985,2139.1423
Botswana,BWA,1986,2067.807
Botswana,BWA,1987,2001.3893
Botswana,BWA,1988,1942.5712
Botswana,BWA,1989,1889.3562
Botswana,BWA,1990,1838.1001
Botswana,BWA,1991,1788.7008
Botswana,BWA,1992,1739.0889
Botswana,BWA,1993,1690.004
Botswana,BWA,1994,1643.8097
Botswana,BWA,1995,1601.2426
Botswana,BWA,1996,1562.5875
Botswana,BWA,1997,1527.0177
Botswana,BWA,1998,1493.5599
Botswana,BWA,1999,1461.6348
Botswana,BWA,2000,1430.8011
Botswana,BWA,2001,1401.6613
Botswana,BWA,2002,1375.545
Botswana,BWA,2003,1351.5522
Botswana,BWA,2004,1328.0609
Botswana,BWA,2005,1304.435
Botswana,BWA,2006,1280.3304
Botswana,BWA,2007,1255.7549
Botswana,BWA,2008,1230.7882
Botswana,BWA,2009,1205.6224
Botswana,BWA,2010,1180.4569
Botswana,BWA,2011,1157.4437
Botswana,BWA,2012,1138.1868
Botswana,BWA,2013,1121.1381
Botswana,BWA,2014,1104.95
Botswana,BWA,2015,1089.2886
Botswana,BWA,2016,1073.9331
Botswana,BWA,2017,1058.786
Botswana,BWA,2018,1043.8682
Botswana,BWA,2019,1029.1229
Botswana,BWA,2020,1014.4157
Botswana,BWA,2021,999.39996
Botswana,BWA,2022,983.6501
Brazil,BRA,1961,75879.18
Brazil,BRA,1962,73648.3
Brazil,BRA,1963,71509.56
Brazil,BRA,1964,69469.84
Brazil,BRA,1965,67539.53
Brazil,BRA,1966,65719.086
Brazil,BRA,1967,64005.066
Brazil,BRA,1968,62386.188
Brazil,BRA,1969,60841.02
Brazil,BRA,1970,59354.773
Brazil,BRA,1971,57919.4
Brazil,BRA,1972,56527.02
Brazil,BRA,1973,55174.914
Brazil,BRA,1974,53868.28
Brazil,BRA,1975,52601.96
Brazil,BRA,1976,51364.016
Brazil,BRA,1977,50152.695
Brazil,BRA,1978,48970.188
Brazil,BRA,1979,47820.246
Brazil,BRA,1980,46705.047
Brazil,BRA,1981,45630.004
Brazil,BRA,1982,44601.79
Brazil,BRA,1983,43616.586
Brazil,BRA,1984,42673.363
Brazil,BRA,1985,41773.79
Brazil,BRA,1986,40921.992
Brazil,BRA,1987,40119.08
Brazil,BRA,1988,39359.96
Brazil,BRA,1989,38640.855
Brazil,BRA,1990,37956.805
Brazil,BRA,1991,37311.105
Brazil,BRA,1992,36694.195
Brazil,BRA,1993,36104.566
Brazil,BRA,1994,35544.53
Brazil,BRA,1995,35001.684
Brazil,BRA,1996,34475.715
Brazil,BRA,1997,33967.02
Brazil,BRA,1998,33465.426
Brazil,BRA,1999,32981.527
Brazil,BRA,2000,32531.064
Brazil,BRA,2001,32109.82
Brazil,BRA,2002,31713.666
Brazil,BRA,2003,31341.578
Brazil,BRA,2004,30989.438
Brazil,BRA,2005,30651.678
Brazil,BRA,2006,30328.988
Brazil,BRA,2007,30023.496
Brazil,BRA,2008,29737.25
Brazil,BRA,2009,29472.102
Brazil,BRA,2010,29225.316
Brazil,BRA,2011,28988.441
Brazil,BRA,2012,28754.123
Brazil,BRA,2013,28522.01
Brazil,BRA,2014,28292.957
Brazil,BRA,2015,28069.84
Brazil,BRA,2016,27856.77
Brazil,BRA,2017,27654.639
Brazil,BRA,2018,27466.281
Brazil,BRA,2019,27287.785
Brazil,BRA,2020,27130.15
Brazil,BRA,2021,27014.994
Brazil,BRA,2022,26917.867
Brunei,BRN,1961,91875.01
Brunei,BRN,1962,87883.45
Brunei,BRN,1963,84026.14
Brunei,BRN,1964,80247.73
Brunei,BRN,1965,76688.5
Brunei,BRN,1966,73355.54
Brunei,BRN,1967,70238.06
Brunei,BRN,1968,67341.664
Brunei,BRN,1969,64665.336
Brunei,BRN,1970,62898.668
Brunei,BRN,1971,61629.484
Brunei,BRN,1972,59779.59
Brunei,BRN,1973,57678.344
Brunei,BRN,1974,55680.746
Brunei,BRN,1975,53773.645
Brunei,BRN,1976,51953.766
Brunei,BRN,1977,50213.555
Brunei,BRN,1978,48603.645
Brunei,BRN,1979,47111.77
Brunei,BRN,1980,45671.668
Brunei,BRN,1981,44276.137
Brunei,BRN,1982,42893.547
Brunei,BRN,1983,41515.867
Brunei,BRN,1984,40158.555
Brunei,BRN,1985,38827.145
Brunei,BRN,1986,37528.42
Brunei,BRN,1987,36346.53
Brunei,BRN,1988,35282.445
Brunei,BRN,1989,34265.35
Brunei,BRN,1990,33295.207
Brunei,BRN,1991,32369.115
Brunei,BRN,1992,31500.266
Brunei,BRN,1993,30689.133
Brunei,BRN,1994,29919.99
Brunei,BRN,1995,29190.062
Brunei,BRN,1996,28497.096
Brunei,BRN,1997,27837.729
Brunei,BRN,1998,27210.014
Brunei,BRN,1999,26611.482
Brunei,BRN,2000,26039.752
Brunei,BRN,2001,25499.107
Brunei,BRN,2002,24992.723
Brunei,BRN,2003,24521.33
Brunei,BRN,2004,24085.393
Brunei,BRN,2005,23682.422
Brunei,BRN,2006,23309.191
Brunei,BRN,2007,22918.896
Brunei,BRN,2008,22499.094
Brunei,BRN,2009,22080.676
Brunei,BRN,2010,21665.324
Brunei,BRN,2011,21282.51
Brunei,BRN,2012,20958.83
Brunei,BRN,2013,20671.105
Brunei,BRN,2014,20395.92
Brunei,BRN,2015,20132.066
Brunei,BRN,2016,19880.064
Brunei,BRN,2017,19640.826
Brunei,BRN,2018,19414.814
Brunei,BRN,2019,19201.229
Brunei,BRN,2020,18998.488
Brunei,BRN,2021,18816.924
Brunei,BRN,2022,18666.139
Bulgaria,BGR,1961,2643.798
Bulgaria,BGR,1962,2620.759
Bulgaria,BGR,1963,2599.6067
Bulgaria,BGR,1964,2578.4778
Bulgaria,BGR,1965,2559.6746
Bulgaria,BGR,1966,2542.971
Bulgaria,BGR,1967,2527.007
Bulgaria,BGR,1968,2509.0796
Bulgaria,BGR,1969,2489.8708
Bulgaria,BGR,1970,2473.6223
Bulgaria,BGR,1971,2460.055
Bulgaria,BGR,1972,2448.637
Bulgaria,BGR,1973,2435.9216
Bulgaria,BGR,1974,2419.7046
Bulgaria,BGR,1975,2408.052
Bulgaria,BGR,1976,2397.6438
Bulgaria,BGR,1977,2385.2297
Bulgaria,BGR,1978,2382.5645
Bulgaria,BGR,1979,2379.3499
Bulgaria,BGR,1980,2369.7925
Bulgaria,BGR,1981,2361.908
Bulgaria,BGR,1982,2354.9314
Bulgaria,BGR,1983,2349.062
Bulgaria,BGR,1984,2343.5725
Bulgaria,BGR,1985,2343.607
Bulgaria,BGR,1986,2344.2285
Bulgaria,BGR,1987,2340.7825
Bulgaria,BGR,1988,2338.1536
Bulgaria,BGR,1989,2365.6716
Bulgaria,BGR,1990,2408.7295
Bulgaria,BGR,1991,2432.7048
Bulgaria,BGR,1992,2458.9692
Bulgaria,BGR,1993,2478.6619
Bulgaria,BGR,1994,2487.0935
Bulgaria,BGR,1995,2498.1956
Bulgaria,BGR,1996,2511.1128
Bulgaria,BGR,1997,2526.447
Bulgaria,BGR,1998,2543.3625
Bulgaria,BGR,1999,2557.6619
Bulgaria,BGR,2000,2570.3254
Bulgaria,BGR,2001,2622.0037
Bulgaria,BGR,2002,2679.5417
Bulgaria,BGR,2003,2700.851
Bulgaria,BGR,2004,2721.3142
Bulgaria,BGR,2005,2741.8823
Bulgaria,BGR,2006,2762.7864
Bulgaria,BGR,2007,2783.1755
Bulgaria,BGR,2008,2802.78
Bulgaria,BGR,2009,2820.896
Bulgaria,BGR,2010,2839.5266
Bulgaria,BGR,2011,2857.793
Bulgaria,BGR,2012,2874.3938
Bulgaria,BGR,2013,2932.9587
Bulgaria,BGR,2014,2968.797
Bulgaria,BGR,2015,3006.776
Bulgaria,BGR,2016,3046.0657
Bulgaria,BGR,2017,3086.6611
Bulgaria,BGR,2018,3129.2852
Bulgaria,BGR,2019,3173.7751
Bulgaria,BGR,2020,3205.766
Bulgaria,BGR,2021,3227.1443
Bulgaria,BGR,2022,3248.2112
Burkina Faso,BFA,1961,2578.2637
Burkina Faso,BFA,1962,2540.8198
Burkina Faso,BFA,1963,2503.1926
Burkina Faso,BFA,1964,2464.9805
Burkina Faso,BFA,1965,2425.85
Burkina Faso,BFA,1966,2386.4375
Burkina Faso,BFA,1967,2346.8237
Burkina Faso,BFA,1968,2306.85
Burkina Faso,BFA,1969,2267.2952
Burkina Faso,BFA,1970,2228.0432
Burkina Faso,BFA,1971,2189.9092
Burkina Faso,BFA,1972,2152.4878
Burkina Faso,BFA,1973,2114.3699
Burkina Faso,BFA,1974,2074.722
Burkina Faso,BFA,1975,2033.3241
Burkina Faso,BFA,1976,1990.2446
Burkina Faso,BFA,1977,1944.3953
Burkina Faso,BFA,1978,1896.5302
Burkina Faso,BFA,1979,1848.0454
Burkina Faso,BFA,1980,1799.1047
Burkina Faso,BFA,1981,1750.6338
Burkina Faso,BFA,1982,1702.9515
Burkina Faso,BFA,1983,1655.3816
Burkina Faso,BFA,1984,1608.2847
Burkina Faso,BFA,1985,1562.5127
Burkina Faso,BFA,1986,1519.0464
Burkina Faso,BFA,1987,1478.0465
Burkina Faso,BFA,1988,1438.8597
Burkina Faso,BFA,1989,1401.1608
Burkina Faso,BFA,1990,1364.7247
Burkina Faso,BFA,1991,1330.5471
Burkina Faso,BFA,1992,1298.1248
Burkina Faso,BFA,1993,1266.2443
Burkina Faso,BFA,1994,1234.7145
Burkina Faso,BFA,1995,1203.4596
Burkina Faso,BFA,1996,1173.0544
Burkina Faso,BFA,1997,1143.1997
Burkina Faso,BFA,1998,1112.0339
Burkina Faso,BFA,1999,1079.9203
Burkina Faso,BFA,2000,1048.17
Burkina Faso,BFA,2001,1016.67334
Burkina Faso,BFA,2002,985.7347
Burkina Faso,BFA,2003,955.47253
Burkina Faso,BFA,2004,925.88934
Burkina Faso,BFA,2005,897.20715
Burkina Faso,BFA,2006,869.64343
Burkina Faso,BFA,2007,843.66504
Burkina Faso,BFA,2008,819.23737
Burkina Faso,BFA,2009,795.6682
Burkina Faso,BFA,2010,772.72595
Burkina Faso,BFA,2011,750.2142
Burkina Faso,BFA,2012,727.917
Burkina Faso,BFA,2013,706.3979
Burkina Faso,BFA,2014,685.7032
Burkina Faso,BFA,2015,665.6908
Burkina Faso,BFA,2016,646.5008
Burkina Faso,BFA,2017,628.3173
Burkina Faso,BFA,2018,611.5972
Burkina Faso,BFA,2019,596.3185
Burkina Faso,BFA,2020,581.97217
Burkina Faso,BFA,2021,568.3047
Burkina Faso,BFA,2022,555.33246
Burundi,BDI,1961,3548.352
Burundi,BDI,1962,3459.49
Burundi,BDI,1963,3387.3867
Burundi,BDI,1964,3292.262
Burundi,BDI,1965,3202.4275
Burundi,BDI,1966,3126.204
Burundi,BDI,1967,3047.8477
Burundi,BDI,1968,2975.9907
Burundi,BDI,1969,2912.0676
Burundi,BDI,1970,2849.5095
Burundi,BDI,1971,2781.0884
Burundi,BDI,1972,2781.2122
Burundi,BDI,1973,2785.1675
Burundi,BDI,1974,2716.2834
Burundi,BDI,1975,2649.731
Burundi,BDI,1976,2591.0298
Burundi,BDI,1977,2525.3655
Burundi,BDI,1978,2453.4563
Burundi,BDI,1979,2393.2266
Burundi,BDI,1980,2294.8618
Burundi,BDI,1981,2203.2346
Burundi,BDI,1982,2148.9343
Burundi,BDI,1983,2092.1165
Burundi,BDI,1984,2042.0322
Burundi,BDI,1985,1998.3942
Burundi,BDI,1986,1961.2377
Burundi,BDI,1987,1916.9985
Burundi,BDI,1988,1875.0022
Burundi,BDI,1989,1838.5491
Burundi,BDI,1990,1800.5918
Burundi,BDI,1991,1763.7189
Burundi,BDI,1992,1717.1903
Burundi,BDI,1993,1772.1117
Burundi,BDI,1994,1760.633
Burundi,BDI,1995,1658.3376
Burundi,BDI,1996,1657.193
Burundi,BDI,1997,1657.3197
Burundi,BDI,1998,1625.9615
Burundi,BDI,1999,1587.4631
Burundi,BDI,2000,1554.822
Burundi,BDI,2001,1516.347
Burundi,BDI,2002,1474.1802
Burundi,BDI,2003,1428.3374
Burundi,BDI,2004,1376.0735
Burundi,BDI,2005,1325.9
Burundi,BDI,2006,1278.9956
Burundi,BDI,2007,1232.56
Burundi,BDI,2008,1182.745
Burundi,BDI,2009,1124.3181
Burundi,BDI,2010,1072.9014
Burundi,BDI,2011,1035.1948
Burundi,BDI,2012,998.90497
Burundi,BDI,2013,963.66235
Burundi,BDI,2014,931.5
Burundi,BDI,2015,910.6067
Burundi,BDI,2016,895.0615
Burundi,BDI,2017,874.26855
Burundi,BDI,2018,848.269
Burundi,BDI,2019,820.86694
Burundi,BDI,2020,797.33466
Burundi,BDI,2021,775.90643
Burundi,BDI,2022,755.19305
Cambodia,KHM,1961,21647.166
Cambodia,KHM,1962,21166.963
Cambodia,KHM,1963,20710.938
Cambodia,KHM,1964,20281.936
Cambodia,KHM,1965,19860.715
Cambodia,KHM,1966,19447.748
Cambodia,KHM,1967,19043.275
Cambodia,KHM,1968,18647.59
Cambodia,KHM,1969,18259.654
Cambodia,KHM,1970,18164.889
Cambodia,KHM,1971,18215.102
Cambodia,KHM,1972,18070.432
Cambodia,KHM,1973,17893.902
Cambodia,KHM,1974,17779.115
Cambodia,KHM,1975,18324.45
Cambodia,KHM,1976,19657.73
Cambodia,KHM,1977,21275.277
Cambodia,KHM,1978,23140.451
Cambodia,KHM,1979,23699.066
Cambodia,KHM,1980,23192.879
Cambodia,KHM,1981,22821.48
Cambodia,KHM,1982,22183.668
Cambodia,KHM,1983,21397.385
Cambodia,KHM,1984,20632.607
Cambodia,KHM,1985,19954.389
Cambodia,KHM,1986,19186.428
Cambodia,KHM,1987,18389.838
Cambodia,KHM,1988,17704.016
Cambodia,KHM,1989,17049.617
Cambodia,KHM,1990,16353.092
Cambodia,KHM,1991,15689.132
Cambodia,KHM,1992,14864.879
Cambodia,KHM,1993,13996.596
Cambodia,KHM,1994,13053.132
Cambodia,KHM,1995,12037.733
Cambodia,KHM,1996,11165.354
Cambodia,KHM,1997,10422.624
Cambodia,KHM,1998,10001.516
Cambodia,KHM,1999,9832.271
Cambodia,KHM,2000,9677.158
Cambodia,KHM,2001,9527.207
Cambodia,KHM,2002,9381.388
Cambodia,KHM,2003,9240.694
Cambodia,KHM,2004,9105.508
Cambodia,KHM,2005,8973.747
Cambodia,KHM,2006,8842.272
Cambodia,KHM,2007,8712.759
Cambodia,KHM,2008,8581.505
Cambodia,KHM,2009,8447.266
Cambodia,KHM,2010,8316.825
Cambodia,KHM,2011,8191.4966
Cambodia,KHM,2012,8069.5425
Cambodia,KHM,2013,7949.792
Cambodia,KHM,2014,7832.8105
Cambodia,KHM,2015,7719.264
Cambodia,KHM,2016,7607.4873
Cambodia,KHM,2017,7503.093
Cambodia,KHM,2018,7410.356
Cambodia,KHM,2019,7317.3823
Cambodia,KHM,2020,7210.558
Cambodia,KHM,2021,7104.8564
Cambodia,KHM,2022,7010.9253
Cameroon,CMR,1961,52106.465
Cameroon,CMR,1962,51136.812
Cameroon,CMR,1963,50030.945
Cameroon,CMR,1964,48940.02
Cameroon,CMR,1965,47855.395
Cameroon,CMR,1966,46768.24
Cameroon,CMR,1967,45672.656
Cameroon,CMR,1968,44565.15
Cameroon,CMR,1969,43447.387
Cameroon,CMR,1970,42326.94
Cameroon,CMR,1971,41211.23
Cameroon,CMR,1972,40106.527
Cameroon,CMR,1973,39018.617
Cameroon,CMR,1974,37950.49
Cameroon,CMR,1975,36906.254
Cameroon,CMR,1976,35930.688
Cameroon,CMR,1977,35015.707
Cameroon,CMR,1978,34074.227
Cameroon,CMR,1979,33132.51
Cameroon,CMR,1980,32071.543
Cameroon,CMR,1981,30965.1
Cameroon,CMR,1982,30236.984
Cameroon,CMR,1983,29624.334
Cameroon,CMR,1984,28812.428
Cameroon,CMR,1985,27966.354
Cameroon,CMR,1986,27136.254
Cameroon,CMR,1987,26324.04
Cameroon,CMR,1988,25549.912
Cameroon,CMR,1989,24811.99
Cameroon,CMR,1990,24091.45
Cameroon,CMR,1991,23398.97
Cameroon,CMR,1992,22737.963
Cameroon,CMR,1993,22099.66
Cameroon,CMR,1994,21487.768
Cameroon,CMR,1995,20905.898
Cameroon,CMR,1996,20350.723
Cameroon,CMR,1997,19818.203
Cameroon,CMR,1998,19300.297
Cameroon,CMR,1999,18795
Cameroon,CMR,2000,18306.629
Cameroon,CMR,2001,17832.076
Cameroon,CMR,2002,17360.307
Cameroon,CMR,2003,16893.209
Cameroon,CMR,2004,16435.4
Cameroon,CMR,2005,15988.667
Cameroon,CMR,2006,15555.194
Cameroon,CMR,2007,15124.741
Cameroon,CMR,2008,14697.921
Cameroon,CMR,2009,14282.744
Cameroon,CMR,2010,13880.368
Cameroon,CMR,2011,13493.272
Cameroon,CMR,2012,13118.99
Cameroon,CMR,2013,12755.593
Cameroon,CMR,2014,12375.4
Cameroon,CMR,2015,11992.929
Cameroon,CMR,2016,11639.726
Cameroon,CMR,2017,11314.373
Cameroon,CMR,2018,11005.232
Cameroon,CMR,2019,10703.324
Cameroon,CMR,2020,10415.65
Cameroon,CMR,2021,10142.757
Cameroon,CMR,2022,9879.574
Canada,CAN,1961,155984.89
Canada,CAN,1962,153110.56
Canada,CAN,1963,150284.75
Canada,CAN,1964,147477.36
Canada,CAN,1965,144831.8
Canada,CAN,1966,142158.81
Canada,CAN,1967,139623.75
Canada,CAN,1968,137389.12
Canada,CAN,1969,135533.58
Canada,CAN,1970,133652.22
Canada,CAN,1971,129769.414
Canada,CAN,1972,128271.695
Canada,CAN,1973,126712.98
Canada,CAN,1974,124956.33
Canada,CAN,1975,123145.92
Canada,CAN,1976,121536.18
Canada,CAN,1977,120122.18
Canada,CAN,1978,118932.35
Canada,CAN,1979,117761.08
Canada,CAN,1980,116252.19
Canada,CAN,1981,114827.15
Canada,CAN,1982,113469.23
Canada,CAN,1983,112353.125
Canada,CAN,1984,111297.46
Canada,CAN,1985,110285.086
Canada,CAN,1986,109194.24
Canada,CAN,1987,107764.32
Canada,CAN,1988,106376.04
Canada,CAN,1989,104484.47
Canada,CAN,1990,102921.016
Canada,CAN,1991,101649.87
Canada,CAN,1992,100453.76
Canada,CAN,1993,99355.88
Canada,CAN,1994,98273.62
Canada,CAN,1995,97261.95
Canada,CAN,1996,96250.555
Canada,CAN,1997,95298.766
Canada,CAN,1998,94511.15
Canada,CAN,1999,93746.03
Canada,CAN,2000,92877.05
Canada,CAN,2001,91873.68
Canada,CAN,2002,90882.42
Canada,CAN,2003,90068.85
Canada,CAN,2004,89233.14
Canada,CAN,2005,88392.016
Canada,CAN,2006,87500.63
Canada,CAN,2007,86655.414
Canada,CAN,2008,85721.25
Canada,CAN,2009,84745.586
Canada,CAN,2010,83808.984
Canada,CAN,2011,82995.48
Canada,CAN,2012,82100.875
Canada,CAN,2013,81240.58
Canada,CAN,2014,80431.08
Canada,CAN,2015,79821.875
Canada,CAN,2016,78923.75
Canada,CAN,2017,77985.88
Canada,CAN,2018,76876.14
Canada,CAN,2019,75760.61
Canada,CAN,2020,74943.52
Canada,CAN,2021,74529.555
Canada,CAN,2022,73197.164
Cape Verde,CPV,1961,1394.7844
Cape Verde,CPV,1962,1351.8446
Cape Verde,CPV,1963,1307.9133
Cape Verde,CPV,1964,1265.7908
Cape Verde,CPV,1965,1225.21
Cape Verde,CPV,1966,1185.8833
Cape Verde,CPV,1967,1147.6488
Cape Verde,CPV,1968,1110.4366
Cape Verde,CPV,1969,1074.3138
Cape Verde,CPV,1970,1042.0828
Cape Verde,CPV,1971,1020.24854
Cape Verde,CPV,1972,1008.7899
Cape Verde,CPV,1973,1000.39685
Cape Verde,CPV,1974,991.5061
Cape Verde,CPV,1975,980.88257
Cape Verde,CPV,1976,969.4463
Cape Verde,CPV,1977,958.97504
Cape Verde,CPV,1978,948.92566
Cape Verde,CPV,1979,939.02594
Cape Verde,CPV,1980,927.92786
Cape Verde,CPV,1981,915.0638
Cape Verde,CPV,1982,901.6482
Cape Verde,CPV,1983,888.48346
Cape Verde,CPV,1984,875.8996
Cape Verde,CPV,1985,863.6449
Cape Verde,CPV,1986,851.51794
Cape Verde,CPV,1987,839.62585
Cape Verde,CPV,1988,827.9768
Cape Verde,CPV,1989,815.65405
Cape Verde,CPV,1990,799.08795
Cape Verde,CPV,1991,780.0596
Cape Verde,CPV,1992,762.5535
Cape Verde,CPV,1993,746.3336
Cape Verde,CPV,1994,731.30066
Cape Verde,CPV,1995,717.52484
Cape Verde,CPV,1996,704.9187
Cape Verde,CPV,1997,693.164
Cape Verde,CPV,1998,682.1531
Cape Verde,CPV,1999,671.8639
Cape Verde,CPV,2000,661.7886
Cape Verde,CPV,2001,651.7588
Cape Verde,CPV,2002,642.335
Cape Verde,CPV,2003,633.7363
Cape Verde,CPV,2004,625.8214
Cape Verde,CPV,2005,618.4101
Cape Verde,CPV,2006,611.3366
Cape Verde,CPV,2007,604.6071
Cape Verde,CPV,2008,598.3784
Cape Verde,CPV,2009,592.7202
Cape Verde,CPV,2010,588.48456
Cape Verde,CPV,2011,586.57104
Cape Verde,CPV,2012,585.989
Cape Verde,CPV,2013,585.6801
Cape Verde,CPV,2014,585.56464
Cape Verde,CPV,2015,585.48694
Cape Verde,CPV,2016,585.3042
Cape Verde,CPV,2017,584.9173
Cape Verde,CPV,2018,584.32263
Cape Verde,CPV,2019,583.5395
Cape Verde,CPV,2020,582.8876
Cape Verde,CPV,2021,580.66504
Cape Verde,CPV,2022,577.2106
Central African Republic,CAF,1961,81287.69
Central African Republic,CAF,1962,79745.945
Central African Republic,CAF,1963,78200.266
Central African Republic,CAF,1964,76647.805
Central African Republic,CAF,1965,75085.71
Central African Republic,CAF,1966,73510.94
Central African Republic,CAF,1967,71922.484
Central African Republic,CAF,1968,70320.68
Central African Republic,CAF,1969,68729.695
Central African Republic,CAF,1970,67222.73
Central African Republic,CAF,1971,65843.234
Central African Republic,CAF,1972,64567.27
Central African Republic,CAF,1973,63342.09
Central African Republic,CAF,1974,62132.656
Central African Republic,CAF,1975,60935.66
Central African Republic,CAF,1976,60036.637
Central African Republic,CAF,1977,59420.21
Central African Republic,CAF,1978,58799.957
Central African Republic,CAF,1979,58173.26
Central African Republic,CAF,1980,57538.457
Central African Republic,CAF,1981,56891.496
Central African Republic,CAF,1982,56234.11
Central African Republic,CAF,1983,55568.715
Central African Republic,CAF,1984,54893.504
Central African Republic,CAF,1985,54211.336
Central African Republic,CAF,1986,53525.508
Central African Republic,CAF,1987,52825.707
Central African Republic,CAF,1988,51953.508
Central African Republic,CAF,1989,50647.098
Central African Republic,CAF,1990,49096.246
Central African Republic,CAF,1991,47583.836
Central African Republic,CAF,1992,46096.043
Central African Republic,CAF,1993,44650.79
Central African Republic,CAF,1994,43278.695
Central African Republic,CAF,1995,42114.043
Central African Republic,CAF,1996,41036.508
Central African Republic,CAF,1997,39924.117
Central African Republic,CAF,1998,38855.53
Central African Republic,CAF,1999,37807.184
Central African Republic,CAF,2000,36781.816
Central African Republic,CAF,2001,35974.094
Central African Republic,CAF,2002,35196.527
Central African Republic,CAF,2003,34364.38
Central African Republic,CAF,2004,33628.87
Central African Republic,CAF,2005,32876.254
Central African Republic,CAF,2006,32209.584
Central African Republic,CAF,2007,31594.727
Central African Republic,CAF,2008,30927.943
Central African Republic,CAF,2009,31132.377
Central African Republic,CAF,2010,31382.186
Central African Republic,CAF,2011,30887.043
Central African Republic,CAF,2012,30580.059
Central African Republic,CAF,2013,30372.098
Central African Republic,CAF,2014,30498.475
Central African Republic,CAF,2015,30458.037
Central African Republic,CAF,2016,29913.043
Central African Republic,CAF,2017,29414.766
Central African Republic,CAF,2018,28901.396
Central African Republic,CAF,2019,28515.363
Central African Republic,CAF,2020,28050.613
Central African Republic,CAF,2021,27581.62
Central African Republic,CAF,2022,27657.693
Chad,TCD,1961,4820.1333
Chad,TCD,1962,4723.52
Chad,TCD,1963,4628.337
Chad,TCD,1964,4535.1763
Chad,TCD,1965,4445.4717
Chad,TCD,1966,4359.321
Chad,TCD,1967,4275.317
Chad,TCD,1968,4192.0156
Chad,TCD,1969,4108.3364
Chad,TCD,1970,4023.7908
Chad,TCD,1971,3939.7832
Chad,TCD,1972,3852.8203
Chad,TCD,1973,3763.257
Chad,TCD,1974,3677.9526
Chad,TCD,1975,3599.51
Chad,TCD,1976,3528.335
Chad,TCD,1977,3462.87
Chad,TCD,1978,3400.3074
Chad,TCD,1979,3329.3499
Chad,TCD,1980,3321.9258
Chad,TCD,1981,3317.8801
Chad,TCD,1982,3165.57
Chad,TCD,1983,3012.5745
Chad,TCD,1984,2973.1553
Chad,TCD,1985,2943.3298
Chad,TCD,1986,2856.5613
Chad,TCD,1987,2758.2102
Chad,TCD,1988,2666.3813
Chad,TCD,1989,2577.503
Chad,TCD,1990,2507.1733
Chad,TCD,1991,2417.142
Chad,TCD,1992,2316.7253
Chad,TCD,1993,2262.7349
Chad,TCD,1994,2211.2642
Chad,TCD,1995,2115.9353
Chad,TCD,1996,2024.262
Chad,TCD,1997,1955.5781
Chad,TCD,1998,1889.4448
Chad,TCD,1999,1824.2172
Chad,TCD,2000,1762.1989
Chad,TCD,2001,1703.7471
Chad,TCD,2002,1645.4238
Chad,TCD,2003,1580.9722
Chad,TCD,2004,1512.0913
Chad,TCD,2005,1452.3496
Chad,TCD,2006,1401.0281
Chad,TCD,2007,1353.5878
Chad,TCD,2008,1307.0419
Chad,TCD,2009,1261.1661
Chad,TCD,2010,1218.2667
Chad,TCD,2011,1176.0096
Chad,TCD,2012,1135.4176
Chad,TCD,2013,1095.6039
Chad,TCD,2014,1057.1809
Chad,TCD,2015,1024.0571
Chad,TCD,2016,992.4143
Chad,TCD,2017,960.1377
Chad,TCD,2018,928.4171
Chad,TCD,2019,898.9991
Chad,TCD,2020,870.8435
Chad,TCD,2021,841.3602
Chad,TCD,2022,812.7739
Chile,CHL,1961,106308.836
Chile,CHL,1962,104153.69
Chile,CHL,1963,102074.43
Chile,CHL,1964,100084.53
Chile,CHL,1965,98192.18
Chile,CHL,1966,96387.15
Chile,CHL,1967,94663.15
Chile,CHL,1968,93013.81
Chile,CHL,1969,91422.95
Chile,CHL,1970,89890.2
Chile,CHL,1971,88414.23
Chile,CHL,1972,86980.64
Chile,CHL,1973,85586.945
Chile,CHL,1974,84239.05
Chile,CHL,1975,82930.71
Chile,CHL,1976,81655.24
Chile,CHL,1977,80414.2
Chile,CHL,1978,79210.97
Chile,CHL,1979,78043.85
Chile,CHL,1980,76899.35
Chile,CHL,1981,75778.875
Chile,CHL,1982,74682.195
Chile,CHL,1983,73589.71
Chile,CHL,1984,72495.03
Chile,CHL,1985,71398.18
Chile,CHL,1986,70299.945
Chile,CHL,1987,69193.875
Chile,CHL,1988,68079.94
Chile,CHL,1989,66969.33
Chile,CHL,1990,65862.055
Chile,CHL,1991,64775.89
Chile,CHL,1992,63739.79
Chile,CHL,1993,62755.83
Chile,CHL,1994,61817.84
Chile,CHL,1995,60919.445
Chile,CHL,1996,60064.97
Chile,CHL,1997,59266.96
Chile,CHL,1998,58501.57
Chile,CHL,1999,57770.215
Chile,CHL,2000,57083.387
Chile,CHL,2001,56427.477
Chile,CHL,2002,55808.06
Chile,CHL,2003,55227.062
Chile,CHL,2004,54672.414
Chile,CHL,2005,54132.484
Chile,CHL,2006,53606.49
Chile,CHL,2007,53084.348
Chile,CHL,2008,52556.6
Chile,CHL,2009,52029.043
Chile,CHL,2010,51509
Chile,CHL,2011,51003.31
Chile,CHL,2012,50516.24
Chile,CHL,2013,50036.734
Chile,CHL,2014,49540.434
Chile,CHL,2015,49036.92
Chile,CHL,2016,48447.434
Chile,CHL,2017,47686.098
Chile,CHL,2018,46842.273
Chile,CHL,2019,46099.168
Chile,CHL,2020,45687.74
Chile,CHL,2021,45486.473
Chile,CHL,2022,45261.51
China,CHN,1961,4259.84
China,CHN,1962,4225.0327
China,CHN,1963,4122.462
China,CHN,1964,4027.894
China,CHN,1965,3933.1082
China,CHN,1966,3824.9932
China,CHN,1967,3727.9172
China,CHN,1968,3631.8447
China,CHN,1969,3533.683
China,CHN,1970,3437.4294
China,CHN,1971,3344.2913
China,CHN,1972,3263.1116
China,CHN,1973,3189.446
China,CHN,1974,3124.2295
China,CHN,1975,3069.5278
China,CHN,1976,3022.3975
China,CHN,1977,2981.4883
China,CHN,1978,2941.8562
China,CHN,1979,2902.8745
China,CHN,1980,2866.6936
China,CHN,1981,2830.2068
China,CHN,1982,2788.8323
China,CHN,1983,2748.825
China,CHN,1984,2712.994
China,CHN,1985,2676.3015
China,CHN,1986,2636.7888
China,CHN,1987,2594.8425
China,CHN,1988,2553.3982
China,CHN,1989,2514.5488
China,CHN,1990,2477.922
China,CHN,1991,2444.342
China,CHN,1992,2414.5686
China,CHN,1993,2386.9692
China,CHN,1994,2360.142
China,CHN,1995,2334.6377
China,CHN,1996,2310.2952
China,CHN,1997,2286.7712
China,CHN,1998,2264.9333
China,CHN,1999,2245.407
China,CHN,2000,2227.7837
China,CHN,2001,2211.6602
China,CHN,2002,2196.8916
China,CHN,2003,2183.2505
China,CHN,2004,2170.322
China,CHN,2005,2157.5952
China,CHN,2006,2145.5813
China,CHN,2007,2134.4048
China,CHN,2008,2123.4963
China,CHN,2009,2112.9607
China,CHN,2010,2102.7805
China,CHN,2011,2091.321
China,CHN,2012,2077.1826
China,CHN,2013,2063.393
China,CHN,2014,2050.428
China,CHN,2015,2038.5402
China,CHN,2016,2026.8917
China,CHN,2017,2014.661
China,CHN,2018,2005.2611
China,CHN,2019,1998.1602
China,CHN,2020,1993.4094
China,CHN,2021,1991.631
China,CHN,2022,1991.892
Colombia,COL,1961,133269.52
Colombia,COL,1962,129224.43
Colombia,COL,1963,125337.28
Colombia,COL,1964,121616.49
Colombia,COL,1965,118057.91
Colombia,COL,1966,114689.4
Colombia,COL,1967,111511.88
Colombia,COL,1968,108515.31
Colombia,COL,1969,105706.984
Colombia,COL,1970,103066.62
Colombia,COL,1971,100614.02
Colombia,COL,1972,98306.27
Colombia,COL,1973,96079.016
Colombia,COL,1974,93941.05
Colombia,COL,1975,91884.03
Colombia,COL,1976,89903.9
Colombia,COL,1977,87933.28
Colombia,COL,1978,85970.78
Colombia,COL,1979,84066.13
Colombia,COL,1980,82169.75
Colombia,COL,1981,80297.18
Colombia,COL,1982,78461.266
Colombia,COL,1983,76639.516
Colombia,COL,1984,74888.22
Colombia,COL,1985,73287.055
Colombia,COL,1986,71789.28
Colombia,COL,1987,70329.1
Colombia,COL,1988,68903.44
Colombia,COL,1989,67503.19
Colombia,COL,1990,66121.93
Colombia,COL,1991,64806.812
Colombia,COL,1992,63535.656
Colombia,COL,1993,62279.566
Colombia,COL,1994,61063.426
Colombia,COL,1995,59908.4
Colombia,COL,1996,58827.168
Colombia,COL,1997,57783.773
Colombia,COL,1998,56757.797
Colombia,COL,1999,55779.68
Colombia,COL,2000,54873.46
Colombia,COL,2001,54017.625
Colombia,COL,2002,53193.23
Colombia,COL,2003,52397.04
Colombia,COL,2004,51633.035
Colombia,COL,2005,50915.074
Colombia,COL,2006,50244.684
Colombia,COL,2007,49612.152
Colombia,COL,2008,49018.703
Colombia,COL,2009,48450.99
Colombia,COL,2010,47903.715
Colombia,COL,2011,47393.246
Colombia,COL,2012,46920.31
Colombia,COL,2013,46477.277
Colombia,COL,2014,46064.215
Colombia,COL,2015,45667.504
Colombia,COL,2016,45217.38
Colombia,COL,2017,44565.8
Colombia,COL,2018,43753.664
Colombia,COL,2019,42979.094
Colombia,COL,2020,42366.188
Colombia,COL,2021,41904.21
Colombia,COL,2022,41458.934
Comoros,COM,1961,5964.185
Comoros,COM,1962,5862.18
Comoros,COM,1963,5764.104
Comoros,COM,1964,5669.8984
Comoros,COM,1965,5582.252
Comoros,COM,1966,5487.897
Comoros,COM,1967,5360.517
Comoros,COM,1968,5211.8623
Comoros,COM,1969,5063.2695
Comoros,COM,1970,4914.3066
Comoros,COM,1971,4764.457
Comoros,COM,1972,4614.018
Comoros,COM,1973,4463.9536
Comoros,COM,1974,4315.3823
Comoros,COM,1975,4171.1274
Comoros,COM,1976,4033.0984
Comoros,COM,1977,3901.4368
Comoros,COM,1978,3777.291
Comoros,COM,1979,3660.8694
Comoros,COM,1980,3553.2288
Comoros,COM,1981,3454.4104
Comoros,COM,1982,3360.0364
Comoros,COM,1983,3267.6802
Comoros,COM,1984,3177.6548
Comoros,COM,1985,3089.9802
Comoros,COM,1986,3005.1238
Comoros,COM,1987,2923.6987
Comoros,COM,1988,2845.7126
Comoros,COM,1989,2770.7036
Comoros,COM,1990,2699.0796
Comoros,COM,1991,2634.1438
Comoros,COM,1992,2580.0183
Comoros,COM,1993,2533.3452
Comoros,COM,1994,2488.8933
Comoros,COM,1995,2446.0542
Comoros,COM,1996,2404.2942
Comoros,COM,1997,2363.2422
Comoros,COM,1998,2322.8938
Comoros,COM,1999,2281.8633
Comoros,COM,2000,2238.472
Comoros,COM,2001,2192.9023
Comoros,COM,2002,2146.9863
Comoros,COM,2003,2106.0095
Comoros,COM,2004,2066.4573
Comoros,COM,2005,2024.7115
Comoros,COM,2006,1984.2811
Comoros,COM,2007,1945.1248
Comoros,COM,2008,1906.8595
Comoros,COM,2009,1869.3132
Comoros,COM,2010,1832.5199
Comoros,COM,2011,1796.2566
Comoros,COM,2012,1760.4858
Comoros,COM,2013,1723.6625
Comoros,COM,2014,1686.5706
Comoros,COM,2015,1651.3413
Comoros,COM,2016,1617.8154
Comoros,COM,2017,1585.8982
Comoros,COM,2018,1555.2301
Comoros,COM,2019,1525.5957
Comoros,COM,2020,1495.9553
Comoros,COM,2021,1466.6807
Comoros,COM,2022,1438.5247
Congo,COG,1961,204723.58
Congo,COG,1962,199429.56
Congo,COG,1963,194181.05
Congo,COG,1964,188965.77
Congo,COG,1965,183793.1
Congo,COG,1966,178667.14
Congo,COG,1967,173615.05
Congo,COG,1968,168626.5
Congo,COG,1969,163694.84
Congo,COG,1970,158839.4
Congo,COG,1971,154055.52
Congo,COG,1972,149347.31
Congo,COG,1973,144749.88
Congo,COG,1974,140302
Congo,COG,1975,136444.77
Congo,COG,1976,133155.39
Congo,COG,1977,130009.46
Congo,COG,1978,126995.82
Congo,COG,1979,124124.695
Congo,COG,1980,121378.8
Congo,COG,1981,118731.88
Congo,COG,1982,116204.2
Congo,COG,1983,113827.414
Congo,COG,1984,111026.2
Congo,COG,1985,107803.05
Congo,COG,1986,104687.25
Congo,COG,1987,101672.88
Congo,COG,1988,98769.695
Congo,COG,1989,95956.1
Congo,COG,1990,93255.37
Congo,COG,1991,90640.766
Congo,COG,1992,88113.945
Congo,COG,1993,85545.05
Congo,COG,1994,83048.27
Congo,COG,1995,80743.1
Congo,COG,1996,78534.445
Congo,COG,1997,76873.48
Congo,COG,1998,75201.695
Congo,COG,1999,73197.9
Congo,COG,2000,70446.11
Congo,COG,2001,67837.27
Congo,COG,2002,66253.41
Congo,COG,2003,64427.137
Congo,COG,2004,62262.414
Congo,COG,2005,60058.55
Congo,COG,2006,57851.535
Congo,COG,2007,55772.867
Congo,COG,2008,53968.418
Congo,COG,2009,51854.39
Congo,COG,2010,49750.242
Congo,COG,2011,48159.066
Congo,COG,2012,46830.996
Congo,COG,2013,45706.297
Congo,COG,2014,44615.223
Congo,COG,2015,43550.066
Congo,COG,2016,42508.086
Congo,COG,2017,41487.49
Congo,COG,2018,40487.914
Congo,COG,2019,39525.26
Congo,COG,2020,38589.965
Congo,COG,2021,37677.04
Congo,COG,2022,36784.785
Costa Rica,CRI,1961,82007.664
Costa Rica,CRI,1962,79051.66
Costa Rica,CRI,1963,76268.695
Costa Rica,CRI,1964,73665.55
Costa Rica,CRI,1965,71239.08
Costa Rica,CRI,1966,68981.69
Costa Rica,CRI,1967,66882.78
Costa Rica,CRI,1968,64952.57
Costa Rica,CRI,1969,63154.035
Costa Rica,CRI,1970,61448.14
Costa Rica,CRI,1971,59834.613
Costa Rica,CRI,1972,58300.074
Costa Rica,CRI,1973,56831.242
Costa Rica,CRI,1974,55401.85
Costa Rica,CRI,1975,53996.74
Costa Rica,CRI,1976,52612.613
Costa Rica,CRI,1977,51246.586
Costa Rica,CRI,1978,49900.42
Costa Rica,CRI,1979,48571.023
Costa Rica,CRI,1980,47267.816
Costa Rica,CRI,1981,45997.84
Costa Rica,CRI,1982,44755.914
Costa Rica,CRI,1983,43542.71
Costa Rica,CRI,1984,42360.254
Costa Rica,CRI,1985,41212.387
Costa Rica,CRI,1986,40110.52
Costa Rica,CRI,1987,39063.863
Costa Rica,CRI,1988,38071.453
Costa Rica,CRI,1989,37124.316
Costa Rica,CRI,1990,36198.156
Costa Rica,CRI,1991,35288.504
Costa Rica,CRI,1992,34406.555
Costa Rica,CRI,1993,33556.707
Costa Rica,CRI,1994,32742.975
Costa Rica,CRI,1995,31964.463
Costa Rica,CRI,1996,31223.982
Costa Rica,CRI,1997,30526.424
Costa Rica,CRI,1998,29871.752
Costa Rica,CRI,1999,29258.686
Costa Rica,CRI,2000,28696.67
Costa Rica,CRI,2001,28186.953
Costa Rica,CRI,2002,27725.266
Costa Rica,CRI,2003,27302.705
Costa Rica,CRI,2004,26904.262
Costa Rica,CRI,2005,26518.104
Costa Rica,CRI,2006,26149.297
Costa Rica,CRI,2007,25797.627
Costa Rica,CRI,2008,25450.129
Costa Rica,CRI,2009,25112.277
Costa Rica,CRI,2010,24802.666
Costa Rica,CRI,2011,24512.818
Costa Rica,CRI,2012,24228.473
Costa Rica,CRI,2013,23960.236
Costa Rica,CRI,2014,23704.045
Costa Rica,CRI,2015,23453.53
Costa Rica,CRI,2016,23217.598
Costa Rica,CRI,2017,22999.375
Costa Rica,CRI,2018,22792.285
Costa Rica,CRI,2019,22602.021
Costa Rica,CRI,2020,22445.932
Costa Rica,CRI,2021,22332.068
Costa Rica,CRI,2022,22236.37
Cote d'Ivoire,CIV,1961,20167.18
Cote d'Ivoire,CIV,1962,19419.05
Cote d'Ivoire,CIV,1963,18686.494
Cote d'Ivoire,CIV,1964,17978.676
Cote d'Ivoire,CIV,1965,17297.047
Cote d'Ivoire,CIV,1966,16640.97
Cote d'Ivoire,CIV,1967,16009.1875
Cote d'Ivoire,CIV,1968,15398.732
Cote d'Ivoire,CIV,1969,14799.062
Cote d'Ivoire,CIV,1970,14199.215
Cote d'Ivoire,CIV,1971,13597.911
Cote d'Ivoire,CIV,1972,13002.316
Cote d'Ivoire,CIV,1973,12423.718
Cote d'Ivoire,CIV,1974,11868.91
Cote d'Ivoire,CIV,1975,11339.526
Cote d'Ivoire,CIV,1976,10887.002
Cote d'Ivoire,CIV,1977,10494.472
Cote d'Ivoire,CIV,1978,10106.364
Cote d'Ivoire,CIV,1979,9723.792
Cote d'Ivoire,CIV,1980,9347.12
Cote d'Ivoire,CIV,1981,8980.207
Cote d'Ivoire,CIV,1982,8626.017
Cote d'Ivoire,CIV,1983,8286.651
Cote d'Ivoire,CIV,1984,7962.2686
Cote d'Ivoire,CIV,1985,7653.018
Cote d'Ivoire,CIV,1986,7359.507
Cote d'Ivoire,CIV,1987,7081.065
Cote d'Ivoire,CIV,1988,6814.9634
Cote d'Ivoire,CIV,1989,6556.442
Cote d'Ivoire,CIV,1990,6303.642
Cote d'Ivoire,CIV,1991,6058.088
Cote d'Ivoire,CIV,1992,5821.075
Cote d'Ivoire,CIV,1993,5594.0796
Cote d'Ivoire,CIV,1994,5378.24
Cote d'Ivoire,CIV,1995,5172.472
Cote d'Ivoire,CIV,1996,4975.939
Cote d'Ivoire,CIV,1997,4788.3833
Cote d'Ivoire,CIV,1998,4611.1523
Cote d'Ivoire,CIV,1999,4463.3066
Cote d'Ivoire,CIV,2000,4341.4873
Cote d'Ivoire,CIV,2001,4226.8755
Cote d'Ivoire,CIV,2002,4119.0537
Cote d'Ivoire,CIV,2003,4017.6638
Cote d'Ivoire,CIV,2004,3921.4084
Cote d'Ivoire,CIV,2005,3828.894
Cote d'Ivoire,CIV,2006,3739.7546
Cote d'Ivoire,CIV,2007,3653.731
Cote d'Ivoire,CIV,2008,3571.555
Cote d'Ivoire,CIV,2009,3493.0544
Cote d'Ivoire,CIV,2010,3416.9236
Cote d'Ivoire,CIV,2011,3343.4863
Cote d'Ivoire,CIV,2012,3274.3745
Cote d'Ivoire,CIV,2013,3209.721
Cote d'Ivoire,CIV,2014,3132.8235
Cote d'Ivoire,CIV,2015,3043.6091
Cote d'Ivoire,CIV,2016,2956.5894
Cote d'Ivoire,CIV,2017,2874.31
Cote d'Ivoire,CIV,2018,2797.827
Cote d'Ivoire,CIV,2019,2725.4983
Cote d'Ivoire,CIV,2020,2657.403
Cote d'Ivoire,CIV,2021,2592.4658
Cote d'Ivoire,CIV,2022,2528.047
Croatia,HRV,1992,8238.964
Croatia,HRV,1993,8194.827
Croatia,HRV,1994,8103.9995
Croatia,HRV,1995,8160.12
Croatia,HRV,1996,8272.811
Croatia,HRV,1997,8313.267
Croatia,HRV,1998,8318.375
Croatia,HRV,1999,8354.391
Croatia,HRV,2000,8437.21
Croatia,HRV,2001,8768.172
Croatia,HRV,2002,8763.012
Croatia,HRV,2003,8760.517
Croatia,HRV,2004,8758.073
Croatia,HRV,2005,8746.806
Croatia,HRV,2006,8744.748
Croatia,HRV,2007,8746.659
Croatia,HRV,2008,8747.698
Croatia,HRV,2009,8756.891
Croatia,HRV,2010,8776.775
Croatia,HRV,2011,8807.131
Croatia,HRV,2012,8849.001
Croatia,HRV,2013,8904.273
Croatia,HRV,2014,8972.776
Croatia,HRV,2015,9080.5625
Croatia,HRV,2016,9179.747
Croatia,HRV,2017,9328.435
Croatia,HRV,2018,9451.523
Croatia,HRV,2019,9545.778
Croatia,HRV,2020,9631.583
Croatia,HRV,2021,9719.047
Croatia,HRV,2022,9777.881
Cuba,CUB,1961,5160.3354
Cuba,CUB,1962,5054.967
Cuba,CUB,1963,4949.5825
Cuba,CUB,1964,4846.161
Cuba,CUB,1965,4746.727
Cuba,CUB,1966,4652.4966
Cuba,CUB,1967,4563.835
Cuba,CUB,1968,4479.6875
Cuba,CUB,1969,4398.475
Cuba,CUB,1970,4319.849
Cuba,CUB,1971,4245.4214
Cuba,CUB,1972,4178.042
Cuba,CUB,1973,4118.7085
Cuba,CUB,1974,4066.4878
Cuba,CUB,1975,4021.2134
Cuba,CUB,1976,3982.7642
Cuba,CUB,1977,3950.8977
Cuba,CUB,1978,3925.0493
Cuba,CUB,1979,3904.3955
Cuba,CUB,1980,3887.8933
Cuba,CUB,1981,3870.3179
Cuba,CUB,1982,3845.579
Cuba,CUB,1983,3815.424
Cuba,CUB,1984,3784.2617
Cuba,CUB,1985,3752.9924
Cuba,CUB,1986,3721.113
Cuba,CUB,1987,3688.3152
Cuba,CUB,1988,3653.9363
Cuba,CUB,1989,3619.0183
Cuba,CUB,1990,3585.4705
Cuba,CUB,1991,3556.7532
Cuba,CUB,1992,3534.2761
Cuba,CUB,1993,3516.2708
Cuba,CUB,1994,3501.7385
Cuba,CUB,1995,3489.1292
Cuba,CUB,1996,3477.4644
Cuba,CUB,1997,3466.1055
Cuba,CUB,1998,3454.5532
Cuba,CUB,1999,3442.8477
Cuba,CUB,2000,3431.4182
Cuba,CUB,2001,3420.6343
Cuba,CUB,2002,3410.4478
Cuba,CUB,2003,3400.7224
Cuba,CUB,2004,3391.8345
Cuba,CUB,2005,3384.6675
Cuba,CUB,2006,3379.8672
Cuba,CUB,2007,3377.2554
Cuba,CUB,2008,3375.9124
Cuba,CUB,2009,3375.0286
Cuba,CUB,2010,3374.225
Cuba,CUB,2011,3372.9824
Cuba,CUB,2012,3372.5037
Cuba,CUB,2013,3373.9985
Cuba,CUB,2014,3377.7034
Cuba,CUB,2015,3380.9119
Cuba,CUB,2016,3383.7488
Cuba,CUB,2017,3389.0984
Cuba,CUB,2018,3395.3503
Cuba,CUB,2019,3402.7068
Cuba,CUB,2020,3410.7725
Cuba,CUB,2021,3427.3894
Cuba,CUB,2022,3446.7107
Cyprus,CYP,1961,1309.7928
Cyprus,CYP,1962,1296.8314
Cyprus,CYP,1963,1284.475
Cyprus,CYP,1964,1273.4258
Cyprus,CYP,1965,1262.6753
Cyprus,CYP,1966,1251.2231
Cyprus,CYP,1967,1239.569
Cyprus,CYP,1968,1228.0428
Cyprus,CYP,1969,1216.49
Cyprus,CYP,1970,1204.7336
Cyprus,CYP,1971,1192.5693
Cyprus,CYP,1972,1179.9178
Cyprus,CYP,1973,1171.282
Cyprus,CYP,1974,1176.02
Cyprus,CYP,1975,1182.8845
Cyprus,CYP,1976,1178.1908
Cyprus,CYP,1977,1169.2383
Cyprus,CYP,1978,1160.2843
Cyprus,CYP,1979,1151.2083
Cyprus,CYP,1980,1141.8934
Cyprus,CYP,1981,1132.2513
Cyprus,CYP,1982,1119.89
Cyprus,CYP,1983,1102.9022
Cyprus,CYP,1984,1084.3363
Cyprus,CYP,1985,1066.6273
Cyprus,CYP,1986,1049.6498
Cyprus,CYP,1987,1033.4069
Cyprus,CYP,1988,1017.9645
Cyprus,CYP,1989,1003.31866
Cyprus,CYP,1990,989.407
Cyprus,CYP,1991,976.2887
Cyprus,CYP,1992,962.55774
Cyprus,CYP,1993,944.27106
Cyprus,CYP,1994,923.44086
Cyprus,CYP,1995,904.14343
Cyprus,CYP,1996,886.07166
Cyprus,CYP,1997,869.01495
Cyprus,CYP,1998,852.8803
Cyprus,CYP,1999,837.59827
Cyprus,CYP,2000,823.0739
Cyprus,CYP,2001,809.02203
Cyprus,CYP,2002,794.75055
Cyprus,CYP,2003,780.31995
Cyprus,CYP,2004,766.30237
Cyprus,CYP,2005,752.786
Cyprus,CYP,2006,739.74457
Cyprus,CYP,2007,727.1276
Cyprus,CYP,2008,714.9234
Cyprus,CYP,2009,703.10114
Cyprus,CYP,2010,691.6022
Cyprus,CYP,2011,680.3356
Cyprus,CYP,2012,669.2998
Cyprus,CYP,2013,658.8422
Cyprus,CYP,2014,649.02594
Cyprus,CYP,2015,639.60535
Cyprus,CYP,2016,630.50073
Cyprus,CYP,2017,621.87317
Cyprus,CYP,2018,613.817
Cyprus,CYP,2019,606.2156
Cyprus,CYP,2020,598.9647
Cyprus,CYP,2021,592.1162
Cyprus,CYP,2022,585.8627
Czechia,CZE,1993,1273.0092
Czechia,CZE,1994,1272.5494
Czechia,CZE,1995,1273.33
Czechia,CZE,1996,1274.8126
Czechia,CZE,1997,1276.1871
Czechia,CZE,1998,1277.3969
Czechia,CZE,1999,1278.7028
Czechia,CZE,2000,1282.2935
Czechia,CZE,2001,1287.1204
Czechia,CZE,2002,1289.6056
Czechia,CZE,2003,1289.9747
Czechia,CZE,2004,1289.5822
Czechia,CZE,2005,1287.7996
Czechia,CZE,2006,1284.317
Czechia,CZE,2007,1276.8444
Czechia,CZE,2008,1266.2979
Czechia,CZE,2009,1259.1039
Czechia,CZE,2010,1255.4407
Czechia,CZE,2011,1252.8478
Czechia,CZE,2012,1251.096
Czechia,CZE,2013,1250.681
Czechia,CZE,2014,1249.365
Czechia,CZE,2015,1246.9113
Czechia,CZE,2016,1244.5189
Czechia,CZE,2017,1241.2173
Czechia,CZE,2018,1237.0732
Czechia,CZE,2019,1232.2114
Czechia,CZE,2020,1229.218
Czechia,CZE,2021,1251.6929
Czechia,CZE,2022,1232.1827
Democratic Republic of Congo,COD,1961,57462.555
Democratic Republic of Congo,COD,1962,55985.035
Democratic Republic of Congo,COD,1963,54520.344
Democratic Republic of Congo,COD,1964,53080.664
Democratic Republic of Congo,COD,1965,51641.625
Democratic Republic of Congo,COD,1966,50189.805
Democratic Republic of Congo,COD,1967,48746.715
Democratic Republic of Congo,COD,1968,47338.05
Democratic Republic of Congo,COD,1969,45987.71
Democratic Republic of Congo,COD,1970,44692.88
Democratic Republic of Congo,COD,1971,43487.57
Democratic Republic of Congo,COD,1972,42350.63
Democratic Republic of Congo,COD,1973,41232.08
Democratic Republic of Congo,COD,1974,40144.74
Democratic Republic of Congo,COD,1975,39094.566
Democratic Republic of Congo,COD,1976,38096.8
Democratic Republic of Congo,COD,1977,37145.477
Democratic Republic of Congo,COD,1978,36010.53
Democratic Republic of Congo,COD,1979,34766.777
Democratic Republic of Congo,COD,1980,33693.86
Democratic Republic of Congo,COD,1981,32726.66
Democratic Republic of Congo,COD,1982,31759.262
Democratic Republic of Congo,COD,1983,30768.219
Democratic Republic of Congo,COD,1984,29756.904
Democratic Republic of Congo,COD,1985,28786.352
Democratic Republic of Congo,COD,1986,27893.834
Democratic Republic of Congo,COD,1987,27027.916
Democratic Republic of Congo,COD,1988,26175.916
Democratic Republic of Congo,COD,1989,25361.496
Democratic Republic of Congo,COD,1990,24533.814
Democratic Republic of Congo,COD,1991,23730.537
Democratic Republic of Congo,COD,1992,22942.264
Democratic Republic of Congo,COD,1993,22136.771
Democratic Republic of Congo,COD,1994,21113.44
Democratic Republic of Congo,COD,1995,20254.895
Democratic Republic of Congo,COD,1996,19869.25
Democratic Republic of Congo,COD,1997,19552.508
Democratic Republic of Congo,COD,1998,19028.45
Democratic Republic of Congo,COD,1999,18400.027
Democratic Republic of Congo,COD,2000,17819.156
Democratic Republic of Congo,COD,2001,17263.654
Democratic Republic of Congo,COD,2002,16744.023
Democratic Republic of Congo,COD,2003,16261.965
Democratic Republic of Congo,COD,2004,15790.1
Democratic Republic of Congo,COD,2005,15312.444
Democratic Republic of Congo,COD,2006,14847.588
Democratic Republic of Congo,COD,2007,14405.128
Democratic Republic of Congo,COD,2008,13977.182
Democratic Republic of Congo,COD,2009,13551.759
Democratic Republic of Congo,COD,2010,13126.606
Democratic Republic of Congo,COD,2011,12703.017
Democratic Republic of Congo,COD,2012,12285.915
Democratic Republic of Congo,COD,2013,11875.013
Democratic Republic of Congo,COD,2014,11479.117
Democratic Republic of Congo,COD,2015,11106.239
Democratic Republic of Congo,COD,2016,10719.848
Democratic Republic of Congo,COD,2017,10334.921
Democratic Republic of Congo,COD,2018,9994.709
Democratic Republic of Congo,COD,2019,9682.892
Democratic Republic of Congo,COD,2020,9375.977
Democratic Republic of Congo,COD,2021,9077.254
Democratic Republic of Congo,COD,2022,8789.322
Denmark,DNK,1961,1301.0424
Denmark,DNK,1962,1290.9536
Denmark,DNK,1963,1280.8243
Denmark,DNK,1964,1270.6287
Denmark,DNK,1965,1260.7659
Denmark,DNK,1966,1250.6824
Denmark,DNK,1967,1240.8606
Denmark,DNK,1968,1233.3287
Denmark,DNK,1969,1226.5273
Denmark,DNK,1970,1217.3455
Denmark,DNK,1971,1208.9155
Denmark,DNK,1972,1202.0204
Denmark,DNK,1973,1194.7762
Denmark,DNK,1974,1189.2263
Denmark,DNK,1975,1185.8031
Denmark,DNK,1976,1182.8263
Denmark,DNK,1977,1179.1482
Denmark,DNK,1978,1175.4915
Denmark,DNK,1979,1172.6077
Denmark,DNK,1980,1171.1826
Denmark,DNK,1981,1171.5153
Denmark,DNK,1982,1172.3765
Denmark,DNK,1983,1173.1818
Denmark,DNK,1984,1173.7964
Denmark,DNK,1985,1173.3208
Denmark,DNK,1986,1171.7528
Denmark,DNK,1987,1170.2695
Denmark,DNK,1988,1169.701
Denmark,DNK,1989,1168.9995
Denmark,DNK,1990,1167.1019
Denmark,DNK,1991,1164.077
Denmark,DNK,1992,1160.2341
Denmark,DNK,1993,1156.375
Denmark,DNK,1994,1152.4764
Denmark,DNK,1995,1146.4882
Denmark,DNK,1996,1140.0182
Denmark,DNK,1997,1135.2905
Denmark,DNK,1998,1131.175
Denmark,DNK,1999,1127.4384
Denmark,DNK,2000,1123.6763
Denmark,DNK,2001,1119.6572
Denmark,DNK,2002,1116.0857
Denmark,DNK,2003,1113.054
Denmark,DNK,2004,1110.1813
Denmark,DNK,2005,1107.1271
Denmark,DNK,2006,1103.4945
Denmark,DNK,2007,1098.6118
Denmark,DNK,2008,1092.1758
Denmark,DNK,2009,1086.3474
Denmark,DNK,2010,1081.5326
Denmark,DNK,2011,1077.0886
Denmark,DNK,2012,1073.0435
Denmark,DNK,2013,1068.5792
Denmark,DNK,2014,1063.1747
Denmark,DNK,2015,1055.6907
Denmark,DNK,2016,1047.4843
Denmark,DNK,2017,1040.7668
Denmark,DNK,2018,1035.6191
Denmark,DNK,2019,1031.9169
Denmark,DNK,2020,1028.9117
Denmark,DNK,2021,1024.4619
Denmark,DNK,2022,1016.42596
Djibouti,DJI,1961,3356.08
Djibouti,DJI,1962,3216.02
Djibouti,DJI,1963,3065.228
Djibouti,DJI,1964,2907.0332
Djibouti,DJI,1965,2749.9724
Djibouti,DJI,1966,2602.608
Djibouti,DJI,1967,2466.1116
Djibouti,DJI,1968,2339.1814
Djibouti,DJI,1969,2204.618
Djibouti,DJI,1970,2066.4714
Djibouti,DJI,1971,1933.7871
Djibouti,DJI,1972,1804.4462
Djibouti,DJI,1973,1681.1526
Djibouti,DJI,1974,1557.5272
Djibouti,DJI,1975,1429.1975
Djibouti,DJI,1976,1300.1816
Djibouti,DJI,1977,1178.2588
Djibouti,DJI,1978,1071.3099
Djibouti,DJI,1979,985.1796
Djibouti,DJI,1980,920.76794
Djibouti,DJI,1981,874.51575
Djibouti,DJI,1982,840.6187
Djibouti,DJI,1983,811.79156
Djibouti,DJI,1984,781.1422
Djibouti,DJI,1985,744.9955
Djibouti,DJI,1986,703.6621
Djibouti,DJI,1987,660.2127
Djibouti,DJI,1988,619.16565
Djibouti,DJI,1989,573.2247
Djibouti,DJI,1990,517.65375
Djibouti,DJI,1991,475.36652
Djibouti,DJI,1992,479.2256
Djibouti,DJI,1993,488.40445
Djibouti,DJI,1994,478.6903
Djibouti,DJI,1995,473.87827
Djibouti,DJI,1996,462.71448
Djibouti,DJI,1997,446.55017
Djibouti,DJI,1998,428.96854
Djibouti,DJI,1999,414.2399
Djibouti,DJI,2000,401.43555
Djibouti,DJI,2001,388.94717
Djibouti,DJI,2002,377.08624
Djibouti,DJI,2003,368.76828
Djibouti,DJI,2004,363.1416
Djibouti,DJI,2005,357.49738
Djibouti,DJI,2006,350.56393
Djibouti,DJI,2007,343.04218
Djibouti,DJI,2008,336.04636
Djibouti,DJI,2009,329.11807
Djibouti,DJI,2010,322.4936
Djibouti,DJI,2011,316.26953
Djibouti,DJI,2012,310.31903
Djibouti,DJI,2013,304.62296
Djibouti,DJI,2014,299.1871
Djibouti,DJI,2015,294.02744
Djibouti,DJI,2016,289.11398
Djibouti,DJI,2017,284.40305
Djibouti,DJI,2018,279.88156
Djibouti,DJI,2019,275.55573
Djibouti,DJI,2020,271.44702
Djibouti,DJI,2021,267.559
Djibouti,DJI,2022,263.82996
Dominica,DMA,1962,3281.4858
Dominica,DMA,1963,3239.4434
Dominica,DMA,1964,3195.5518
Dominica,DMA,1965,3149.3584
Dominica,DMA,1966,3100.4387
Dominica,DMA,1967,3049.4778
Dominica,DMA,1968,2997.063
Dominica,DMA,1969,2944.034
Dominica,DMA,1970,2902.4207
Dominica,DMA,1971,2876.3735
Dominica,DMA,1972,2854.696
Dominica,DMA,1973,2833.4631
Dominica,DMA,1974,2813.2957
Dominica,DMA,1975,2794.467
Dominica,DMA,1976,2777.122
Dominica,DMA,1977,2762.2021
Dominica,DMA,1978,2750.1238
Dominica,DMA,1979,2741.2656
Dominica,DMA,1980,2736.6145
Dominica,DMA,1981,2740.2515
Dominica,DMA,1982,2751.4858
Dominica,DMA,1983,2763.767
Dominica,DMA,1984,2775.619
Dominica,DMA,1985,2787.6895
Dominica,DMA,1986,2800.885
Dominica,DMA,1987,2815.9893
Dominica,DMA,1988,2832.5403
Dominica,DMA,1989,2850.9116
Dominica,DMA,1990,2872.449
Dominica,DMA,1991,2886.1694
Dominica,DMA,1992,2884.9622
Dominica,DMA,1993,2880.4746
Dominica,DMA,1994,2878.6504
Dominica,DMA,1995,2878.982
Dominica,DMA,1996,2881.4292
Dominica,DMA,1997,2886.0444
Dominica,DMA,1998,2893.351
Dominica,DMA,1999,2904.022
Dominica,DMA,2000,2919.2393
Dominica,DMA,2001,2928.7722
Dominica,DMA,2002,2925.388
Dominica,DMA,2003,2918.3872
Dominica,DMA,2004,2913.3708
Dominica,DMA,2005,2909.768
Dominica,DMA,2006,2906.7231
Dominica,DMA,2007,2904.9922
Dominica,DMA,2008,2904.6968
Dominica,DMA,2009,2904.2751
Dominica,DMA,2010,2904.486
Dominica,DMA,2011,2896.326
Dominica,DMA,2012,2893.6023
Dominica,DMA,2013,2868.823
Dominica,DMA,2014,2841.999
Dominica,DMA,2015,2840.5056
Dominica,DMA,2016,2873.3154
Dominica,DMA,2017,2919.8784
Dominica,DMA,2018,2933.6697
Dominica,DMA,2019,2946.376
Dominica,DMA,2020,2959.762
Dominica,DMA,2021,2976.1018
Dominica,DMA,2022,2992.8472
Dominican Republic,DOM,1961,6966.6104
Dominican Republic,DOM,1962,6752.9976
Dominican Republic,DOM,1963,6549.086
Dominican Republic,DOM,1964,6353.8257
Dominican Republic,DOM,1965,6169.658
Dominican Republic,DOM,1966,5992.0747
Dominican Republic,DOM,1967,5818.3755
Dominican Republic,DOM,1968,5652.8584
Dominican Republic,DOM,1969,5494.4604
Dominican Republic,DOM,1970,5341.771
Dominican Republic,DOM,1971,5194.2495
Dominican Republic,DOM,1972,5051.718
Dominican Republic,DOM,1973,4914.0283
Dominican Republic,DOM,1974,4782.063
Dominican Republic,DOM,1975,4656.438
Dominican Republic,DOM,1976,4536.3257
Dominican Republic,DOM,1977,4421.08
Dominican Republic,DOM,1978,4310.438
Dominican Republic,DOM,1979,4204.169
Dominican Republic,DOM,1980,4101.911
Dominican Republic,DOM,1981,4004.4624
Dominican Republic,DOM,1982,3912.0283
Dominican Republic,DOM,1983,3822.8489
Dominican Republic,DOM,1984,3736.6594
Dominican Republic,DOM,1985,3654.5137
Dominican Republic,DOM,1986,3576.207
Dominican Republic,DOM,1987,3500.9233
Dominican Republic,DOM,1988,3427.7876
Dominican Republic,DOM,1989,3356.0425
Dominican Republic,DOM,1990,3286.1775
Dominican Republic,DOM,1991,3219.243
Dominican Republic,DOM,1992,3155.4324
Dominican Republic,DOM,1993,3094.3152
Dominican Republic,DOM,1994,3035.5112
Dominican Republic,DOM,1995,2979.1655
Dominican Republic,DOM,1996,2925.4712
Dominican Republic,DOM,1997,2874.942
Dominican Republic,DOM,1998,2827.795
Dominican Republic,DOM,1999,2782.3137
Dominican Republic,DOM,2000,2737.5908
Dominican Republic,DOM,2001,2694.8667
Dominican Republic,DOM,2002,2654.6968
Dominican Republic,DOM,2003,2616.7458
Dominican Republic,DOM,2004,2581.03
Dominican Republic,DOM,2005,2547.416
Dominican Republic,DOM,2006,2515.7412
Dominican Republic,DOM,2007,2485.2844
Dominican Republic,DOM,2008,2454.7876
Dominican Republic,DOM,2009,2423.8635
Dominican Republic,DOM,2010,2393.0327
Dominican Republic,DOM,2011,2362.8489
Dominican Republic,DOM,2012,2333.569
Dominican Republic,DOM,2013,2305.3154
Dominican Republic,DOM,2014,2278.119
Dominican Republic,DOM,2015,2252.0732
Dominican Republic,DOM,2016,2227.1863
Dominican Republic,DOM,2017,2203.0886
Dominican Republic,DOM,2018,2179.5479
Dominican Republic,DOM,2019,2157.142
Dominican Republic,DOM,2020,2134.753
Dominican Republic,DOM,2021,2112.649
Dominican Republic,DOM,2022,2092.4724
East Asia and Pacific (WB),WB_EAP,1961,9735.133
East Asia and Pacific (WB),WB_EAP,1962,9682.533
East Asia and Pacific (WB),WB_EAP,1963,9452.911
East Asia and Pacific (WB),WB_EAP,1964,9236.802
East Asia and Pacific (WB),WB_EAP,1965,9025.134
East Asia and Pacific (WB),WB_EAP,1966,8798.136
East Asia and Pacific (WB),WB_EAP,1967,8587.594
East Asia and Pacific (WB),WB_EAP,1968,8378.739
East Asia and Pacific (WB),WB_EAP,1969,8167.5537
East Asia and Pacific (WB),WB_EAP,1970,7962.122
East Asia and Pacific (WB),WB_EAP,1971,7756.201
East Asia and Pacific (WB),WB_EAP,1972,7576.127
East Asia and Pacific (WB),WB_EAP,1973,7409.7207
East Asia and Pacific (WB),WB_EAP,1974,7258.2744
East Asia and Pacific (WB),WB_EAP,1975,7126.5015
East Asia and Pacific (WB),WB_EAP,1976,7009.2876
East Asia and Pacific (WB),WB_EAP,1977,6902.802
East Asia and Pacific (WB),WB_EAP,1978,6799.384
East Asia and Pacific (WB),WB_EAP,1979,6697.638
East Asia and Pacific (WB),WB_EAP,1980,6600.0586
East Asia and Pacific (WB),WB_EAP,1981,6502.12
East Asia and Pacific (WB),WB_EAP,1982,6397.4185
East Asia and Pacific (WB),WB_EAP,1983,6295.4346
East Asia and Pacific (WB),WB_EAP,1984,6201.0303
East Asia and Pacific (WB),WB_EAP,1985,6107.865
East Asia and Pacific (WB),WB_EAP,1986,6013.1343
East Asia and Pacific (WB),WB_EAP,1987,5916.112
East Asia and Pacific (WB),WB_EAP,1988,5820.9277
East Asia and Pacific (WB),WB_EAP,1989,5730.6284
East Asia and Pacific (WB),WB_EAP,1990,5644.6294
East Asia and Pacific (WB),WB_EAP,1991,5563.379
East Asia and Pacific (WB),WB_EAP,1992,5488.992
East Asia and Pacific (WB),WB_EAP,1993,5418.756
East Asia and Pacific (WB),WB_EAP,1994,5350.5815
East Asia and Pacific (WB),WB_EAP,1995,5284.924
East Asia and Pacific (WB),WB_EAP,1996,5221.6396
East Asia and Pacific (WB),WB_EAP,1997,5160.3535
East Asia and Pacific (WB),WB_EAP,1998,5102.865
East Asia and Pacific (WB),WB_EAP,1999,5051.324
East Asia and Pacific (WB),WB_EAP,2000,5003.8193
East Asia and Pacific (WB),WB_EAP,2001,4958.8887
East Asia and Pacific (WB),WB_EAP,2002,4917.151
East Asia and Pacific (WB),WB_EAP,2003,4877.947
East Asia and Pacific (WB),WB_EAP,2004,4840.967
East Asia and Pacific (WB),WB_EAP,2005,4804.864
East Asia and Pacific (WB),WB_EAP,2006,4768.7075
East Asia and Pacific (WB),WB_EAP,2007,4732.5693
East Asia and Pacific (WB),WB_EAP,2008,4696.791
East Asia and Pacific (WB),WB_EAP,2009,4663.0117
East Asia and Pacific (WB),WB_EAP,2010,4630.2476
East Asia and Pacific (WB),WB_EAP,2011,4596.338
East Asia and Pacific (WB),WB_EAP,2012,4558.8726
East Asia and Pacific (WB),WB_EAP,2013,4522.46
East Asia and Pacific (WB),WB_EAP,2014,4487.9575
East Asia and Pacific (WB),WB_EAP,2015,4455.6978
East Asia and Pacific (WB),WB_EAP,2016,4424.236
East Asia and Pacific (WB),WB_EAP,2017,4392.885
East Asia and Pacific (WB),WB_EAP,2018,4366.2964
East Asia and Pacific (WB),WB_EAP,2019,4343.5864
East Asia and Pacific (WB),WB_EAP,2020,4325.5967
East Asia and Pacific (WB),WB_EAP,2021,4314.776
East Asia and Pacific (WB),WB_EAP,2022,4305.825
East Timor,TLS,1962,17016.244
East Timor,TLS,1963,16746.031
East Timor,TLS,1964,16474.184
East Timor,TLS,1965,16202.069
East Timor,TLS,1966,15929.928
East Timor,TLS,1967,15658.117
East Timor,TLS,1968,15387.497
East Timor,TLS,1969,15119.001
East Timor,TLS,1970,14853.481
East Timor,TLS,1971,14592.355
East Timor,TLS,1972,14337.774
East Timor,TLS,1973,14094.415
East Timor,TLS,1974,13904.239
East Timor,TLS,1975,13733.829
East Timor,TLS,1976,13519.963
East Timor,TLS,1977,13286.108
East Timor,TLS,1978,13065.087
East Timor,TLS,1979,12861.681
East Timor,TLS,1980,12640.971
East Timor,TLS,1981,12437.679
East Timor,TLS,1982,12276.787
East Timor,TLS,1983,12121.758
East Timor,TLS,1984,11961.67
East Timor,TLS,1985,11791.895
East Timor,TLS,1986,11616.4795
East Timor,TLS,1987,11433.924
East Timor,TLS,1988,11241.952
East Timor,TLS,1989,11028.978
East Timor,TLS,1990,10804.306
East Timor,TLS,1991,10555.3545
East Timor,TLS,1992,10277.512
East Timor,TLS,1993,10000.767
East Timor,TLS,1994,9727.73
East Timor,TLS,1995,9462.694
East Timor,TLS,1996,9206.73
East Timor,TLS,1997,8956.764
East Timor,TLS,1998,8715.903
East Timor,TLS,1999,9841.895
East Timor,TLS,2000,11025.543
East Timor,TLS,2001,10113.894
East Timor,TLS,2002,9344.157
East Timor,TLS,2003,8959.753
East Timor,TLS,2004,8842.138
East Timor,TLS,2005,8662.77
East Timor,TLS,2006,8411.863
East Timor,TLS,2007,8175.032
East Timor,TLS,2008,7956.964
East Timor,TLS,2009,7758.9155
East Timor,TLS,2010,7573.6694
East Timor,TLS,2011,7399.521
East Timor,TLS,2012,7238.6187
East Timor,TLS,2013,7089.8726
East Timor,TLS,2014,6950.655
East Timor,TLS,2015,6816.6865
East Timor,TLS,2016,6688.04
East Timor,TLS,2017,6563.0586
East Timor,TLS,2018,6438.2944
East Timor,TLS,2019,6314.6406
East Timor,TLS,2020,6195.0767
East Timor,TLS,2021,6084.5586
East Timor,TLS,2022,5999.4375
Ecuador,ECU,1961,93682.55
Ecuador,ECU,1962,91042.5
Ecuador,ECU,1963,88449.64
Ecuador,ECU,1964,85904.28
Ecuador,ECU,1965,83409.33
Ecuador,ECU,1966,80970.06
Ecuador,ECU,1967,78592.2
Ecuador,ECU,1968,76280.07
Ecuador,ECU,1969,74038.914
Ecuador,ECU,1970,71872.01
Ecuador,ECU,1971,69778.61
Ecuador,ECU,1972,67758.875
Ecuador,ECU,1973,65813.42
Ecuador,ECU,1974,63943.82
Ecuador,ECU,1975,62150.098
Ecuador,ECU,1976,60429.63
Ecuador,ECU,1977,58776.49
Ecuador,ECU,1978,57185.94
Ecuador,ECU,1979,55655.715
Ecuador,ECU,1980,54176.668
Ecuador,ECU,1981,52748.867
Ecuador,ECU,1982,51374.367
Ecuador,ECU,1983,50042.887
Ecuador,ECU,1984,48750.48
Ecuador,ECU,1985,47512.906
Ecuador,ECU,1986,46344.027
Ecuador,ECU,1987,45238.457
Ecuador,ECU,1988,44192.24
Ecuador,ECU,1989,43195.312
Ecuador,ECU,1990,42239.242
Ecuador,ECU,1991,41336.6
Ecuador,ECU,1992,40475.28
Ecuador,ECU,1993,39661.926
Ecuador,ECU,1994,38901.895
Ecuador,ECU,1995,38169.145
Ecuador,ECU,1996,37456.766
Ecuador,ECU,1997,36771.285
Ecuador,ECU,1998,36110.797
Ecuador,ECU,1999,35474.883
Ecuador,ECU,2000,34864.277
Ecuador,ECU,2001,34266.047
Ecuador,ECU,2002,33672.105
Ecuador,ECU,2003,33083.3
Ecuador,ECU,2004,32508.613
Ecuador,ECU,2005,31951.09
Ecuador,ECU,2006,31406.78
Ecuador,ECU,2007,30874.94
Ecuador,ECU,2008,30352.924
Ecuador,ECU,2009,29839.564
Ecuador,ECU,2010,29343.3
Ecuador,ECU,2011,28865.553
Ecuador,ECU,2012,28409.613
Ecuador,ECU,2013,27987.373
Ecuador,ECU,2014,27589.434
Ecuador,ECU,2015,27197.459
Ecuador,ECU,2016,26803.773
Ecuador,ECU,2017,26396.94
Ecuador,ECU,2018,25947.904
Ecuador,ECU,2019,25513.232
Ecuador,ECU,2020,25213.63
Ecuador,ECU,2021,25019.152
Ecuador,ECU,2022,24820.61
Egypt,EGY,1961,36.230705
Egypt,EGY,1962,35.289536
Egypt,EGY,1963,34.373867
Egypt,EGY,1964,33.490826
Egypt,EGY,1965,32.648613
Egypt,EGY,1966,31.840502
Egypt,EGY,1967,31.059412
Egypt,EGY,1968,30.304573
Egypt,EGY,1969,29.575636
Egypt,EGY,1970,28.881708
Egypt,EGY,1971,28.221985
Egypt,EGY,1972,27.57987
Egypt,EGY,1973,26.952694
Egypt,EGY,1974,26.336813
Egypt,EGY,1975,25.723257
Egypt,EGY,1976,25.128433
Egypt,EGY,1977,24.540558
Egypt,EGY,1978,23.94554
Egypt,EGY,1979,23.35432
Egypt,EGY,1980,22.752914
Egypt,EGY,1981,22.149755
Egypt,EGY,1982,21.54819
Egypt,EGY,1983,20.926455
Egypt,EGY,1984,20.305668
Egypt,EGY,1985,19.710272
Egypt,EGY,1986,19.154778
Egypt,EGY,1987,18.630844
Egypt,EGY,1988,18.119986
Egypt,EGY,1989,17.633375
Egypt,EGY,1990,17.124279
Egypt,EGY,1991,16.658615
Egypt,EGY,1992,16.265278
Egypt,EGY,1993,15.894289
Egypt,EGY,1994,15.555586
Egypt,EGY,1995,15.231684
Egypt,EGY,1996,14.919127
Egypt,EGY,1997,14.613102
Egypt,EGY,1998,14.297297
Egypt,EGY,1999,13.981916
Egypt,EGY,2000,13.68302
Egypt,EGY,2001,13.395483
Egypt,EGY,2002,13.116623
Egypt,EGY,2003,12.84463
Egypt,EGY,2004,12.582187
Egypt,EGY,2005,12.330303
Egypt,EGY,2006,12.09184
Egypt,EGY,2007,11.865743
Egypt,EGY,2008,11.646217
Egypt,EGY,2009,11.428358
Egypt,EGY,2010,11.211256
Egypt,EGY,2011,10.977785
Egypt,EGY,2012,10.734105
Egypt,EGY,2013,10.489487
Egypt,EGY,2014,10.253397
Egypt,EGY,2015,10.040428
Egypt,EGY,2016,9.838202
Egypt,EGY,2017,9.643568
Egypt,EGY,2018,9.462341
Egypt,EGY,2019,9.297728
Egypt,EGY,2020,9.147865
Egypt,EGY,2021,9.0125
Egypt,EGY,2022,8.879556
El Salvador,SLV,1961,5445.963
El Salvador,SLV,1962,5299.7354
El Salvador,SLV,1963,5160.6655
El Salvador,SLV,1964,5022.6826
El Salvador,SLV,1965,4885.1904
El Salvador,SLV,1966,4749.3726
El Salvador,SLV,1967,4617.1787
El Salvador,SLV,1968,4490.382
El Salvador,SLV,1969,4370.213
El Salvador,SLV,1970,4260.2534
El Salvador,SLV,1971,4159.6553
El Salvador,SLV,1972,4063.0857
El Salvador,SLV,1973,3968.9512
El Salvador,SLV,1974,3878.7285
El Salvador,SLV,1975,3793.276
El Salvador,SLV,1976,3712.3157
El Salvador,SLV,1977,3633.8223
El Salvador,SLV,1978,3557.031
El Salvador,SLV,1979,3488.537
El Salvador,SLV,1980,3442.4417
El Salvador,SLV,1981,3419.683
El Salvador,SLV,1982,3381.304
El Salvador,SLV,1983,3320.3274
El Salvador,SLV,1984,3257.6052
El Salvador,SLV,1985,3193.2458
El Salvador,SLV,1986,3130.5273
El Salvador,SLV,1987,3069.255
El Salvador,SLV,1988,3008.18
El Salvador,SLV,1989,2949.6248
El Salvador,SLV,1990,2894.5913
El Salvador,SLV,1991,2844.3643
El Salvador,SLV,1992,2798.2625
El Salvador,SLV,1993,2761.5051
El Salvador,SLV,1994,2735.325
El Salvador,SLV,1995,2712.538
El Salvador,SLV,1996,2692.3738
El Salvador,SLV,1997,2674.2734
El Salvador,SLV,1998,2657.8103
El Salvador,SLV,1999,2642.926
El Salvador,SLV,2000,2629.823
El Salvador,SLV,2001,2618.9414
El Salvador,SLV,2002,2610.8174
El Salvador,SLV,2003,2605.6084
El Salvador,SLV,2004,2602.9736
El Salvador,SLV,2005,2602.5806
El Salvador,SLV,2006,2603.9937
El Salvador,SLV,2007,2600.7417
El Salvador,SLV,2008,2592.342
El Salvador,SLV,2009,2584.2063
El Salvador,SLV,2010,2575.702
El Salvador,SLV,2011,2566.449
El Salvador,SLV,2012,2556.4382
El Salvador,SLV,2013,2546.084
El Salvador,SLV,2014,2536.121
El Salvador,SLV,2015,2527.6228
El Salvador,SLV,2016,2520.6426
El Salvador,SLV,2017,2515.477
El Salvador,SLV,2018,2512.9397
El Salvador,SLV,2019,2511.9255
El Salvador,SLV,2020,2506.9478
El Salvador,SLV,2021,2498.4885
El Salvador,SLV,2022,2488.727
Equatorial Guinea,GNQ,1961,94581.23
Equatorial Guinea,GNQ,1962,92762.39
Equatorial Guinea,GNQ,1963,90920.22
Equatorial Guinea,GNQ,1964,89058.79
Equatorial Guinea,GNQ,1965,87178.695
Equatorial Guinea,GNQ,1966,85285.33
Equatorial Guinea,GNQ,1967,83385.45
Equatorial Guinea,GNQ,1968,81543.305
Equatorial Guinea,GNQ,1969,80615.91
Equatorial Guinea,GNQ,1970,81046.625
Equatorial Guinea,GNQ,1971,82294.11
Equatorial Guinea,GNQ,1972,84015.15
Equatorial Guinea,GNQ,1973,86012.68
Equatorial Guinea,GNQ,1974,88149.64
Equatorial Guinea,GNQ,1975,90308.82
Equatorial Guinea,GNQ,1976,92516.484
Equatorial Guinea,GNQ,1977,93937.766
Equatorial Guinea,GNQ,1978,94022.01
Equatorial Guinea,GNQ,1979,92908.24
Equatorial Guinea,GNQ,1980,90076.36
Equatorial Guinea,GNQ,1981,85737.27
Equatorial Guinea,GNQ,1982,80691.21
Equatorial Guinea,GNQ,1983,75708.82
Equatorial Guinea,GNQ,1984,71252.59
Equatorial Guinea,GNQ,1985,67436.66
Equatorial Guinea,GNQ,1986,64240.676
Equatorial Guinea,GNQ,1987,61535.258
Equatorial Guinea,GNQ,1988,59137.816
Equatorial Guinea,GNQ,1989,56916.69
Equatorial Guinea,GNQ,1990,54820.633
Equatorial Guinea,GNQ,1991,52822.23
Equatorial Guinea,GNQ,1992,50903.54
Equatorial Guinea,GNQ,1993,49054.477
Equatorial Guinea,GNQ,1994,47260.867
Equatorial Guinea,GNQ,1995,45513.11
Equatorial Guinea,GNQ,1996,43808.508
Equatorial Guinea,GNQ,1997,42146.69
Equatorial Guinea,GNQ,1998,40531.652
Equatorial Guinea,GNQ,1999,38968.008
Equatorial Guinea,GNQ,2000,36969.68
Equatorial Guinea,GNQ,2001,34674.25
Equatorial Guinea,GNQ,2002,32583.209
Equatorial Guinea,GNQ,2003,30665.367
Equatorial Guinea,GNQ,2004,28891.553
Equatorial Guinea,GNQ,2005,27444.486
Equatorial Guinea,GNQ,2006,26253.531
Equatorial Guinea,GNQ,2007,25095.459
Equatorial Guinea,GNQ,2008,23973.518
Equatorial Guinea,GNQ,2009,22893.914
Equatorial Guinea,GNQ,2010,21865.553
Equatorial Guinea,GNQ,2011,20936.76
Equatorial Guinea,GNQ,2012,20100.768
Equatorial Guinea,GNQ,2013,19313.365
Equatorial Guinea,GNQ,2014,18573.71
Equatorial Guinea,GNQ,2015,17882.652
Equatorial Guinea,GNQ,2016,17239.254
Equatorial Guinea,GNQ,2017,16641.107
Equatorial Guinea,GNQ,2018,16084.908
Equatorial Guinea,GNQ,2019,15567.212
Equatorial Guinea,GNQ,2020,15147.384
Equatorial Guinea,GNQ,2021,14782.924
Equatorial Guinea,GNQ,2022,14416.053
Eritrea,ERI,1993,1508.6158
Eritrea,ERI,1994,1462.9698
Eritrea,ERI,1995,1382.5338
Eritrea,ERI,1996,1315.5027
Eritrea,ERI,1997,1301.0336
Eritrea,ERI,1998,1284.1569
Eritrea,ERI,1999,1265.3766
Eritrea,ERI,2000,1246.0887
Eritrea,ERI,2001,1211.0312
Eritrea,ERI,2002,1170.0902
Eritrea,ERI,2003,1122.7382
Eritrea,ERI,2004,1077.6343
Eritrea,ERI,2005,1052.151
Eritrea,ERI,2006,1035.6937
Eritrea,ERI,2007,1020.6976
Eritrea,ERI,2008,994.20276
Eritrea,ERI,2009,969.5677
Eritrea,ERI,2010,950.704
Eritrea,ERI,2011,933.80493
Eritrea,ERI,2012,921.9661
Eritrea,ERI,2013,910.75867
Eritrea,ERI,2014,904.6344
Eritrea,ERI,2015,901.6128
Eritrea,ERI,2016,896.0866
Eritrea,ERI,2017,888.79095
Eritrea,ERI,2018,876.9842
Eritrea,ERI,2019,864.1458
Eritrea,ERI,2020,850.73517
Eritrea,ERI,2021,835.77527
Eritrea,ERI,2022,821.24756
Estonia,EST,1992,8290.44
Estonia,EST,1993,8506.634
Estonia,EST,1994,8690.515
Estonia,EST,1995,8847.069
Estonia,EST,1996,8978.563
Estonia,EST,1997,9081.588
Estonia,EST,1998,9169.242
Estonia,EST,1999,9142.28
Estonia,EST,2000,9098.165
Estonia,EST,2001,9156.302
Estonia,EST,2002,9214.485
Estonia,EST,2003,9272.499
Estonia,EST,2004,9328.098
Estonia,EST,2005,9381.632
Estonia,EST,2006,9437.114
Estonia,EST,2007,9480.264
Estonia,EST,2008,9505.718
Estonia,EST,2009,9524.06
Estonia,EST,2010,9545.805
Estonia,EST,2011,9574.828
Estonia,EST,2012,9609.162
Estonia,EST,2013,9643.421
Estonia,EST,2014,9668.745
Estonia,EST,2015,9662.408
Estonia,EST,2016,9659.596
Estonia,EST,2017,9647.908
Estonia,EST,2018,9614.388
Estonia,EST,2019,9578.731
Estonia,EST,2020,9559.827
Estonia,EST,2021,9549.699
Estonia,EST,2022,9422.911
Eswatini,SWZ,1961,7473.1646
Eswatini,SWZ,1962,7305.633
Eswatini,SWZ,1963,7139.7856
Eswatini,SWZ,1964,6972.0273
Eswatini,SWZ,1965,6798.237
Eswatini,SWZ,1966,6620.424
Eswatini,SWZ,1967,6454.2783
Eswatini,SWZ,1968,6298.5063
Eswatini,SWZ,1969,6141.3203
Eswatini,SWZ,1970,5983.464
Eswatini,SWZ,1971,5825.4614
Eswatini,SWZ,1972,5667.8145
Eswatini,SWZ,1973,5511.045
Eswatini,SWZ,1974,5355.1
Eswatini,SWZ,1975,5200.1978
Eswatini,SWZ,1976,5044.618
Eswatini,SWZ,1977,4885.74
Eswatini,SWZ,1978,4727.4043
Eswatini,SWZ,1979,4573.8125
Eswatini,SWZ,1980,4424.749
Eswatini,SWZ,1981,4280.1
Eswatini,SWZ,1982,4140.1895
Eswatini,SWZ,1983,4006.3313
Eswatini,SWZ,1984,3877.8877
Eswatini,SWZ,1985,3738.3389
Eswatini,SWZ,1986,3593.147
Eswatini,SWZ,1987,3456.3525
Eswatini,SWZ,1988,3300.8335
Eswatini,SWZ,1989,3151.11
Eswatini,SWZ,1990,3026.0376
Eswatini,SWZ,1991,2906.884
Eswatini,SWZ,1992,2798.3413
Eswatini,SWZ,1993,2717.9565
Eswatini,SWZ,1994,2718.2532
Eswatini,SWZ,1995,2720.435
Eswatini,SWZ,1996,2667.095
Eswatini,SWZ,1997,2622.599
Eswatini,SWZ,1998,2589.1162
Eswatini,SWZ,1999,2561.1624
Eswatini,SWZ,2000,2535.015
Eswatini,SWZ,2001,2511.7405
Eswatini,SWZ,2002,2491.8801
Eswatini,SWZ,2003,2474.9226
Eswatini,SWZ,2004,2460.0269
Eswatini,SWZ,2005,2446.66
Eswatini,SWZ,2006,2434.445
Eswatini,SWZ,2007,2420.453
Eswatini,SWZ,2008,2404.1724
Eswatini,SWZ,2009,2388.8096
Eswatini,SWZ,2010,2374.8481
Eswatini,SWZ,2011,2361.7124
Eswatini,SWZ,2012,2349.0408
Eswatini,SWZ,2013,2336.304
Eswatini,SWZ,2014,2323.332
Eswatini,SWZ,2015,2310.089
Eswatini,SWZ,2016,2296.6367
Eswatini,SWZ,2017,2279.409
Eswatini,SWZ,2018,2258.4775
Eswatini,SWZ,2019,2237.527
Eswatini,SWZ,2020,2213.4114
Eswatini,SWZ,2021,2187.9788
Eswatini,SWZ,2022,2165.8572
Ethiopia,ETH,1993,2271.5046
Ethiopia,ETH,1994,2193.7905
Ethiopia,ETH,1995,2120.3623
Ethiopia,ETH,1996,2051.5361
Ethiopia,ETH,1997,1986.8239
Ethiopia,ETH,1998,1925.398
Ethiopia,ETH,1999,1866.1693
Ethiopia,ETH,2000,1809.7804
Ethiopia,ETH,2001,1755.7048
Ethiopia,ETH,2002,1703.0658
Ethiopia,ETH,2003,1652.3853
Ethiopia,ETH,2004,1603.634
Ethiopia,ETH,2005,1556.7684
Ethiopia,ETH,2006,1511.7067
Ethiopia,ETH,2007,1468.0538
Ethiopia,ETH,2008,1426.1722
Ethiopia,ETH,2009,1386.2434
Ethiopia,ETH,2010,1347.4928
Ethiopia,ETH,2011,1309.716
Ethiopia,ETH,2012,1273.5028
Ethiopia,ETH,2013,1239.3494
Ethiopia,ETH,2014,1206.5397
Ethiopia,ETH,2015,1174.5775
Ethiopia,ETH,2016,1143.1981
Ethiopia,ETH,2017,1112.4639
Ethiopia,ETH,2018,1082.8644
Ethiopia,ETH,2019,1054.1106
Ethiopia,ETH,2020,1025.9198
Ethiopia,ETH,2021,998.8653
Ethiopia,ETH,2022,973.00867
Europe and Central Asia (WB),WB_ECA,1992,8515.386
Europe and Central Asia (WB),WB_ECA,1993,8359.719
Europe and Central Asia (WB),WB_ECA,1994,8338.715
Europe and Central Asia (WB),WB_ECA,1995,8321.605
Europe and Central Asia (WB),WB_ECA,1996,8305.451
Europe and Central Asia (WB),WB_ECA,1997,8294.265
Europe and Central Asia (WB),WB_ECA,1998,8283.27
Europe and Central Asia (WB),WB_ECA,1999,8271.409
Europe and Central Asia (WB),WB_ECA,2000,8260.025
Europe and Central Asia (WB),WB_ECA,2001,8248.567
Europe and Central Asia (WB),WB_ECA,2002,8232.876
Europe and Central Asia (WB),WB_ECA,2003,8210.758
Europe and Central Asia (WB),WB_ECA,2004,8186.4375
Europe and Central Asia (WB),WB_ECA,2005,8162.618
Europe and Central Asia (WB),WB_ECA,2006,8078.539
Europe and Central Asia (WB),WB_ECA,2007,8055.61
Europe and Central Asia (WB),WB_ECA,2008,8022.9746
Europe and Central Asia (WB),WB_ECA,2009,7991.091
Europe and Central Asia (WB),WB_ECA,2010,7961.8457
Europe and Central Asia (WB),WB_ECA,2011,7943.8447
Europe and Central Asia (WB),WB_ECA,2012,7912.8584
Europe and Central Asia (WB),WB_ECA,2013,7883.05
Europe and Central Asia (WB),WB_ECA,2014,7851.046
Europe and Central Asia (WB),WB_ECA,2015,7816.4365
Europe and Central Asia (WB),WB_ECA,2016,7781.5195
Europe and Central Asia (WB),WB_ECA,2017,7751.9214
Europe and Central Asia (WB),WB_ECA,2018,7721.3345
Europe and Central Asia (WB),WB_ECA,2019,7694.0464
Europe and Central Asia (WB),WB_ECA,2020,7679.602
Europe and Central Asia (WB),WB_ECA,2021,7673.604
Europe and Central Asia (WB),WB_ECA,2022,7674.6807
European Union (27),OWID_EU27,1961,3679.7886
European Union (27),OWID_EU27,1962,3649.091
European Union (27),OWID_EU27,1963,3617.8303
European Union (27),OWID_EU27,1964,3586.4033
European Union (27),OWID_EU27,1965,3556.856
European Union (27),OWID_EU27,1966,3529.0671
European Union (27),OWID_EU27,1967,3502.367
European Union (27),OWID_EU27,1968,3477.5867
European Union (27),OWID_EU27,1969,3453.2815
European Union (27),OWID_EU27,1970,3433.045
European Union (27),OWID_EU27,1971,3413.522
European Union (27),OWID_EU27,1972,3390.4104
European Union (27),OWID_EU27,1973,3368.682
European Union (27),OWID_EU27,1974,3348.7534
European Union (27),OWID_EU27,1975,3330.1448
European Union (27),OWID_EU27,1976,3313.3828
European Union (27),OWID_EU27,1977,3297.896
European Union (27),OWID_EU27,1978,3283.1973
European Union (27),OWID_EU27,1979,3268.9868
European Union (27),OWID_EU27,1980,3253.7327
European Union (27),OWID_EU27,1981,3239.6128
European Union (27),OWID_EU27,1982,3229.9587
European Union (27),OWID_EU27,1983,3221.9482
European Union (27),OWID_EU27,1984,3215.2415
European Union (27),OWID_EU27,1985,3208.252
European Union (27),OWID_EU27,1986,3200.1245
European Union (27),OWID_EU27,1987,3191.363
European Union (27),OWID_EU27,1988,3181.2698
European Union (27),OWID_EU27,1989,3170.1807
European Union (27),OWID_EU27,1990,3158.7705
European Union (27),OWID_EU27,1991,3147.9746
European Union (27),OWID_EU27,1992,3274.8433
European Union (27),OWID_EU27,1993,3204.3298
European Union (27),OWID_EU27,1994,3196.3484
European Union (27),OWID_EU27,1995,3190.3062
European Union (27),OWID_EU27,1996,3185.1116
European Union (27),OWID_EU27,1997,3180.325
European Union (27),OWID_EU27,1998,3176.0725
European Union (27),OWID_EU27,1999,3170.8447
European Union (27),OWID_EU27,2000,3167.0544
European Union (27),OWID_EU27,2001,3162.8542
European Union (27),OWID_EU27,2002,3155.406
European Union (27),OWID_EU27,2003,3143.8147
European Union (27),OWID_EU27,2004,3131.6482
European Union (27),OWID_EU27,2005,3120.18
European Union (27),OWID_EU27,2006,3109.6572
European Union (27),OWID_EU27,2007,3098.7988
European Union (27),OWID_EU27,2008,3088.4192
European Union (27),OWID_EU27,2009,3080.5974
European Union (27),OWID_EU27,2010,3075.7214
European Union (27),OWID_EU27,2011,3080.4194
European Union (27),OWID_EU27,2012,3075.8499
European Union (27),OWID_EU27,2013,3073.3757
European Union (27),OWID_EU27,2014,3069.9404
European Union (27),OWID_EU27,2015,3063.9055
European Union (27),OWID_EU27,2016,3057.8186
European Union (27),OWID_EU27,2017,3053.3936
European Union (27),OWID_EU27,2018,3046.4922
European Union (27),OWID_EU27,2019,3042.5347
European Union (27),OWID_EU27,2020,3042.8035
European Union (27),OWID_EU27,2021,3047.1921
European Union (27),OWID_EU27,2022,3040.5464
Fiji,FJI,1962,66312.69
Fiji,FJI,1963,64261.855
Fiji,FJI,1964,62292.176
Fiji,FJI,1965,60413.69
Fiji,FJI,1966,58686.05
Fiji,FJI,1967,57228.996
Fiji,FJI,1968,55980.17
Fiji,FJI,1969,54819.824
Fiji,FJI,1970,53747.45
Fiji,FJI,1971,52760.844
Fiji,FJI,1972,51862.04
Fiji,FJI,1973,51053.07
Fiji,FJI,1974,50309.344
Fiji,FJI,1975,49574.062
Fiji,FJI,1976,48758.91
Fiji,FJI,1977,47758.047
Fiji,FJI,1978,46643.39
Fiji,FJI,1979,45544.312
Fiji,FJI,1980,44472.137
Fiji,FJI,1981,43423.97
Fiji,FJI,1982,42395.91
Fiji,FJI,1983,41386.707
Fiji,FJI,1984,40398.125
Fiji,FJI,1985,39446.723
Fiji,FJI,1986,38617.297
Fiji,FJI,1987,38039.277
Fiji,FJI,1988,37630.305
Fiji,FJI,1989,37255.93
Fiji,FJI,1990,36918.93
Fiji,FJI,1991,36618.715
Fiji,FJI,1992,36353.402
Fiji,FJI,1993,36122.367
Fiji,FJI,1994,35922.297
Fiji,FJI,1995,35743.527
Fiji,FJI,1996,35519.273
Fiji,FJI,1997,35154.082
Fiji,FJI,1998,34721.46
Fiji,FJI,1999,34322
Fiji,FJI,2000,33951.355
Fiji,FJI,2001,33604.207
Fiji,FJI,2002,33273.156
Fiji,FJI,2003,32956.785
Fiji,FJI,2004,32652.23
Fiji,FJI,2005,32355.71
Fiji,FJI,2006,32065.502
Fiji,FJI,2007,31798.822
Fiji,FJI,2008,31602.87
Fiji,FJI,2009,31469.105
Fiji,FJI,2010,31359.188
Fiji,FJI,2011,31270.914
Fiji,FJI,2012,31204.982
Fiji,FJI,2013,31156.15
Fiji,FJI,2014,31114.283
Fiji,FJI,2015,31080.648
Fiji,FJI,2016,31060.766
Fiji,FJI,2017,31074.525
Fiji,FJI,2018,31128.023
Fiji,FJI,2019,31205.63
Fiji,FJI,2020,31203.447
Fiji,FJI,2021,31143.95
Fiji,FJI,2022,31052.117
Finland,FIN,1961,23985.627
Finland,FIN,1962,23823.078
Finland,FIN,1963,23655.248
Finland,FIN,1964,23524.016
Finland,FIN,1965,23445.725
Finland,FIN,1966,23358.014
Finland,FIN,1967,23231.86
Finland,FIN,1968,23127.79
Finland,FIN,1969,23141.215
Finland,FIN,1970,23229.021
Finland,FIN,1971,23199.723
Finland,FIN,1972,23062.049
Finland,FIN,1973,22931.45
Finland,FIN,1974,22811.707
Finland,FIN,1975,22710.678
Finland,FIN,1976,22642.32
Finland,FIN,1977,22579.07
Finland,FIN,1978,22514.334
Finland,FIN,1979,22456.865
Finland,FIN,1980,22387.115
Finland,FIN,1981,22291.834
Finland,FIN,1982,22167.285
Finland,FIN,1983,22035.562
Finland,FIN,1984,21918.13
Finland,FIN,1985,21826.908
Finland,FIN,1986,21756.13
Finland,FIN,1987,21694.512
Finland,FIN,1988,21631.54
Finland,FIN,1989,21553.586
Finland,FIN,1990,21458.232
Finland,FIN,1991,21341.354
Finland,FIN,1992,21221.771
Finland,FIN,1993,21119.336
Finland,FIN,1994,21028.498
Finland,FIN,1995,20948.395
Finland,FIN,1996,20879.79
Finland,FIN,1997,20817.79
Finland,FIN,1998,20762.596
Finland,FIN,1999,20714.459
Finland,FIN,2000,20671.5
Finland,FIN,2001,20624.486
Finland,FIN,2002,20574.557
Finland,FIN,2003,20525.555
Finland,FIN,2004,20466.045
Finland,FIN,2005,20396.12
Finland,FIN,2006,20317.994
Finland,FIN,2007,20231.738
Finland,FIN,2008,20137.77
Finland,FIN,2009,20041.691
Finland,FIN,2010,19950.21
Finland,FIN,2011,19857.943
Finland,FIN,2012,19763.682
Finland,FIN,2013,19672.836
Finland,FIN,2014,19591.645
Finland,FIN,2015,19527.219
Finland,FIN,2016,19471.174
Finland,FIN,2017,19425.535
Finland,FIN,2018,19399.785
Finland,FIN,2019,19378.42
Finland,FIN,2020,19350.605
Finland,FIN,2021,19310.535
Finland,FIN,2022,19258.092
France,FRA,1961,4174.8438
France,FRA,1962,4133.1265
France,FRA,1963,4091.8567
France,FRA,1964,4048.4607
France,FRA,1965,4009.806
France,FRA,1966,3975.2234
France,FRA,1967,3943.0007
France,FRA,1968,3912.9004
France,FRA,1969,3880.7812
France,FRA,1970,3845.6238
France,FRA,1971,3809.5562
France,FRA,1972,3776.267
France,FRA,1973,3745.8682
France,FRA,1974,3721.1677
France,FRA,1975,3703.508
France,FRA,1976,3687.8335
France,FRA,1977,3670.6362
France,FRA,1978,3654.034
France,FRA,1979,3637.6963
France,FRA,1980,3618.3257
France,FRA,1981,3596.9053
France,FRA,1982,3583.7935
France,FRA,1983,3564.5332
France,FRA,1984,3547.163
France,FRA,1985,3529.477
France,FRA,1986,3511.4824
France,FRA,1987,3492.4636
France,FRA,1988,3472.3315
France,FRA,1989,3451.6643
France,FRA,1990,3432.8274
France,FRA,1991,3415.6365
France,FRA,1992,3398.668
France,FRA,1993,3383.9175
France,FRA,1994,3371.2678
France,FRA,1995,3359.0134
France,FRA,1996,3347.028
France,FRA,1997,3335.1084
France,FRA,1998,3322.7734
France,FRA,1999,3305.6765
France,FRA,2000,3283.0662
France,FRA,2001,3259.22
France,FRA,2002,3235.6104
France,FRA,2003,3212.859
France,FRA,2004,3189.4067
France,FRA,2005,3165.5159
France,FRA,2006,3143.5498
France,FRA,2007,3124.1755
France,FRA,2008,3106.7905
France,FRA,2009,3090.8826
France,FRA,2010,3075.6829
France,FRA,2011,3060.8733
France,FRA,2012,3046.103
France,FRA,2013,3030.398
France,FRA,2014,3016.0422
France,FRA,2015,3005.3372
France,FRA,2016,2997.4175
France,FRA,2017,2988.7317
France,FRA,2018,2978.0364
France,FRA,2019,2968.149
France,FRA,2020,2958.5312
France,FRA,2021,2947.991
France,FRA,2022,2933.2197
Gabon,GAB,1961,316439.8
Gabon,GAB,1962,312589.94
Gabon,GAB,1963,308588.53
Gabon,GAB,1964,304460.9
Gabon,GAB,1965,300196.97
Gabon,GAB,1966,295781.7
Gabon,GAB,1967,291240.75
Gabon,GAB,1968,286584.53
Gabon,GAB,1969,281170.5
Gabon,GAB,1970,275238.9
Gabon,GAB,1971,269582.53
Gabon,GAB,1972,264107.2
Gabon,GAB,1973,258677.12
Gabon,GAB,1974,253207.16
Gabon,GAB,1975,247660.44
Gabon,GAB,1976,242020.7
Gabon,GAB,1977,236316.69
Gabon,GAB,1978,230581.58
Gabon,GAB,1979,224850.05
Gabon,GAB,1980,219137.38
Gabon,GAB,1981,213434.67
Gabon,GAB,1982,207782.73
Gabon,GAB,1983,202218.23
Gabon,GAB,1984,196760.4
Gabon,GAB,1985,191426.44
Gabon,GAB,1986,186214.45
Gabon,GAB,1987,181119.61
Gabon,GAB,1988,176150.89
Gabon,GAB,1989,171344.16
Gabon,GAB,1990,166711.73
Gabon,GAB,1991,162244.83
Gabon,GAB,1992,157938.33
Gabon,GAB,1993,153787.72
Gabon,GAB,1994,149810
Gabon,GAB,1995,146009.7
Gabon,GAB,1996,142359.25
Gabon,GAB,1997,138813.77
Gabon,GAB,1998,135343.02
Gabon,GAB,1999,131937.16
Gabon,GAB,2000,128569.77
Gabon,GAB,2001,125230.13
Gabon,GAB,2002,121920.85
Gabon,GAB,2003,118638.55
Gabon,GAB,2004,115362.24
Gabon,GAB,2005,112060.516
Gabon,GAB,2006,108729.016
Gabon,GAB,2007,105382.41
Gabon,GAB,2008,102042.41
Gabon,GAB,2009,98702.664
Gabon,GAB,2010,95355.55
Gabon,GAB,2011,92032.2
Gabon,GAB,2012,88797.98
Gabon,GAB,2013,85726.58
Gabon,GAB,2014,82895.31
Gabon,GAB,2015,80353.2
Gabon,GAB,2016,78083.86
Gabon,GAB,2017,76035.05
Gabon,GAB,2018,74130.39
Gabon,GAB,2019,72319.78
Gabon,GAB,2020,70612.375
Gabon,GAB,2021,69002.6
Gabon,GAB,2022,67468.97
Gambia,GMB,1961,7336.2188
Gambia,GMB,1962,7140.086
Gambia,GMB,1963,6948.353
Gambia,GMB,1964,6761.5234
Gambia,GMB,1965,6579.64
Gambia,GMB,1966,6403.1963
Gambia,GMB,1967,6229.391
Gambia,GMB,1968,6057.3145
Gambia,GMB,1969,5888.8193
Gambia,GMB,1970,5724.044
Gambia,GMB,1971,5561.859
Gambia,GMB,1972,5401.804
Gambia,GMB,1973,5244.838
Gambia,GMB,1974,5092.6436
Gambia,GMB,1975,4943.7974
Gambia,GMB,1976,4794.883
Gambia,GMB,1977,4645.6167
Gambia,GMB,1978,4497.0566
Gambia,GMB,1979,4349.2065
Gambia,GMB,1980,4202.193
Gambia,GMB,1981,4058.8533
Gambia,GMB,1982,3917.7124
Gambia,GMB,1983,3775.8408
Gambia,GMB,1984,3633.5845
Gambia,GMB,1985,3492.9453
Gambia,GMB,1986,3355.6333
Gambia,GMB,1987,3222.0266
Gambia,GMB,1988,3092.2734
Gambia,GMB,1989,2966.3115
Gambia,GMB,1990,2844.4216
Gambia,GMB,1991,2727.3743
Gambia,GMB,1992,2618.7563
Gambia,GMB,1993,2524.4768
Gambia,GMB,1994,2444.5376
Gambia,GMB,1995,2372.83
Gambia,GMB,1996,2305.1921
Gambia,GMB,1997,2240.6638
Gambia,GMB,1998,2178.67
Gambia,GMB,1999,2118.9749
Gambia,GMB,2000,2061.7366
Gambia,GMB,2001,2006.6742
Gambia,GMB,2002,1953.518
Gambia,GMB,2003,1901.6095
Gambia,GMB,2004,1850.3533
Gambia,GMB,2005,1799.6001
Gambia,GMB,2006,1748.9907
Gambia,GMB,2007,1698.9717
Gambia,GMB,2008,1650.2993
Gambia,GMB,2009,1603.0591
Gambia,GMB,2010,1557.123
Gambia,GMB,2011,1512.2615
Gambia,GMB,2012,1468.3612
Gambia,GMB,2013,1425.9775
Gambia,GMB,2014,1385.9834
Gambia,GMB,2015,1348.6001
Gambia,GMB,2016,1313.6179
Gambia,GMB,2017,1280.853
Gambia,GMB,2018,1250.1917
Gambia,GMB,2019,1221.0787
Gambia,GMB,2020,1192.4954
Gambia,GMB,2021,1164.5918
Gambia,GMB,2022,1137.8851
Georgia,GEO,1992,11927.772
Georgia,GEO,1993,11836.452
Georgia,GEO,1994,12020.076
Georgia,GEO,1995,12480.35
Georgia,GEO,1996,12941.65
Georgia,GEO,1997,13363.485
Georgia,GEO,1998,13698.253
Georgia,GEO,1999,13982.996
Georgia,GEO,2000,14257.575
Georgia,GEO,2001,14480.468
Georgia,GEO,2002,14610.9795
Georgia,GEO,2003,14709.991
Georgia,GEO,2004,14801.367
Georgia,GEO,2005,14895.698
Georgia,GEO,2006,14980.619
Georgia,GEO,2007,15058.969
Georgia,GEO,2008,15104.786
Georgia,GEO,2009,15239.542
Georgia,GEO,2010,15351.117
Georgia,GEO,2011,15474.754
Georgia,GEO,2012,15589.156
Georgia,GEO,2013,15636.146
Georgia,GEO,2014,15628.806
Georgia,GEO,2015,15604.213
Georgia,GEO,2016,15594.882
Georgia,GEO,2017,15592.794
Georgia,GEO,2018,15598.883
Georgia,GEO,2019,15625.668
Georgia,GEO,2020,15614.943
Georgia,GEO,2021,15674.336
Georgia,GEO,2022,15657.904
Germany,DEU,1961,1458.2101
Germany,DEU,1962,1445.4423
Germany,DEU,1963,1432.1211
Germany,DEU,1964,1420.6368
Germany,DEU,1965,1408.5676
Germany,DEU,1966,1396.8612
Germany,DEU,1967,1390.4891
Germany,DEU,1968,1384.3192
Germany,DEU,1969,1373.3851
Germany,DEU,1970,1368.824
Germany,DEU,1971,1366.3148
Germany,DEU,1972,1359.793
Germany,DEU,1973,1355.5171
Germany,DEU,1974,1354.989
Germany,DEU,1975,1360.0504
Germany,DEU,1976,1365.8944
Germany,DEU,1977,1368.99
Germany,DEU,1978,1370.1819
Germany,DEU,1979,1369.5763
Germany,DEU,1980,1366.7384
Germany,DEU,1981,1364.6583
Germany,DEU,1982,1365.9569
Germany,DEU,1983,1369.5425
Germany,DEU,1984,1374.2847
Germany,DEU,1985,1377.3595
Germany,DEU,1986,1376.7292
Germany,DEU,1987,1374.616
Germany,DEU,1988,1369.2561
Germany,DEU,1989,1358.708
Germany,DEU,1990,1347.0468
Germany,DEU,1991,1337.2677
Germany,DEU,1992,1327.1384
Germany,DEU,1993,1318.4425
Germany,DEU,1994,1313.8773
Germany,DEU,1995,1310.0215
Germany,DEU,1996,1306.2347
Germany,DEU,1997,1304.325
Germany,DEU,1998,1304.1274
Germany,DEU,1999,1303.2848
Germany,DEU,2000,1301.521
Germany,DEU,2001,1299.3333
Germany,DEU,2002,1297.1506
Germany,DEU,2003,1296.4326
Germany,DEU,2004,1296.7141
Germany,DEU,2005,1297.4506
Germany,DEU,2006,1298.9149
Germany,DEU,2007,1300.653
Germany,DEU,2008,1303.1284
Germany,DEU,2009,1306.4344
Germany,DEU,2010,1308.4375
Germany,DEU,2011,1332.9183
Germany,DEU,2012,1330.4185
Germany,DEU,2013,1326.7927
Germany,DEU,2014,1321.2731
Germany,DEU,2015,1309.8842
Germany,DEU,2016,1299.3531
Germany,DEU,2017,1294.5062
Germany,DEU,2018,1290.6217
Germany,DEU,2019,1287.7144
Germany,DEU,2020,1286.6628
Germany,DEU,2021,1286.1183
Germany,DEU,2022,1286.4008
Ghana,GHA,1961,4230.268
Ghana,GHA,1962,4129.5425
Ghana,GHA,1963,4032.0896
Ghana,GHA,1964,3937.2437
Ghana,GHA,1965,3843.9065
Ghana,GHA,1966,3752.5447
Ghana,GHA,1967,3662.9978
Ghana,GHA,1968,3574.9138
Ghana,GHA,1969,3486.6128
Ghana,GHA,1970,3394.6487
Ghana,GHA,1971,3301.9973
Ghana,GHA,1972,3210.3623
Ghana,GHA,1973,3119.0112
Ghana,GHA,1974,3029.8416
Ghana,GHA,1975,2943.374
Ghana,GHA,1976,2859.863
Ghana,GHA,1977,2776.7922
Ghana,GHA,1978,2693.7043
Ghana,GHA,1979,2612.6873
Ghana,GHA,1980,2537.3806
Ghana,GHA,1981,2467.0828
Ghana,GHA,1982,2396.4277
Ghana,GHA,1983,2325.4321
Ghana,GHA,1984,2266.1677
Ghana,GHA,1985,2217.9556
Ghana,GHA,1986,2169.6763
Ghana,GHA,1987,2120.4963
Ghana,GHA,1988,2070.1575
Ghana,GHA,1989,2019.0829
Ghana,GHA,1990,1968.2164
Ghana,GHA,1991,1919.2404
Ghana,GHA,1992,1872.1206
Ghana,GHA,1993,1826.4543
Ghana,GHA,1994,1783.0673
Ghana,GHA,1995,1741.4777
Ghana,GHA,1996,1701.2742
Ghana,GHA,1997,1661.2792
Ghana,GHA,1998,1621.3582
Ghana,GHA,1999,1582.2567
Ghana,GHA,2000,1542.9987
Ghana,GHA,2001,1502.4493
Ghana,GHA,2002,1461.693
Ghana,GHA,2003,1422.7552
Ghana,GHA,2004,1385.5674
Ghana,GHA,2005,1349.6997
Ghana,GHA,2006,1315.0641
Ghana,GHA,2007,1281.6023
Ghana,GHA,2008,1249.4873
Ghana,GHA,2009,1218.6948
Ghana,GHA,2010,1189.4016
Ghana,GHA,2011,1161.1381
Ghana,GHA,2012,1133.3768
Ghana,GHA,2013,1106.397
Ghana,GHA,2014,1080.5378
Ghana,GHA,2015,1055.8938
Ghana,GHA,2016,1032.1309
Ghana,GHA,2017,1009.7188
Ghana,GHA,2018,988.9813
Ghana,GHA,2019,969.3226
Ghana,GHA,2020,950.2064
Ghana,GHA,2021,931.7726
Ghana,GHA,2022,914.05054
Greece,GRC,1961,6906.365
Greece,GRC,1962,6865.341
Greece,GRC,1963,6839.9253
Greece,GRC,1964,6815.1675
Greece,GRC,1965,6783.3613
Greece,GRC,1966,6733.4976
Greece,GRC,1967,6678.8823
Greece,GRC,1968,6635.5747
Greece,GRC,1969,6611.371
Greece,GRC,1970,6596.302
Greece,GRC,1971,6567.7456
Greece,GRC,1972,6525.1914
Greece,GRC,1973,6495.6255
Greece,GRC,1974,6471.754
Greece,GRC,1975,6411.29
Greece,GRC,1976,6312.4785
Greece,GRC,1977,6230.8784
Greece,GRC,1978,6150.61
Greece,GRC,1979,6074.4062
Greece,GRC,1980,6015.0347
Greece,GRC,1981,5961.3438
Greece,GRC,1982,5924.7075
Greece,GRC,1983,5890.342
Greece,GRC,1984,5861.072
Greece,GRC,1985,5838.358
Greece,GRC,1986,5819.079
Greece,GRC,1987,5799.655
Greece,GRC,1988,5778.629
Greece,GRC,1989,5748.552
Greece,GRC,1990,5688.0635
Greece,GRC,1991,5620.195
Greece,GRC,1992,5577.427
Greece,GRC,1993,5544.713
Greece,GRC,1994,5517.02
Greece,GRC,1995,5491.3047
Greece,GRC,1996,5467.159
Greece,GRC,1997,5440.258
Greece,GRC,1998,5410.191
Greece,GRC,1999,5389.484
Greece,GRC,2000,5367.484
Greece,GRC,2001,5339.6514
Greece,GRC,2002,5320.114
Greece,GRC,2003,5307.433
Greece,GRC,2004,5294.318
Greece,GRC,2005,5278.8154
Greece,GRC,2006,5262.985
Greece,GRC,2007,5249.594
Greece,GRC,2008,5235.6772
Greece,GRC,2009,5221.9243
Greece,GRC,2010,5215.198
Greece,GRC,2011,5222.92
Greece,GRC,2012,5251.2397
Greece,GRC,2013,5289.456
Greece,GRC,2014,5324.807
Greece,GRC,2015,5360.0063
Greece,GRC,2016,5382.3457
Greece,GRC,2017,5393.0015
Greece,GRC,2018,5403.954
Greece,GRC,2019,5409.6494
Greece,GRC,2020,5421.2705
Greece,GRC,2021,5487.6396
Greece,GRC,2022,5557.2153
Grenada,GRD,1962,2075.227
Grenada,GRD,1963,2057.719
Grenada,GRD,1964,2045.8265
Grenada,GRD,1965,2039.422
Grenada,GRD,1966,2038.2997
Grenada,GRD,1967,2039.4429
Grenada,GRD,1968,2039.1932
Grenada,GRD,1969,2036.5769
Grenada,GRD,1970,2032.2312
Grenada,GRD,1971,2027.4106
Grenada,GRD,1972,2024.7628
Grenada,GRD,1973,2026.1577
Grenada,GRD,1974,2030.7455
Grenada,GRD,1975,2038.1958
Grenada,GRD,1976,2048.5088
Grenada,GRD,1977,2061.4944
Grenada,GRD,1978,2076.7354
Grenada,GRD,1979,2094.4602
Grenada,GRD,1980,2115.5515
Grenada,GRD,1981,2126.4832
Grenada,GRD,1982,2119.0256
Grenada,GRD,1983,2106.4163
Grenada,GRD,1984,2094.2847
Grenada,GRD,1985,2080.9272
Grenada,GRD,1986,2066.329
Grenada,GRD,1987,2050.735
Grenada,GRD,1988,2034.4225
Grenada,GRD,1989,2017.7358
Grenada,GRD,1990,2000.8604
Grenada,GRD,1991,1984.2648
Grenada,GRD,1992,1968.4652
Grenada,GRD,1993,1953.4684
Grenada,GRD,1994,1939.1495
Grenada,GRD,1995,1925.5023
Grenada,GRD,1996,1912.3384
Grenada,GRD,1997,1899.4615
Grenada,GRD,1998,1886.6323
Grenada,GRD,1999,1873.9401
Grenada,GRD,2000,1861.3135
Grenada,GRD,2001,1852.0748
Grenada,GRD,2002,1844.9503
Grenada,GRD,2003,1836.8171
Grenada,GRD,2004,1829.4412
Grenada,GRD,2005,1822.5891
Grenada,GRD,2006,1815.9531
Grenada,GRD,2007,1809.5945
Grenada,GRD,2008,1803.4916
Grenada,GRD,2009,1797.6882
Grenada,GRD,2010,1792.3396
Grenada,GRD,2011,1784.4556
Grenada,GRD,2012,1773.4427
Grenada,GRD,2013,1762.3164
Grenada,GRD,2014,1752.3569
Grenada,GRD,2015,1744.0441
Grenada,GRD,2016,1737.1666
Grenada,GRD,2017,1732.5317
Grenada,GRD,2018,1728.7429
Grenada,GRD,2019,1724.4204
Grenada,GRD,2020,1719.0845
Grenada,GRD,2021,1713.9723
Grenada,GRD,2022,1710.6737
Guatemala,GTM,1961,26085.703
Guatemala,GTM,1962,25324.416
Guatemala,GTM,1963,24593.133
Guatemala,GTM,1964,23889.17
Guatemala,GTM,1965,23209.523
Guatemala,GTM,1966,22557.52
Guatemala,GTM,1967,21932.723
Guatemala,GTM,1968,21335.996
Guatemala,GTM,1969,20771.984
Guatemala,GTM,1970,20233.59
Guatemala,GTM,1971,19717.047
Guatemala,GTM,1972,19215.768
Guatemala,GTM,1973,18725.465
Guatemala,GTM,1974,18257.215
Guatemala,GTM,1975,17817.719
Guatemala,GTM,1976,17437.393
Guatemala,GTM,1977,17058.463
Guatemala,GTM,1978,16642.45
Guatemala,GTM,1979,16231.168
Guatemala,GTM,1980,15825.601
Guatemala,GTM,1981,15433.216
Guatemala,GTM,1982,15082.371
Guatemala,GTM,1983,14717.691
Guatemala,GTM,1984,14310.647
Guatemala,GTM,1985,13911.372
Guatemala,GTM,1986,13530.227
Guatemala,GTM,1987,13162.2
Guatemala,GTM,1988,12798.727
Guatemala,GTM,1989,12443.67
Guatemala,GTM,1990,12100.027
Guatemala,GTM,1991,11776.652
Guatemala,GTM,1992,11467.858
Guatemala,GTM,1993,11165.917
Guatemala,GTM,1994,10872.468
Guatemala,GTM,1995,10588.582
Guatemala,GTM,1996,10317.923
Guatemala,GTM,1997,10057.329
Guatemala,GTM,1998,9803.266
Guatemala,GTM,1999,9559.689
Guatemala,GTM,2000,9335.255
Guatemala,GTM,2001,9123.247
Guatemala,GTM,2002,8916.531
Guatemala,GTM,2003,8717.977
Guatemala,GTM,2004,8526.319
Guatemala,GTM,2005,8343.757
Guatemala,GTM,2006,8169.092
Guatemala,GTM,2007,7998.8047
Guatemala,GTM,2008,7836.285
Guatemala,GTM,2009,7681.696
Guatemala,GTM,2010,7530.976
Guatemala,GTM,2011,7382.306
Guatemala,GTM,2012,7236.75
Guatemala,GTM,2013,7096.7446
Guatemala,GTM,2014,6963.5195
Guatemala,GTM,2015,6837.0747
Guatemala,GTM,2016,6712.251
Guatemala,GTM,2017,6591.2744
Guatemala,GTM,2018,6482.372
Guatemala,GTM,2019,6384.545
Guatemala,GTM,2020,6291.292
Guatemala,GTM,2021,6205.0215
Guatemala,GTM,2022,6118.3745
Guinea,GIN,1961,62438.684
Guinea,GIN,1962,61341.816
Guinea,GIN,1963,60251.34
Guinea,GIN,1964,59166.61
Guinea,GIN,1965,58086.996
Guinea,GIN,1966,57010.89
Guinea,GIN,1967,55938.477
Guinea,GIN,1968,54873.68
Guinea,GIN,1969,53831.312
Guinea,GIN,1970,52834.168
Guinea,GIN,1971,51891.992
Guinea,GIN,1972,51000.926
Guinea,GIN,1973,50151.742
Guinea,GIN,1974,49339.484
Guinea,GIN,1975,48561.67
Guinea,GIN,1976,47810.227
Guinea,GIN,1977,47072.27
Guinea,GIN,1978,46331.85
Guinea,GIN,1979,45571.105
Guinea,GIN,1980,44775.36
Guinea,GIN,1981,43940.76
Guinea,GIN,1982,43066.715
Guinea,GIN,1983,42165.64
Guinea,GIN,1984,41240.152
Guinea,GIN,1985,40282.527
Guinea,GIN,1986,39299.78
Guinea,GIN,1987,38303.8
Guinea,GIN,1988,37314.824
Guinea,GIN,1989,36358.89
Guinea,GIN,1990,35123.85
Guinea,GIN,1991,33745.617
Guinea,GIN,1992,32685.57
Guinea,GIN,1993,31705.16
Guinea,GIN,1994,30768.783
Guinea,GIN,1995,29920.898
Guinea,GIN,1996,29086.098
Guinea,GIN,1997,28494.447
Guinea,GIN,1998,27963.41
Guinea,GIN,1999,27343.816
Guinea,GIN,2000,26812.73
Guinea,GIN,2001,26463.824
Guinea,GIN,2002,26054.678
Guinea,GIN,2003,25476.9
Guinea,GIN,2004,24937.309
Guinea,GIN,2005,24443.414
Guinea,GIN,2006,23937.709
Guinea,GIN,2007,23389.922
Guinea,GIN,2008,22830.889
Guinea,GIN,2009,22280.203
Guinea,GIN,2010,21738.951
Guinea,GIN,2011,21207.098
Guinea,GIN,2012,20692.975
Guinea,GIN,2013,20193.225
Guinea,GIN,2014,19698.553
Guinea,GIN,2015,19206.14
Guinea,GIN,2016,18719.41
Guinea,GIN,2017,18246.91
Guinea,GIN,2018,17788.588
Guinea,GIN,2019,17338.807
Guinea,GIN,2020,16902.02
Guinea,GIN,2021,16483.701
Guinea,GIN,2022,16079.53
Guinea-Bissau,GNB,1961,27466.303
Guinea-Bissau,GNB,1962,27142.842
Guinea-Bissau,GNB,1963,26917.086
Guinea-Bissau,GNB,1964,27185.78
Guinea-Bissau,GNB,1965,27825.846
Guinea-Bissau,GNB,1966,28223.273
Guinea-Bissau,GNB,1967,28118.965
Guinea-Bissau,GNB,1968,27673.521
Guinea-Bissau,GNB,1969,27509.844
Guinea-Bissau,GNB,1970,27378.367
Guinea-Bissau,GNB,1971,27293.46
Guinea-Bissau,GNB,1972,27274.896
Guinea-Bissau,GNB,1973,26990.19
Guinea-Bissau,GNB,1974,26086.758
Guinea-Bissau,GNB,1975,24578.857
Guinea-Bissau,GNB,1976,23048.412
Guinea-Bissau,GNB,1977,21569.477
Guinea-Bissau,GNB,1978,20209.828
Guinea-Bissau,GNB,1979,19515.361
Guinea-Bissau,GNB,1980,19293.31
Guinea-Bissau,GNB,1981,18992.63
Guinea-Bissau,GNB,1982,18693.969
Guinea-Bissau,GNB,1983,18399.434
Guinea-Bissau,GNB,1984,18109.4
Guinea-Bissau,GNB,1985,17823.387
Guinea-Bissau,GNB,1986,17541.436
Guinea-Bissau,GNB,1987,17262.549
Guinea-Bissau,GNB,1988,16984.04
Guinea-Bissau,GNB,1989,16705.14
Guinea-Bissau,GNB,1990,16432.69
Guinea-Bissau,GNB,1991,16086.238
Guinea-Bissau,GNB,1992,15619.569
Guinea-Bissau,GNB,1993,15112.232
Guinea-Bissau,GNB,1994,14651.599
Guinea-Bissau,GNB,1995,14286.365
Guinea-Bissau,GNB,1996,13991.701
Guinea-Bissau,GNB,1997,13727.483
Guinea-Bissau,GNB,1998,13473.99
Guinea-Bissau,GNB,1999,13220.89
Guinea-Bissau,GNB,2000,12958.184
Guinea-Bissau,GNB,2001,12685.597
Guinea-Bissau,GNB,2002,12409.768
Guinea-Bissau,GNB,2003,12132.187
Guinea-Bissau,GNB,2004,11855.689
Guinea-Bissau,GNB,2005,11580.901
Guinea-Bissau,GNB,2006,11305
Guinea-Bissau,GNB,2007,11026.984
Guinea-Bissau,GNB,2008,10752.298
Guinea-Bissau,GNB,2009,10482.338
Guinea-Bissau,GNB,2010,10214.851
Guinea-Bissau,GNB,2011,9949.778
Guinea-Bissau,GNB,2012,9688.649
Guinea-Bissau,GNB,2013,9434.112
Guinea-Bissau,GNB,2014,9189.477
Guinea-Bissau,GNB,2015,8956.275
Guinea-Bissau,GNB,2016,8734.135
Guinea-Bissau,GNB,2017,8523.914
Guinea-Bissau,GNB,2018,8323.935
Guinea-Bissau,GNB,2019,8131.3374
Guinea-Bissau,GNB,2020,7947.329
Guinea-Bissau,GNB,2021,7771.363
Guinea-Bissau,GNB,2022,7599.0405
Guyana,GUY,1961,413685.62
Guyana,GUY,1962,404728.44
Guyana,GUY,1963,396031.78
Guyana,GUY,1964,387606.88
Guyana,GUY,1965,379451.06
Guyana,GUY,1966,371543.2
Guyana,GUY,1967,363877.4
Guyana,GUY,1968,356424.5
Guyana,GUY,1969,349162.53
Guyana,GUY,1970,342960.4
Guyana,GUY,1971,338168.72
Guyana,GUY,1972,333972.2
Guyana,GUY,1973,330074.6
Guyana,GUY,1974,326533.03
Guyana,GUY,1975,323319.38
Guyana,GUY,1976,320370.94
Guyana,GUY,1977,317667.88
Guyana,GUY,1978,315203.25
Guyana,GUY,1979,312961.8
Guyana,GUY,1980,311221.94
Guyana,GUY,1981,310385.8
Guyana,GUY,1982,310282.3
Guyana,GUY,1983,310610.62
Guyana,GUY,1984,311324.88
Guyana,GUY,1985,312387.78
Guyana,GUY,1986,313762.03
Guyana,GUY,1987,315395.5
Guyana,GUY,1988,317245.94
Guyana,GUY,1989,319262.38
Guyana,GUY,1990,321378.75
Guyana,GUY,1991,322252.4
Guyana,GUY,1992,321371.47
Guyana,GUY,1993,320068
Guyana,GUY,1994,318858.16
Guyana,GUY,1995,317779.28
Guyana,GUY,1996,316885.94
Guyana,GUY,1997,316171.3
Guyana,GUY,1998,315616.06
Guyana,GUY,1999,315245.72
Guyana,GUY,2000,315101.88
Guyana,GUY,2001,315248.2
Guyana,GUY,2002,315588.78
Guyana,GUY,2003,315816.66
Guyana,GUY,2004,316099.56
Guyana,GUY,2005,316724.38
Guyana,GUY,2006,317537.28
Guyana,GUY,2007,318420.44
Guyana,GUY,2008,319371.97
Guyana,GUY,2009,320438.66
Guyana,GUY,2010,321652.4
Guyana,GUY,2011,322990.06
Guyana,GUY,2012,322931.62
Guyana,GUY,2013,321324.34
Guyana,GUY,2014,319531.6
Guyana,GUY,2015,317614.7
Guyana,GUY,2016,315631.75
Guyana,GUY,2017,313606.5
Guyana,GUY,2018,304463.62
Guyana,GUY,2019,298391.03
Guyana,GUY,2020,298459.03
Guyana,GUY,2021,295530.75
Guyana,GUY,2022,293316.88
Haiti,HTI,1961,3310.4863
Haiti,HTI,1962,3250.4702
Haiti,HTI,1963,3193.4158
Haiti,HTI,1964,3137.0562
Haiti,HTI,1965,3079.44
Haiti,HTI,1966,3023.0283
Haiti,HTI,1967,2967.6028
Haiti,HTI,1968,2912.888
Haiti,HTI,1969,2859.0999
Haiti,HTI,1970,2806.1816
Haiti,HTI,1971,2753.8276
Haiti,HTI,1972,2701.985
Haiti,HTI,1973,2650.8418
Haiti,HTI,1974,2600.4658
Haiti,HTI,1975,2550.8494
Haiti,HTI,1976,2502.1367
Haiti,HTI,1977,2454.3936
Haiti,HTI,1978,2407.5535
Haiti,HTI,1979,2361.65
Haiti,HTI,1980,2316.6829
Haiti,HTI,1981,2272.4712
Haiti,HTI,1982,2228.7766
Haiti,HTI,1983,2185.6477
Haiti,HTI,1984,2143.1055
Haiti,HTI,1985,2100.9998
Haiti,HTI,1986,2059.3333
Haiti,HTI,1987,2018.1151
Haiti,HTI,1988,1977.3052
Haiti,HTI,1989,1937.0846
Haiti,HTI,1990,1897.6018
Haiti,HTI,1991,1859.3514
Haiti,HTI,1992,1822.584
Haiti,HTI,1993,1787.1223
Haiti,HTI,1994,1753.019
Haiti,HTI,1995,1719.9235
Haiti,HTI,1996,1687.5646
Haiti,HTI,1997,1656.036
Haiti,HTI,1998,1625.4396
Haiti,HTI,1999,1595.6971
Haiti,HTI,2000,1566.5137
Haiti,HTI,2001,1538.2126
Haiti,HTI,2002,1511.0992
Haiti,HTI,2003,1484.8323
Haiti,HTI,2004,1459.7773
Haiti,HTI,2005,1435.4495
Haiti,HTI,2006,1411.2638
Haiti,HTI,2007,1387.6655
Haiti,HTI,2008,1364.737
Haiti,HTI,2009,1342.3698
Haiti,HTI,2010,1326.799
Haiti,HTI,2011,1311.8634
Haiti,HTI,2012,1291.6877
Haiti,HTI,2013,1272.4065
Haiti,HTI,2014,1253.9
Haiti,HTI,2015,1236.0259
Haiti,HTI,2016,1218.8589
Haiti,HTI,2017,1202.3752
Haiti,HTI,2018,1186.5144
Haiti,HTI,2019,1171.257
Haiti,HTI,2020,1156.8104
Haiti,HTI,2021,1143.5142
Haiti,HTI,2022,1130.689
High-income countries,OWID_HIC,1961,13806.5
High-income countries,OWID_HIC,1962,13628.957
High-income countries,OWID_HIC,1963,13467.455
High-income countries,OWID_HIC,1964,13310.013
High-income countries,OWID_HIC,1965,13162.449
High-income countries,OWID_HIC,1966,13025.179
High-income countries,OWID_HIC,1967,12893.076
High-income countries,OWID_HIC,1968,12767.768
High-income countries,OWID_HIC,1969,12644.362
High-income countries,OWID_HIC,1970,12523.252
High-income countries,OWID_HIC,1971,12377.978
High-income countries,OWID_HIC,1972,12255.402
High-income countries,OWID_HIC,1973,12140.13
High-income countries,OWID_HIC,1974,12029.993
High-income countries,OWID_HIC,1975,11924.911
High-income countries,OWID_HIC,1976,11829.169
High-income countries,OWID_HIC,1977,11735.723
High-income countries,OWID_HIC,1978,11643.302
High-income countries,OWID_HIC,1979,11550.878
High-income countries,OWID_HIC,1980,11460.345
High-income countries,OWID_HIC,1981,11371.228
High-income countries,OWID_HIC,1982,11290.449
High-income countries,OWID_HIC,1983,11215.243
High-income countries,OWID_HIC,1984,11145.196
High-income countries,OWID_HIC,1985,11075.517
High-income countries,OWID_HIC,1986,11004.003
High-income countries,OWID_HIC,1987,10931.085
High-income countries,OWID_HIC,1988,10856.824
High-income countries,OWID_HIC,1989,10778.718
High-income countries,OWID_HIC,1990,10702.774
High-income countries,OWID_HIC,1991,10617.7705
High-income countries,OWID_HIC,1992,12863.426
High-income countries,OWID_HIC,1993,12630.364
High-income countries,OWID_HIC,1994,12553.984
High-income countries,OWID_HIC,1995,12481.812
High-income countries,OWID_HIC,1996,12412.692
High-income countries,OWID_HIC,1997,12343.748
High-income countries,OWID_HIC,1998,12278.068
High-income countries,OWID_HIC,1999,12215.52
High-income countries,OWID_HIC,2000,12154.805
High-income countries,OWID_HIC,2001,12093.923
High-income countries,OWID_HIC,2002,12032.391
High-income countries,OWID_HIC,2003,11969.178
High-income countries,OWID_HIC,2004,11904.112
High-income countries,OWID_HIC,2005,11839.66
High-income countries,OWID_HIC,2006,11768.658
High-income countries,OWID_HIC,2007,11690.078
High-income countries,OWID_HIC,2008,11608.719
High-income countries,OWID_HIC,2009,11536.877
High-income countries,OWID_HIC,2010,11485.555
High-income countries,OWID_HIC,2011,11434.51
High-income countries,OWID_HIC,2012,11367.482
High-income countries,OWID_HIC,2013,11302.148
High-income countries,OWID_HIC,2014,11240.674
High-income countries,OWID_HIC,2015,11170.231
High-income countries,OWID_HIC,2016,11102.241
High-income countries,OWID_HIC,2017,11053.327
High-income countries,OWID_HIC,2018,11015
High-income countries,OWID_HIC,2019,10977.798
High-income countries,OWID_HIC,2020,10947.755
High-income countries,OWID_HIC,2021,10959.8125
High-income countries,OWID_HIC,2022,10983.703
Honduras,HND,1961,42739.113
Honduras,HND,1962,41547.82
Honduras,HND,1963,40385.27
Honduras,HND,1964,39249.22
Honduras,HND,1965,38137.996
Honduras,HND,1966,37053.22
Honduras,HND,1967,35995.504
Honduras,HND,1968,34962.594
Honduras,HND,1969,33951.383
Honduras,HND,1970,32958.703
Honduras,HND,1971,31983.168
Honduras,HND,1972,31026.014
Honduras,HND,1973,30105.01
Honduras,HND,1974,29246.709
Honduras,HND,1975,28391.28
Honduras,HND,1976,27518.951
Honduras,HND,1977,26675.258
Honduras,HND,1978,25862.49
Honduras,HND,1979,25078.97
Honduras,HND,1980,24324.066
Honduras,HND,1981,23598.45
Honduras,HND,1982,22901.295
Honduras,HND,1983,22230.537
Honduras,HND,1984,21586.484
Honduras,HND,1985,20969.889
Honduras,HND,1986,20378.076
Honduras,HND,1987,19808.123
Honduras,HND,1988,19257.906
Honduras,HND,1989,18724.295
Honduras,HND,1990,18203.035
Honduras,HND,1991,17693.926
Honduras,HND,1992,17198.365
Honduras,HND,1993,16716.916
Honduras,HND,1994,16249.52
Honduras,HND,1995,15795.424
Honduras,HND,1996,15355.811
Honduras,HND,1997,14932.173
Honduras,HND,1998,14541.824
Honduras,HND,1999,14164.601
Honduras,HND,2000,13782.78
Honduras,HND,2001,13415.226
Honduras,HND,2002,13065.549
Honduras,HND,2003,12734.554
Honduras,HND,2004,12420.89
Honduras,HND,2005,12122.987
Honduras,HND,2006,11840.406
Honduras,HND,2007,11571.453
Honduras,HND,2008,11314.697
Honduras,HND,2009,11069.733
Honduras,HND,2010,10836.878
Honduras,HND,2011,10615.2
Honduras,HND,2012,10402.663
Honduras,HND,2013,10198.804
Honduras,HND,2014,10003.176
Honduras,HND,2015,9814.551
Honduras,HND,2016,9631.995
Honduras,HND,2017,9455.435
Honduras,HND,2018,9283.979
Honduras,HND,2019,9117.392
Honduras,HND,2020,8958.816
Honduras,HND,2021,8810.601
Honduras,HND,2022,8664.097
Hungary,HUN,1961,598.3272
Hungary,HUN,1962,596.37256
Hungary,HUN,1963,594.76917
Hungary,HUN,1964,592.895
Hungary,HUN,1965,591.2533
Hungary,HUN,1966,589.46893
Hungary,HUN,1967,587.2793
Hungary,HUN,1968,585.03394
Hungary,HUN,1969,582.5965
Hungary,HUN,1970,580.3881
Hungary,HUN,1971,578.72955
Hungary,HUN,1972,577.0069
Hungary,HUN,1973,575.1503
Hungary,HUN,1974,572.589
Hungary,HUN,1975,569.2316
Hungary,HUN,1976,566.1084
Hungary,HUN,1977,563.48444
Hungary,HUN,1978,561.5442
Hungary,HUN,1979,560.53015
Hungary,HUN,1980,560.1654
Hungary,HUN,1981,560.12744
Hungary,HUN,1982,560.45776
Hungary,HUN,1983,561.3004
Hungary,HUN,1984,562.4247
Hungary,HUN,1985,563.44836
Hungary,HUN,1986,564.41034
Hungary,HUN,1987,565.3582
Hungary,HUN,1988,566.2254
Hungary,HUN,1989,572.4252
Hungary,HUN,1990,578.3697
Hungary,HUN,1991,578.40247
Hungary,HUN,1992,578.62885
Hungary,HUN,1993,579.28906
Hungary,HUN,1994,580.0826
Hungary,HUN,1995,580.89075
Hungary,HUN,1996,581.8894
Hungary,HUN,1997,583.06287
Hungary,HUN,1998,584.4211
Hungary,HUN,1999,586.07886
Hungary,HUN,2000,587.6033
Hungary,HUN,2001,588.95264
Hungary,HUN,2002,590.6321
Hungary,HUN,2003,592.3263
Hungary,HUN,2004,593.6394
Hungary,HUN,2005,594.82117
Hungary,HUN,2006,595.74817
Hungary,HUN,2007,596.67175
Hungary,HUN,2008,597.7174
Hungary,HUN,2009,598.64404
Hungary,HUN,2010,599.9986
Hungary,HUN,2011,601.7012
Hungary,HUN,2012,604.81665
Hungary,HUN,2013,607.7344
Hungary,HUN,2014,610.1878
Hungary,HUN,2015,612.3852
Hungary,HUN,2016,614.76953
Hungary,HUN,2017,616.8552
Hungary,HUN,2018,618.1129
Hungary,HUN,2019,618.88696
Hungary,HUN,2020,620.4488
Hungary,HUN,2021,622.9927
Hungary,HUN,2022,624.66986
Iceland,ISL,1961,949566.8
Iceland,ISL,1962,932130
Iceland,ISL,1963,915686.8
Iceland,ISL,1964,899551.8
Iceland,ISL,1965,884099.75
Iceland,ISL,1966,869254
Iceland,ISL,1967,855341.6
Iceland,ISL,1968,843722.7
Iceland,ISL,1969,835918.94
Iceland,ISL,1970,831547.94
Iceland,ISL,1971,824850.3
Iceland,ISL,1972,812864.3
Iceland,ISL,1973,800689.56
Iceland,ISL,1974,789929.8
Iceland,ISL,1975,779891.6
Iceland,ISL,1976,772186.75
Iceland,ISL,1977,766459.75
Iceland,ISL,1978,760500.5
Iceland,ISL,1979,753095.44
Iceland,ISL,1980,745163
Iceland,ISL,1981,736712.1
Iceland,ISL,1982,726930.6
Iceland,ISL,1983,717369.2
Iceland,ISL,1984,709779.5
Iceland,ISL,1985,704210.75
Iceland,ISL,1986,699070.6
Iceland,ISL,1987,691453.25
Iceland,ISL,1988,680707.94
Iceland,ISL,1989,672330.06
Iceland,ISL,1990,667121.9
Iceland,ISL,1991,659433.56
Iceland,ISL,1992,651198.75
Iceland,ISL,1993,644610.9
Iceland,ISL,1994,639047.3
Iceland,ISL,1995,635590.06
Iceland,ISL,1996,632167.7
Iceland,ISL,1997,627010.1
Iceland,ISL,1998,620331.56
Iceland,ISL,1999,612875.44
Iceland,ISL,2000,604541.2
Iceland,ISL,2001,596558.2
Iceland,ISL,2002,591257.06
Iceland,ISL,2003,587176.75
Iceland,ISL,2004,582044.25
Iceland,ISL,2005,572903.7
Iceland,ISL,2006,559611.8
Iceland,ISL,2007,545630.8
Iceland,ISL,2008,535578.1
Iceland,ISL,2009,533753.6
Iceland,ISL,2010,534522.25
Iceland,ISL,2011,532892
Iceland,ISL,2012,530064
Iceland,ISL,2013,525073.8
Iceland,ISL,2014,519264.72
Iceland,ISL,2015,513882.38
Iceland,ISL,2016,506798.56
Iceland,ISL,2017,495049.5
Iceland,ISL,2018,481967.34
Iceland,ISL,2019,471484.88
Iceland,ISL,2020,463894.03
Iceland,ISL,2021,456351.34
Iceland,ISL,2022,445022.7
India,IND,1961,3238.0525
India,IND,1962,3162.155
India,IND,1963,3088.829
India,IND,1964,3017.3428
India,IND,1965,2950.1765
India,IND,1966,2887.7249
India,IND,1967,2826.3916
India,IND,1968,2766.316
India,IND,1969,2708.471
India,IND,1970,2649.0103
India,IND,1971,2590.9502
India,IND,1972,2534.698
India,IND,1973,2478.2952
India,IND,1974,2421.9426
India,IND,1975,2365.4138
India,IND,1976,2310.4138
India,IND,1977,2256.5505
India,IND,1978,2205.182
India,IND,1979,2154.4924
India,IND,1980,2103.7195
India,IND,1981,2054.8638
India,IND,1982,2007.4594
India,IND,1983,1961.0165
India,IND,1984,1915.5479
India,IND,1985,1871.4866
India,IND,1986,1828.7825
India,IND,1987,1787.5437
India,IND,1988,1747.7637
India,IND,1989,1709.14
India,IND,1990,1671.73
India,IND,1991,1635.8806
India,IND,1992,1601.405
India,IND,1993,1568.1284
India,IND,1994,1536.3958
India,IND,1995,1505.7778
India,IND,1996,1475.9945
India,IND,1997,1447.2537
India,IND,1998,1419.5049
India,IND,1999,1392.7606
India,IND,2000,1366.8295
India,IND,2001,1341.4991
India,IND,2002,1317.4193
India,IND,2003,1294.7673
India,IND,2004,1272.8969
India,IND,2005,1252.299
India,IND,2006,1232.8639
India,IND,2007,1214.4362
India,IND,2008,1197.0883
India,IND,2009,1179.9027
India,IND,2010,1162.864
India,IND,2011,1146.5044
India,IND,2012,1130.8585
India,IND,2013,1115.8876
India,IND,2014,1101.9014
India,IND,2015,1088.8353
India,IND,2016,1075.9375
India,IND,2017,1063.5032
India,IND,2018,1051.8972
India,IND,2019,1041.014
India,IND,2020,1030.9296
India,IND,2021,1022.4834
India,IND,2022,1014.43555
Indonesia,IDN,1961,22234.521
Indonesia,IDN,1962,21619.08
Indonesia,IDN,1963,21016.867
Indonesia,IDN,1964,20425.209
Indonesia,IDN,1965,19915.133
Indonesia,IDN,1966,19449.334
Indonesia,IDN,1967,18950.232
Indonesia,IDN,1968,18444.037
Indonesia,IDN,1969,17941.188
Indonesia,IDN,1970,17454.121
Indonesia,IDN,1971,16987.605
Indonesia,IDN,1972,16541.32
Indonesia,IDN,1973,16112.41
Indonesia,IDN,1974,15703.001
Indonesia,IDN,1975,15311.295
Indonesia,IDN,1976,14934.123
Indonesia,IDN,1977,14571.922
Indonesia,IDN,1978,14220.888
Indonesia,IDN,1979,13880.443
Indonesia,IDN,1980,13552.821
Indonesia,IDN,1981,13238.676
Indonesia,IDN,1982,12936.06
Indonesia,IDN,1983,12644.426
Indonesia,IDN,1984,12365.611
Indonesia,IDN,1985,12104.246
Indonesia,IDN,1986,11862.49
Indonesia,IDN,1987,11634.41
Indonesia,IDN,1988,11414.432
Indonesia,IDN,1989,11202.451
Indonesia,IDN,1990,11001.024
Indonesia,IDN,1991,10808.004
Indonesia,IDN,1992,10622.291
Indonesia,IDN,1993,10443.073
Indonesia,IDN,1994,10268.483
Indonesia,IDN,1995,10099.152
Indonesia,IDN,1996,9934.335
Indonesia,IDN,1997,9774.078
Indonesia,IDN,1998,9620.793
Indonesia,IDN,1999,9477.257
Indonesia,IDN,2000,9342.469
Indonesia,IDN,2001,9213.689
Indonesia,IDN,2002,9089.62
Indonesia,IDN,2003,8970.086
Indonesia,IDN,2004,8856.797
Indonesia,IDN,2005,8743.819
Indonesia,IDN,2006,8628.706
Indonesia,IDN,2007,8515.481
Indonesia,IDN,2008,8405.72
Indonesia,IDN,2009,8299.893
Indonesia,IDN,2010,8195.925
Indonesia,IDN,2011,8091.954
Indonesia,IDN,2012,7988.571
Indonesia,IDN,2013,7890.0938
Indonesia,IDN,2014,7797.9
Indonesia,IDN,2015,7710.87
Indonesia,IDN,2016,7628.4614
Indonesia,IDN,2017,7550.8706
Indonesia,IDN,2018,7478.0005
Indonesia,IDN,2019,7408.3623
Indonesia,IDN,2020,7345.6724
Indonesia,IDN,2021,7294.0967
Indonesia,IDN,2022,7239.8813
Iran,IRN,1961,5807.719
Iran,IRN,1962,5634.011
Iran,IRN,1963,5463.6665
Iran,IRN,1964,5296.1606
Iran,IRN,1965,5132.4087
Iran,IRN,1966,4974.976
Iran,IRN,1967,4825.669
Iran,IRN,1968,4683.39
Iran,IRN,1969,4544.8945
Iran,IRN,1970,4408.9746
Iran,IRN,1971,4279.1865
Iran,IRN,1972,4155.7275
Iran,IRN,1973,4035.8245
Iran,IRN,1974,3918.1055
Iran,IRN,1975,3801.4407
Iran,IRN,1976,3688.5784
Iran,IRN,1977,3576.082
Iran,IRN,1978,3461.1365
Iran,IRN,1979,3344.1812
Iran,IRN,1980,3225.2134
Iran,IRN,1981,3060.3025
Iran,IRN,1982,2902.5024
Iran,IRN,1983,2791.6858
Iran,IRN,1984,2688.622
Iran,IRN,1985,2591.6511
Iran,IRN,1986,2497.7625
Iran,IRN,1987,2409.8196
Iran,IRN,1988,2333.2798
Iran,IRN,1989,2266.1174
Iran,IRN,1990,2201.0928
Iran,IRN,1991,2142.1333
Iran,IRN,1992,2100.1885
Iran,IRN,1993,2092.7131
Iran,IRN,1994,2088.7312
Iran,IRN,1995,2065.7314
Iran,IRN,1996,2043.5328
Iran,IRN,1997,2019.1818
Iran,IRN,1998,1991.6349
Iran,IRN,1999,1963.469
Iran,IRN,2000,1934.6973
Iran,IRN,2001,1905.0582
Iran,IRN,2002,1889.3915
Iran,IRN,2003,1868.5653
Iran,IRN,2004,1829.0171
Iran,IRN,2005,1788.9846
Iran,IRN,2006,1750.8542
Iran,IRN,2007,1722.459
Iran,IRN,2008,1701.6666
Iran,IRN,2009,1680.6652
Iran,IRN,2010,1659.7598
Iran,IRN,2011,1639.3735
Iran,IRN,2012,1618.9878
Iran,IRN,2013,1597.9668
Iran,IRN,2014,1576.6476
Iran,IRN,2015,1555.3254
Iran,IRN,2016,1533.1892
Iran,IRN,2017,1511.2891
Iran,IRN,2018,1492.1387
Iran,IRN,2019,1476.1351
Iran,IRN,2020,1464.8308
Iran,IRN,2021,1452.708
Iran,IRN,2022,1435.3654
Iraq,IRQ,1961,4892.5903
Iraq,IRQ,1962,4747.8545
Iraq,IRQ,1963,4590.5493
Iraq,IRQ,1964,4439.083
Iraq,IRQ,1965,4291.563
Iraq,IRQ,1966,4148.4463
Iraq,IRQ,1967,4009.6282
Iraq,IRQ,1968,3874.5117
Iraq,IRQ,1969,3743.3445
Iraq,IRQ,1970,3615.5923
Iraq,IRQ,1971,3492.8228
Iraq,IRQ,1972,3374.8271
Iraq,IRQ,1973,3260.5063
Iraq,IRQ,1974,3151.93
Iraq,IRQ,1975,3049.2983
Iraq,IRQ,1976,2951.126
Iraq,IRQ,1977,2854.5835
Iraq,IRQ,1978,2760.058
Iraq,IRQ,1979,2672.667
Iraq,IRQ,1980,2589.7603
Iraq,IRQ,1981,2513.1404
Iraq,IRQ,1982,2443.4124
Iraq,IRQ,1983,2371.879
Iraq,IRQ,1984,2299.0408
Iraq,IRQ,1985,2244.407
Iraq,IRQ,1986,2189.852
Iraq,IRQ,1987,2130.6152
Iraq,IRQ,1988,2081.754
Iraq,IRQ,1989,2027.1194
Iraq,IRQ,1990,2002.138
Iraq,IRQ,1991,1981.1729
Iraq,IRQ,1992,1923.4084
Iraq,IRQ,1993,1833.2192
Iraq,IRQ,1994,1747.7823
Iraq,IRQ,1995,1690.2063
Iraq,IRQ,1996,1637.1088
Iraq,IRQ,1997,1587.2592
Iraq,IRQ,1998,1538.1658
Iraq,IRQ,1999,1489.2205
Iraq,IRQ,2000,1441.202
Iraq,IRQ,2001,1396.9452
Iraq,IRQ,2002,1353.5048
Iraq,IRQ,2003,1313.3025
Iraq,IRQ,2004,1276.3854
Iraq,IRQ,2005,1239.1117
Iraq,IRQ,2006,1230.059
Iraq,IRQ,2007,1239.803
Iraq,IRQ,2008,1215.0066
Iraq,IRQ,2009,1171.0613
Iraq,IRQ,2010,1133.8246
Iraq,IRQ,2011,1094.4789
Iraq,IRQ,2012,1045.9119
Iraq,IRQ,2013,997.6762
Iraq,IRQ,2014,963.06274
Iraq,IRQ,2015,937.1539
Iraq,IRQ,2016,915.00757
Iraq,IRQ,2017,894.8238
Iraq,IRQ,2018,874.1948
Iraq,IRQ,2019,854.5313
Iraq,IRQ,2020,835.77484
Iraq,IRQ,2021,817.2512
Iraq,IRQ,2022,798.7193
Ireland,IRL,1961,17348.818
Ireland,IRL,1962,17277.55
Ireland,IRL,1963,17177.012
Ireland,IRL,1964,17093.719
Ireland,IRL,1965,17029.854
Ireland,IRL,1966,16962.06
Ireland,IRL,1967,16882.29
Ireland,IRL,1968,16806.434
Ireland,IRL,1969,16708.438
Ireland,IRL,1970,16569.447
Ireland,IRL,1971,16376.731
Ireland,IRL,1972,16135.14
Ireland,IRL,1973,15878.417
Ireland,IRL,1974,15617.53
Ireland,IRL,1975,15362.669
Ireland,IRL,1976,15132.564
Ireland,IRL,1977,14929.011
Ireland,IRL,1978,14718.692
Ireland,IRL,1979,14523.897
Ireland,IRL,1980,14357.712
Ireland,IRL,1981,14190.559
Ireland,IRL,1982,14057.031
Ireland,IRL,1983,13957.728
Ireland,IRL,1984,13871.498
Ireland,IRL,1985,13849.312
Ireland,IRL,1986,13843.0205
Ireland,IRL,1987,13841.585
Ireland,IRL,1988,13900.91
Ireland,IRL,1989,13956.103
Ireland,IRL,1990,13944.326
Ireland,IRL,1991,13864.387
Ireland,IRL,1992,13770.118
Ireland,IRL,1993,13701.461
Ireland,IRL,1994,13647.558
Ireland,IRL,1995,13577.767
Ireland,IRL,1996,13470.753
Ireland,IRL,1997,13336.342
Ireland,IRL,1998,13197.956
Ireland,IRL,1999,13050.012
Ireland,IRL,2000,12877.203
Ireland,IRL,2001,12673.803
Ireland,IRL,2002,12462.02
Ireland,IRL,2003,12260.664
Ireland,IRL,2004,12038.537
Ireland,IRL,2005,11779.09
Ireland,IRL,2006,11465.768
Ireland,IRL,2007,11139.042
Ireland,IRL,2008,10914.249
Ireland,IRL,2009,10803.958
Ireland,IRL,2010,10745.249
Ireland,IRL,2011,10698.494
Ireland,IRL,2012,10653.256
Ireland,IRL,2013,10597.308
Ireland,IRL,2014,10520.123
Ireland,IRL,2015,10421.192
Ireland,IRL,2016,10288.234
Ireland,IRL,2017,10150.297
Ireland,IRL,2018,10004.038
Ireland,IRL,2019,9846.364
Ireland,IRL,2020,9722.71
Ireland,IRL,2021,9587.943
Ireland,IRL,2022,9399.874
Israel,ISR,1961,343.24942
Israel,ISR,1962,327.08243
Israel,ISR,1963,315.2585
Israel,ISR,1964,303.0303
Israel,ISR,1965,292.62582
Israel,ISR,1966,285.27957
Israel,ISR,1967,273.22403
Israel,ISR,1968,267.57047
Israel,ISR,1969,260.6882
Israel,ISR,1970,252.18561
Israel,ISR,1971,244.37927
Israel,ISR,1972,238.2465
Israel,ISR,1973,228.79805
Israel,ISR,1974,222.0906
Israel,ISR,1975,217.0767
Israel,ISR,1976,212.28418
Israel,ISR,1977,207.58372
Israel,ISR,1978,203.25203
Israel,ISR,1979,198.09825
Israel,ISR,1980,193.39867
Israel,ISR,1981,189.58543
Israel,ISR,1982,186.05804
Israel,ISR,1983,182.70403
Israel,ISR,1984,180.33182
Israel,ISR,1985,177.1793
Israel,ISR,1986,174.45918
Israel,ISR,1987,171.664
Israel,ISR,1988,168.84286
Israel,ISR,1989,166.00266
Israel,ISR,1990,160.9442
Israel,ISR,1991,151.54576
Israel,ISR,1992,146.39859
Israel,ISR,1993,142.55846
Israel,ISR,1994,138.91461
Israel,ISR,1995,135.25699
Israel,ISR,1996,131.76389
Israel,ISR,1997,128.51268
Israel,ISR,1998,125.6071
Israel,ISR,1999,122.44898
Israel,ISR,2000,119.255844
Israel,ISR,2001,116.477715
Israel,ISR,2002,114.15525
Israel,ISR,2003,112.11265
Israel,ISR,2004,110.14833
Israel,ISR,2005,108.22355
Israel,ISR,2006,106.32718
Israel,ISR,2007,104.45537
Israel,ISR,2008,102.61603
Israel,ISR,2009,100.19237
Israel,ISR,2010,98.378716
Israel,ISR,2011,96.5773
Israel,ISR,2012,94.81069
Israel,ISR,2013,93.057884
Israel,ISR,2014,91.28863
Israel,ISR,2015,89.49774
Israel,ISR,2016,87.76035
Israel,ISR,2017,86.07531
Israel,ISR,2018,84.43284
Israel,ISR,2019,82.83632
Israel,ISR,2020,81.38815
Israel,ISR,2021,80.03073
Italy,ITA,1961,3611.262
Italy,ITA,1962,3586.91
Italy,ITA,1963,3560.8367
Italy,ITA,1964,3531.6646
Italy,ITA,1965,3502.0488
Italy,ITA,1966,3474.9329
Italy,ITA,1967,3449.8728
Italy,ITA,1968,3428.1475
Italy,ITA,1969,3408.7969
Italy,ITA,1970,3390.8162
Italy,ITA,1971,3375.0364
Italy,ITA,1972,3355.9302
Italy,ITA,1973,3333.2478
Italy,ITA,1974,3311.5066
Italy,ITA,1975,3291.7876
Italy,ITA,1976,3275.4075
Italy,ITA,1977,3261.5254
Italy,ITA,1978,3249.925
Italy,ITA,1979,3240.5415
Italy,ITA,1980,3233.8728
Italy,ITA,1981,3229.9927
Italy,ITA,1982,3227.6008
Italy,ITA,1983,3226.4294
Italy,ITA,1984,3225.7085
Italy,ITA,1985,3224.7764
Italy,ITA,1986,3224.6006
Italy,ITA,1987,3224.2717
Italy,ITA,1988,3222.714
Italy,ITA,1989,3220.2976
Italy,ITA,1990,3217.603
Italy,ITA,1991,3215.3762
Italy,ITA,1992,3213.1929
Italy,ITA,1993,3211.2292
Italy,ITA,1994,3210.575
Italy,ITA,1995,3210.524
Italy,ITA,1996,3209.6218
Italy,ITA,1997,3207.924
Italy,ITA,1998,3207.0012
Italy,ITA,1999,3206.462
Italy,ITA,2000,3205.0095
Italy,ITA,2001,3203.0479
Italy,ITA,2002,3196.7168
Italy,ITA,2003,3179.4878
Italy,ITA,2004,3155.901
Italy,ITA,2005,3137.535
Italy,ITA,2006,3125.0073
Italy,ITA,2007,3106.0527
Italy,ITA,2008,3082.1882
Italy,ITA,2009,3064.3708
Italy,ITA,2010,3050.8494
Italy,ITA,2011,3040.3066
Italy,ITA,2012,3032.0022
Italy,ITA,2013,3025.9512
Italy,ITA,2014,3025.495
Italy,ITA,2015,3030.0713
Italy,ITA,2016,3035.8367
Italy,ITA,2017,3041.5525
Italy,ITA,2018,3034.1492
Italy,ITA,2019,3055.4631
Italy,ITA,2020,3070.3823
Italy,ITA,2021,3086.2542
Italy,ITA,2022,3092.504
Jamaica,JAM,1961,6468.208
Jamaica,JAM,1962,6377.981
Jamaica,JAM,1963,6288.424
Jamaica,JAM,1964,6200.274
Jamaica,JAM,1965,6117.482
Jamaica,JAM,1966,6041.3906
Jamaica,JAM,1967,5970.108
Jamaica,JAM,1968,5902.065
Jamaica,JAM,1969,5834.102
Jamaica,JAM,1970,5762.4443
Jamaica,JAM,1971,5685.161
Jamaica,JAM,1972,5603.2954
Jamaica,JAM,1973,5518.507
Jamaica,JAM,1974,5436.2183
Jamaica,JAM,1975,5360.625
Jamaica,JAM,1976,5290.9253
Jamaica,JAM,1977,5226.8433
Jamaica,JAM,1978,5166.514
Jamaica,JAM,1979,5106.427
Jamaica,JAM,1980,5044.14
Jamaica,JAM,1981,4978.798
Jamaica,JAM,1982,4910.8643
Jamaica,JAM,1983,4842.8696
Jamaica,JAM,1984,4779.2905
Jamaica,JAM,1985,4724.847
Jamaica,JAM,1986,4680.975
Jamaica,JAM,1987,4645.437
Jamaica,JAM,1988,4613.823
Jamaica,JAM,1989,4582.297
Jamaica,JAM,1990,4547.714
Jamaica,JAM,1991,4507.951
Jamaica,JAM,1992,4463.643
Jamaica,JAM,1993,4417.7026
Jamaica,JAM,1994,4372.5405
Jamaica,JAM,1995,4328.9385
Jamaica,JAM,1996,4287.2485
Jamaica,JAM,1997,4247.8984
Jamaica,JAM,1998,4211.717
Jamaica,JAM,1999,4179.095
Jamaica,JAM,2000,4150.2
Jamaica,JAM,2001,4123.9854
Jamaica,JAM,2002,4098.733
Jamaica,JAM,2003,4073.969
Jamaica,JAM,2004,4050.1829
Jamaica,JAM,2005,4027.8132
Jamaica,JAM,2006,4007.0818
Jamaica,JAM,2007,3988.1348
Jamaica,JAM,2008,3970.8179
Jamaica,JAM,2009,3954.3367
Jamaica,JAM,2010,3937.6868
Jamaica,JAM,2011,3920.675
Jamaica,JAM,2012,3903.7957
Jamaica,JAM,2013,3888.009
Jamaica,JAM,2014,3874.0059
Jamaica,JAM,2015,3861.862
Jamaica,JAM,2016,3851.718
Jamaica,JAM,2017,3843.717
Jamaica,JAM,2018,3837.8113
Jamaica,JAM,2019,3833.4966
Jamaica,JAM,2020,3823.3833
Jamaica,JAM,2021,3814.0286
Jamaica,JAM,2022,3812.0645
Japan,JPN,1961,4571.793
Japan,JPN,1962,4529.5103
Japan,JPN,1963,4483.8374
Japan,JPN,1964,4437.4272
Japan,JPN,1965,4389.9053
Japan,JPN,1966,4349.9814
Japan,JPN,1967,4305.2095
Japan,JPN,1968,4256.962
Japan,JPN,1969,4206.6543
Japan,JPN,1970,4158.487
Japan,JPN,1971,4068.2327
Japan,JPN,1972,4011.643
Japan,JPN,1973,3955.5872
Japan,JPN,1974,3903.3423
Japan,JPN,1975,3853.979
Japan,JPN,1976,3812.9019
Japan,JPN,1977,3776.1697
Japan,JPN,1978,3741.9614
Japan,JPN,1979,3710.415
Japan,JPN,1980,3681.2861
Japan,JPN,1981,3654.567
Japan,JPN,1982,3629.3044
Japan,JPN,1983,3604.1472
Japan,JPN,1984,3580.8567
Japan,JPN,1985,3558.5127
Japan,JPN,1986,3539.6191
Japan,JPN,1987,3522.598
Japan,JPN,1988,3507.9705
Japan,JPN,1989,3493.9749
Japan,JPN,1990,3482.4016
Japan,JPN,1991,3468.749
Japan,JPN,1992,3455.8972
Japan,JPN,1993,3444.7124
Japan,JPN,1994,3435.1084
Japan,JPN,1995,3427.0593
Japan,JPN,1996,3419.2927
Japan,JPN,1997,3411.1553
Japan,JPN,1998,3401.8987
Japan,JPN,1999,3395.693
Japan,JPN,2000,3390.0176
Japan,JPN,2001,3381.8591
Japan,JPN,2002,3374.0044
Japan,JPN,2003,3366.7925
Japan,JPN,2004,3365.6594
Japan,JPN,2005,3365.3433
Japan,JPN,2006,3363.2112
Japan,JPN,2007,3359.3489
Japan,JPN,2008,3357.7224
Japan,JPN,2009,3358.1418
Japan,JPN,2010,3357.5388
Japan,JPN,2011,3363.7637
Japan,JPN,2012,3369.1401
Japan,JPN,2013,3374.0044
Japan,JPN,2014,3378.4846
Japan,JPN,2015,3382.0718
Japan,JPN,2016,3383.8018
Japan,JPN,2017,3386.5735
Japan,JPN,2018,3390.873
Japan,JPN,2019,3395.6394
Japan,JPN,2020,3405.6438
Japan,JPN,2021,3421.3442
Japan,JPN,2022,3436.5637
Jordan,JOR,1961,759.8115
Jordan,JOR,1962,725.10455
Jordan,JOR,1963,692.58685
Jordan,JOR,1964,658.52997
Jordan,JOR,1965,620.3158
Jordan,JOR,1966,578.7705
Jordan,JOR,1967,536.5081
Jordan,JOR,1968,496.91794
Jordan,JOR,1969,462.96924
Jordan,JOR,1970,435.73737
Jordan,JOR,1971,414.55313
Jordan,JOR,1972,397.77084
Jordan,JOR,1973,383.55676
Jordan,JOR,1974,370.81702
Jordan,JOR,1975,359.12598
Jordan,JOR,1976,348.2831
Jordan,JOR,1977,337.79065
Jordan,JOR,1978,327.31888
Jordan,JOR,1979,316.63757
Jordan,JOR,1980,305.2566
Jordan,JOR,1981,293.26813
Jordan,JOR,1982,281.0138
Jordan,JOR,1983,268.7889
Jordan,JOR,1984,256.90402
Jordan,JOR,1985,245.4288
Jordan,JOR,1986,234.37337
Jordan,JOR,1987,223.78015
Jordan,JOR,1988,213.58963
Jordan,JOR,1989,203.60477
Jordan,JOR,1990,188.29854
Jordan,JOR,1991,174.19516
Jordan,JOR,1992,165.22546
Jordan,JOR,1993,156.853
Jordan,JOR,1994,149.5153
Jordan,JOR,1995,143.51562
Jordan,JOR,1996,138.82907
Jordan,JOR,1997,135.14893
Jordan,JOR,1998,132.0609
Jordan,JOR,1999,129.25372
Jordan,JOR,2000,126.60237
Jordan,JOR,2001,124.02494
Jordan,JOR,2002,121.43732
Jordan,JOR,2003,118.777504
Jordan,JOR,2004,115.945755
Jordan,JOR,2005,113.10891
Jordan,JOR,2006,106.1087
Jordan,JOR,2007,99.89414
Jordan,JOR,2008,97.569824
Jordan,JOR,2009,95.49476
Jordan,JOR,2010,93.46252
Jordan,JOR,2011,91.1713
Jordan,JOR,2012,89.8891
Jordan,JOR,2013,85.33737
Jordan,JOR,2014,77.573074
Jordan,JOR,2015,71.45305
Jordan,JOR,2016,68.1566
Jordan,JOR,2017,66.63914
Jordan,JOR,2018,65.18639
Jordan,JOR,2019,63.9062
Jordan,JOR,2020,62.769047
Jordan,JOR,2021,61.628235
Jordan,JOR,2022,60.588493
Kazakhstan,KAZ,1992,3712.6516
Kazakhstan,KAZ,1993,3725.1467
Kazakhstan,KAZ,1994,3775.573
Kazakhstan,KAZ,1995,3846.2605
Kazakhstan,KAZ,1996,3919.9497
Kazakhstan,KAZ,1997,4011.0325
Kazakhstan,KAZ,1998,4112.4033
Kazakhstan,KAZ,1999,4163.466
Kazakhstan,KAZ,2000,4151.3174
Kazakhstan,KAZ,2001,4131.475
Kazakhstan,KAZ,2002,4110.0674
Kazakhstan,KAZ,2003,4086.394
Kazakhstan,KAZ,2004,4059.8962
Kazakhstan,KAZ,2005,4029.9053
Kazakhstan,KAZ,2006,3995.9722
Kazakhstan,KAZ,2007,3958.2427
Kazakhstan,KAZ,2008,3917.4446
Kazakhstan,KAZ,2009,3871.877
Kazakhstan,KAZ,2010,3821.983
Kazakhstan,KAZ,2011,3770.6545
Kazakhstan,KAZ,2012,3718.3408
Kazakhstan,KAZ,2013,3665.3088
Kazakhstan,KAZ,2014,3611.864
Kazakhstan,KAZ,2015,3558.3608
Kazakhstan,KAZ,2016,3504.2148
Kazakhstan,KAZ,2017,3450.045
Kazakhstan,KAZ,2018,3398.8765
Kazakhstan,KAZ,2019,3349.8955
Kazakhstan,KAZ,2020,3303.029
Kazakhstan,KAZ,2021,3259.2834
Kazakhstan,KAZ,2022,3211.942
Kenya,KEN,1961,2591.4617
Kenya,KEN,1962,2494.1838
Kenya,KEN,1963,2399.1736
Kenya,KEN,1964,2306.7832
Kenya,KEN,1965,2216.7302
Kenya,KEN,1966,2130.1082
Kenya,KEN,1967,2047.2637
Kenya,KEN,1968,1967.9008
Kenya,KEN,1969,1892.1917
Kenya,KEN,1970,1820.774
Kenya,KEN,1971,1755.8884
Kenya,KEN,1972,1695.8789
Kenya,KEN,1973,1638.3276
Kenya,KEN,1974,1583.7701
Kenya,KEN,1975,1532.0089
Kenya,KEN,1976,1483.0605
Kenya,KEN,1977,1434.6289
Kenya,KEN,1978,1386.0872
Kenya,KEN,1979,1338.8815
Kenya,KEN,1980,1292.2592
Kenya,KEN,1981,1246.8748
Kenya,KEN,1982,1203.0565
Kenya,KEN,1983,1159.8995
Kenya,KEN,1984,1118.0181
Kenya,KEN,1985,1078.0258
Kenya,KEN,1986,1040.115
Kenya,KEN,1987,1004.0698
Kenya,KEN,1988,969.2727
Kenya,KEN,1989,935.871
Kenya,KEN,1990,904.22034
Kenya,KEN,1991,875.3933
Kenya,KEN,1992,848.97095
Kenya,KEN,1993,824.13684
Kenya,KEN,1994,800.55286
Kenya,KEN,1995,778.1443
Kenya,KEN,1996,757.0158
Kenya,KEN,1997,736.60846
Kenya,KEN,1998,716.5591
Kenya,KEN,1999,696.1866
Kenya,KEN,2000,675.52374
Kenya,KEN,2001,654.66614
Kenya,KEN,2002,634.3893
Kenya,KEN,2003,615.11536
Kenya,KEN,2004,596.31055
Kenya,KEN,2005,578.2691
Kenya,KEN,2006,560.9147
Kenya,KEN,2007,544.21625
Kenya,KEN,2008,527.9757
Kenya,KEN,2009,512.2635
Kenya,KEN,2010,497.61328
Kenya,KEN,2011,484.11472
Kenya,KEN,2012,471.65186
Kenya,KEN,2013,460.13507
Kenya,KEN,2014,449.49734
Kenya,KEN,2015,439.59753
Kenya,KEN,2016,429.99863
Kenya,KEN,2017,420.75082
Kenya,KEN,2018,412.29224
Kenya,KEN,2019,404.27457
Kenya,KEN,2020,396.42007
Kenya,KEN,2021,388.9576
Kenya,KEN,2022,381.5495
Kuwait,KWT,1961,0
Kuwait,KWT,1962,0
Kuwait,KWT,1963,0
Kuwait,KWT,1964,0
Kuwait,KWT,1965,0
Kuwait,KWT,1966,0
Kuwait,KWT,1967,0
Kuwait,KWT,1968,0
Kuwait,KWT,1969,0
Kuwait,KWT,1970,0
Kuwait,KWT,1971,0
Kuwait,KWT,1972,0
Kuwait,KWT,1973,0
Kuwait,KWT,1974,0
Kuwait,KWT,1975,0
Kuwait,KWT,1976,0
Kuwait,KWT,1977,0
Kuwait,KWT,1978,0
Kuwait,KWT,1979,0
Kuwait,KWT,1980,0
Kuwait,KWT,1981,0
Kuwait,KWT,1982,0
Kuwait,KWT,1983,0
Kuwait,KWT,1984,0
Kuwait,KWT,1985,0
Kuwait,KWT,1986,0
Kuwait,KWT,1987,0
Kuwait,KWT,1988,0
Kuwait,KWT,1989,0
Kuwait,KWT,1990,0
Kuwait,KWT,1991,0
Kuwait,KWT,1992,0
Kuwait,KWT,1993,0
Kuwait,KWT,1994,0
Kuwait,KWT,1995,0
Kuwait,KWT,1996,0
Kuwait,KWT,1997,0
Kuwait,KWT,1998,0
Kuwait,KWT,1999,0
Kuwait,KWT,2000,0
Kuwait,KWT,2001,0
Kuwait,KWT,2002,0
Kuwait,KWT,2003,0
Kuwait,KWT,2004,0
Kuwait,KWT,2005,0
Kuwait,KWT,2006,0
Kuwait,KWT,2007,0
Kuwait,KWT,2008,0
Kuwait,KWT,2009,0
Kuwait,KWT,2010,0
Kuwait,KWT,2011,0
Kuwait,KWT,2012,0
Kuwait,KWT,2013,0
Kuwait,KWT,2014,0
Kuwait,KWT,2015,0
Kuwait,KWT,2016,0
Kuwait,KWT,2017,0
Kuwait,KWT,2018,0
Kuwait,KWT,2019,0
Kuwait,KWT,2020,0
Kuwait,KWT,2021,0
Kuwait,KWT,2022,0
Kyrgyzstan,KGZ,1992,10836.249
Kyrgyzstan,KGZ,1993,10832.945
Kyrgyzstan,KGZ,1994,10837.044
Kyrgyzstan,KGZ,1995,10729.195
Kyrgyzstan,KGZ,1996,10571.601
Kyrgyzstan,KGZ,1997,10418.572
Kyrgyzstan,KGZ,1998,10259.98
Kyrgyzstan,KGZ,1999,10108.623
Kyrgyzstan,KGZ,2000,9989.054
Kyrgyzstan,KGZ,2001,9894.697
Kyrgyzstan,KGZ,2002,9804.228
Kyrgyzstan,KGZ,2003,9701.966
Kyrgyzstan,KGZ,2004,9585.26
Kyrgyzstan,KGZ,2005,9477.709
Kyrgyzstan,KGZ,2006,9376.485
Kyrgyzstan,KGZ,2007,9287.477
Kyrgyzstan,KGZ,2008,9199.566
Kyrgyzstan,KGZ,2009,9078.523
Kyrgyzstan,KGZ,2010,8949.968
Kyrgyzstan,KGZ,2011,8821.642
Kyrgyzstan,KGZ,2012,8656.996
Kyrgyzstan,KGZ,2013,8469.574
Kyrgyzstan,KGZ,2014,8285.009
Kyrgyzstan,KGZ,2015,8100.9453
Kyrgyzstan,KGZ,2016,7923.453
Kyrgyzstan,KGZ,2017,7758.4204
Kyrgyzstan,KGZ,2018,7593.0166
Kyrgyzstan,KGZ,2019,7424.6484
Kyrgyzstan,KGZ,2020,7274.1104
Kyrgyzstan,KGZ,2021,7141.7896
Kyrgyzstan,KGZ,2022,7014.8325
Laos,LAO,1961,87750.19
Laos,LAO,1962,85769.24
Laos,LAO,1963,83837.47
Laos,LAO,1964,81969.12
Laos,LAO,1965,80127.94
Laos,LAO,1966,78318.97
Laos,LAO,1967,76536.1
Laos,LAO,1968,74772.91
Laos,LAO,1969,73035.29
Laos,LAO,1970,71318.82
Laos,LAO,1971,69625.555
Laos,LAO,1972,67959.71
Laos,LAO,1973,66328.22
Laos,LAO,1974,64767.168
Laos,LAO,1975,63350.082
Laos,LAO,1976,62123.23
Laos,LAO,1977,61046.715
Laos,LAO,1978,60030.14
Laos,LAO,1979,58980.2
Laos,LAO,1980,57827.117
Laos,LAO,1981,56555.055
Laos,LAO,1982,55187.99
Laos,LAO,1983,53770.105
Laos,LAO,1984,52338.707
Laos,LAO,1985,50909.297
Laos,LAO,1986,49496.777
Laos,LAO,1987,48109.82
Laos,LAO,1988,46751.45
Laos,LAO,1989,45430.965
Laos,LAO,1990,44156.305
Laos,LAO,1991,42930.086
Laos,LAO,1992,41757.63
Laos,LAO,1993,40639.82
Laos,LAO,1994,39590.62
Laos,LAO,1995,38625.32
Laos,LAO,1996,37735.266
Laos,LAO,1997,36956.44
Laos,LAO,1998,36278.65
Laos,LAO,1999,35650.195
Laos,LAO,2000,35056.633
Laos,LAO,2001,34483.496
Laos,LAO,2002,33934.016
Laos,LAO,2003,33415.555
Laos,LAO,2004,32931.914
Laos,LAO,2005,32438.752
Laos,LAO,2006,31929.166
Laos,LAO,2007,31438.67
Laos,LAO,2008,30964.541
Laos,LAO,2009,30504.793
Laos,LAO,2010,30059.072
Laos,LAO,2011,29626.91
Laos,LAO,2012,29207.031
Laos,LAO,2013,28798.807
Laos,LAO,2014,28404.463
Laos,LAO,2015,27993.229
Laos,LAO,2016,27559.047
Laos,LAO,2017,27129.668
Laos,LAO,2018,26711.39
Laos,LAO,2019,26306.932
Laos,LAO,2020,25916.986
Laos,LAO,2021,25546.096
Laos,LAO,2022,25188.494
Latin America and Caribbean (WB),WB_LAC,1961,62042.133
Latin America and Caribbean (WB),WB_LAC,1962,60088.44
Latin America and Caribbean (WB),WB_LAC,1963,58454.082
Latin America and Caribbean (WB),WB_LAC,1964,56877.46
Latin America and Caribbean (WB),WB_LAC,1965,55364.207
Latin America and Caribbean (WB),WB_LAC,1966,53915.203
Latin America and Caribbean (WB),WB_LAC,1967,52529.42
Latin America and Caribbean (WB),WB_LAC,1968,51203.258
Latin America and Caribbean (WB),WB_LAC,1969,49930.53
Latin America and Caribbean (WB),WB_LAC,1970,48711.57
Latin America and Caribbean (WB),WB_LAC,1971,47538.332
Latin America and Caribbean (WB),WB_LAC,1972,46401.434
Latin America and Caribbean (WB),WB_LAC,1973,45301.73
Latin America and Caribbean (WB),WB_LAC,1974,44241.246
Latin America and Caribbean (WB),WB_LAC,1975,43221.15
Latin America and Caribbean (WB),WB_LAC,1976,42238.316
Latin America and Caribbean (WB),WB_LAC,1977,41283.934
Latin America and Caribbean (WB),WB_LAC,1978,40354.8
Latin America and Caribbean (WB),WB_LAC,1979,39457.15
Latin America and Caribbean (WB),WB_LAC,1980,38591.195
Latin America and Caribbean (WB),WB_LAC,1981,37760.83
Latin America and Caribbean (WB),WB_LAC,1982,36961.438
Latin America and Caribbean (WB),WB_LAC,1983,36182.117
Latin America and Caribbean (WB),WB_LAC,1984,35427.086
Latin America and Caribbean (WB),WB_LAC,1985,34702.438
Latin America and Caribbean (WB),WB_LAC,1986,34008.332
Latin America and Caribbean (WB),WB_LAC,1987,33341.457
Latin America and Caribbean (WB),WB_LAC,1988,32697.713
Latin America and Caribbean (WB),WB_LAC,1989,32077.834
Latin America and Caribbean (WB),WB_LAC,1990,31479.14
Latin America and Caribbean (WB),WB_LAC,1991,30906.46
Latin America and Caribbean (WB),WB_LAC,1992,30357.857
Latin America and Caribbean (WB),WB_LAC,1993,29830.77
Latin America and Caribbean (WB),WB_LAC,1994,29326.39
Latin America and Caribbean (WB),WB_LAC,1995,28840.02
Latin America and Caribbean (WB),WB_LAC,1996,28372.754
Latin America and Caribbean (WB),WB_LAC,1997,27923.96
Latin America and Caribbean (WB),WB_LAC,1998,27489.248
Latin America and Caribbean (WB),WB_LAC,1999,27071.771
Latin America and Caribbean (WB),WB_LAC,2000,26678.947
Latin America and Caribbean (WB),WB_LAC,2001,26309.412
Latin America and Caribbean (WB),WB_LAC,2002,25959.05
Latin America and Caribbean (WB),WB_LAC,2003,25625.969
Latin America and Caribbean (WB),WB_LAC,2004,25307.797
Latin America and Caribbean (WB),WB_LAC,2005,25004.13
Latin America and Caribbean (WB),WB_LAC,2006,24709.133
Latin America and Caribbean (WB),WB_LAC,2007,24422.574
Latin America and Caribbean (WB),WB_LAC,2008,24143.8
Latin America and Caribbean (WB),WB_LAC,2009,23874.73
Latin America and Caribbean (WB),WB_LAC,2010,23616.205
Latin America and Caribbean (WB),WB_LAC,2011,23364.455
Latin America and Caribbean (WB),WB_LAC,2012,23118.082
Latin America and Caribbean (WB),WB_LAC,2013,22879.53
Latin America and Caribbean (WB),WB_LAC,2014,22649.418
Latin America and Caribbean (WB),WB_LAC,2015,22429.227
Latin America and Caribbean (WB),WB_LAC,2016,22218.506
Latin America and Caribbean (WB),WB_LAC,2017,22018.32
Latin America and Caribbean (WB),WB_LAC,2018,21832.549
Latin America and Caribbean (WB),WB_LAC,2019,21655.855
Latin America and Caribbean (WB),WB_LAC,2020,21503.492
Latin America and Caribbean (WB),WB_LAC,2021,21379.537
Latin America and Caribbean (WB),WB_LAC,2022,21252.691
Latvia,LVA,1992,6479.652
Latvia,LVA,1993,6608.6943
Latvia,LVA,1994,6720.2437
Latvia,LVA,1995,6816.7476
Latvia,LVA,1996,6893.964
Latvia,LVA,1997,6963.024
Latvia,LVA,1998,7028.99
Latvia,LVA,1999,7086.437
Latvia,LVA,2000,7155.0757
Latvia,LVA,2001,7248.082
Latvia,LVA,2002,7332.784
Latvia,LVA,2003,7403.9917
Latvia,LVA,2004,7485.235
Latvia,LVA,2005,7566.557
Latvia,LVA,2006,7636.282
Latvia,LVA,2007,7698.863
Latvia,LVA,2008,7780.1997
Latvia,LVA,2009,7909.719
Latvia,LVA,2010,8076.0693
Latvia,LVA,2011,8224.463
Latvia,LVA,2012,8327.111
Latvia,LVA,2013,8416.776
Latvia,LVA,2014,8496.415
Latvia,LVA,2015,8566.255
Latvia,LVA,2016,8644.899
Latvia,LVA,2017,8721.853
Latvia,LVA,2018,8790.073
Latvia,LVA,2019,8851.397
Latvia,LVA,2020,8913.683
Latvia,LVA,2021,8989.17
Latvia,LVA,2022,9013.597
Lebanon,LBN,1961,2594.4768
Lebanon,LBN,1962,2513.6443
Lebanon,LBN,1963,2436.1575
Lebanon,LBN,1964,2363.8997
Lebanon,LBN,1965,2297.936
Lebanon,LBN,1966,2234.3665
Lebanon,LBN,1967,2175.163
Lebanon,LBN,1968,2117.926
Lebanon,LBN,1969,2061.7148
Lebanon,LBN,1970,2011.639
Lebanon,LBN,1971,1962.1357
Lebanon,LBN,1972,1912.5571
Lebanon,LBN,1973,1865.5737
Lebanon,LBN,1974,1821.504
Lebanon,LBN,1975,1782.2725
Lebanon,LBN,1976,1760.5188
Lebanon,LBN,1977,1737.7736
Lebanon,LBN,1978,1700.5104
Lebanon,LBN,1979,1665.1432
Lebanon,LBN,1980,1630.0123
Lebanon,LBN,1981,1595.2245
Lebanon,LBN,1982,1571.2302
Lebanon,LBN,1983,1550.8905
Lebanon,LBN,1984,1522.4833
Lebanon,LBN,1985,1491.899
Lebanon,LBN,1986,1454.3846
Lebanon,LBN,1987,1417.7882
Lebanon,LBN,1988,1389.432
Lebanon,LBN,1989,1361.592
Lebanon,LBN,1990,1335.1228
Lebanon,LBN,1991,1308.2898
Lebanon,LBN,1992,1280.898
Lebanon,LBN,1993,1256.3317
Lebanon,LBN,1994,1233.997
Lebanon,LBN,1995,1211.8962
Lebanon,LBN,1996,1189.6556
Lebanon,LBN,1997,1168.3367
Lebanon,LBN,1998,1147.9735
Lebanon,LBN,1999,1128.0112
Lebanon,LBN,2000,1108.714
Lebanon,LBN,2001,1090.4337
Lebanon,LBN,2002,1075.3883
Lebanon,LBN,2003,1060.6544
Lebanon,LBN,2004,1043.6418
Lebanon,LBN,2005,1027.5947
Lebanon,LBN,2006,1010.28467
Lebanon,LBN,2007,990.89246
Lebanon,LBN,2008,974.54926
Lebanon,LBN,2009,961.48315
Lebanon,LBN,2010,952.13763
Lebanon,LBN,2011,941.91156
Lebanon,LBN,2012,916.7755
Lebanon,LBN,2013,835.73663
Lebanon,LBN,2014,756.264
Lebanon,LBN,2015,741.6026
Lebanon,LBN,2016,759.1261
Lebanon,LBN,2017,779.2046
Lebanon,LBN,2018,802.1231
Lebanon,LBN,2019,828.3583
Lebanon,LBN,2020,841.75116
Lebanon,LBN,2021,839.43646
Lebanon,LBN,2022,835.58344
Lesotho,LSO,1961,6892.2437
Lesotho,LSO,1962,6689.571
Lesotho,LSO,1963,6493.8853
Lesotho,LSO,1964,6305.482
Lesotho,LSO,1965,6123.4766
Lesotho,LSO,1966,5930.579
Lesotho,LSO,1967,5722.2134
Lesotho,LSO,1968,5516.2666
Lesotho,LSO,1969,5319.3545
Lesotho,LSO,1970,5131.108
Lesotho,LSO,1971,4951.498
Lesotho,LSO,1972,4780.346
Lesotho,LSO,1973,4617.2983
Lesotho,LSO,1974,4460.859
Lesotho,LSO,1975,4309.34
Lesotho,LSO,1976,4173.2695
Lesotho,LSO,1977,4054.3672
Lesotho,LSO,1978,3940.508
Lesotho,LSO,1979,3828.2234
Lesotho,LSO,1980,3718.3945
Lesotho,LSO,1981,3611.7063
Lesotho,LSO,1982,3508.3435
Lesotho,LSO,1983,3408.4695
Lesotho,LSO,1984,3312.2522
Lesotho,LSO,1985,3219.692
Lesotho,LSO,1986,3138.9956
Lesotho,LSO,1987,3070.348
Lesotho,LSO,1988,3006.0217
Lesotho,LSO,1989,2945.7554
Lesotho,LSO,1990,2889.988
Lesotho,LSO,1991,2838.721
Lesotho,LSO,1992,2791.9033
Lesotho,LSO,1993,2750.0364
Lesotho,LSO,1994,2713.0679
Lesotho,LSO,1995,2680.0762
Lesotho,LSO,1996,2651.5679
Lesotho,LSO,1997,2630.6128
Lesotho,LSO,1998,2617.5535
Lesotho,LSO,1999,2610.7783
Lesotho,LSO,2000,2609.8938
Lesotho,LSO,2001,2613.8853
Lesotho,LSO,2002,2621.9758
Lesotho,LSO,2003,2634.6824
Lesotho,LSO,2004,2653.3018
Lesotho,LSO,2005,2677.8271
Lesotho,LSO,2006,2688.859
Lesotho,LSO,2007,2677.564
Lesotho,LSO,2008,2659.492
Lesotho,LSO,2009,2640.2368
Lesotho,LSO,2010,2619.9111
Lesotho,LSO,2011,2596.8105
Lesotho,LSO,2012,2570.8406
Lesotho,LSO,2013,2543.151
Lesotho,LSO,2014,2514.3154
Lesotho,LSO,2015,2485.0198
Lesotho,LSO,2016,2454.9126
Lesotho,LSO,2017,2424.5403
Lesotho,LSO,2018,2395.124
Lesotho,LSO,2019,2367.153
Lesotho,LSO,2020,2339.284
Lesotho,LSO,2021,2312.5813
Lesotho,LSO,2022,2287.729
Liberia,LBR,1961,171274.38
Liberia,LBR,1962,167078.94
Liberia,LBR,1963,162944.2
Liberia,LBR,1964,158888.42
Liberia,LBR,1965,154899.95
Liberia,LBR,1966,151013.72
Liberia,LBR,1967,147228.25
Liberia,LBR,1968,143520.4
Liberia,LBR,1969,139898.78
Liberia,LBR,1970,136362.77
Liberia,LBR,1971,132971.92
Liberia,LBR,1972,129645.35
Liberia,LBR,1973,126295.48
Liberia,LBR,1974,122973.85
Liberia,LBR,1975,119695.04
Liberia,LBR,1976,116478.164
Liberia,LBR,1977,113249.06
Liberia,LBR,1978,109996.055
Liberia,LBR,1979,106796.93
Liberia,LBR,1980,103667.07
Liberia,LBR,1981,100660.99
Liberia,LBR,1982,97796.02
Liberia,LBR,1983,94916.6
Liberia,LBR,1984,92025.445
Liberia,LBR,1985,89264.234
Liberia,LBR,1986,86635.93
Liberia,LBR,1987,84131.57
Liberia,LBR,1988,81734.7
Liberia,LBR,1989,79432.59
Liberia,LBR,1990,89941.52
Liberia,LBR,1991,102222.414
Liberia,LBR,1992,96503.625
Liberia,LBR,1993,92802
Liberia,LBR,1994,93026.375
Liberia,LBR,1995,92201.51
Liberia,LBR,1996,89594.13
Liberia,LBR,1997,82884.76
Liberia,LBR,1998,74902.89
Liberia,LBR,1999,70879.66
Liberia,LBR,2000,68303.28
Liberia,LBR,2001,66327.555
Liberia,LBR,2002,64624.906
Liberia,LBR,2003,64112.18
Liberia,LBR,2004,63353.45
Liberia,LBR,2005,60587.426
Liberia,LBR,2006,57293.67
Liberia,LBR,2007,54510.023
Liberia,LBR,2008,52342.277
Liberia,LBR,2009,50722.44
Liberia,LBR,2010,49274.555
Liberia,LBR,2011,47380.14
Liberia,LBR,2012,45734.742
Liberia,LBR,2013,44740.336
Liberia,LBR,2014,43818.395
Liberia,LBR,2015,42923.695
Liberia,LBR,2016,42055.61
Liberia,LBR,2017,41246.254
Liberia,LBR,2018,40447.137
Liberia,LBR,2019,39653.266
Liberia,LBR,2020,38839
Liberia,LBR,2021,38027.707
Liberia,LBR,2022,37221.117
Libya,LBY,1961,449.9585
Libya,LBY,1962,431.5766
Libya,LBY,1963,414.0892
Libya,LBY,1964,399.1581
Libya,LBY,1965,388.02338
Libya,LBY,1966,378.57013
Libya,LBY,1967,368.7706
Libya,LBY,1968,358.46313
Libya,LBY,1969,347.51648
Libya,LBY,1970,336.1201
Libya,LBY,1971,325.04712
Libya,LBY,1972,314.45255
Libya,LBY,1973,302.48126
Libya,LBY,1974,287.804
Libya,LBY,1975,272.20874
Libya,LBY,1976,257.23596
Libya,LBY,1977,242.92625
Libya,LBY,1978,229.31828
Libya,LBY,1979,216.46053
Libya,LBY,1980,204.41669
Libya,LBY,1981,193.29082
Libya,LBY,1982,187.93132
Libya,LBY,1983,188.22461
Libya,LBY,1984,185.49763
Libya,LBY,1985,179.54495
Libya,LBY,1986,174.24191
Libya,LBY,1987,169.50224
Libya,LBY,1988,165.1818
Libya,LBY,1989,161.18188
Libya,LBY,1990,157.47185
Libya,LBY,1991,154.03574
Libya,LBY,1992,150.85063
Libya,LBY,1993,147.89633
Libya,LBY,1994,145.16687
Libya,LBY,1995,142.65791
Libya,LBY,1996,140.35388
Libya,LBY,1997,138.21321
Libya,LBY,1998,136.16812
Libya,LBY,1999,134.15004
Libya,LBY,2000,131.95047
Libya,LBY,2001,129.54233
Libya,LBY,2002,127.078415
Libya,LBY,2003,124.568504
Libya,LBY,2004,122.02152
Libya,LBY,2005,119.47843
Libya,LBY,2006,117.05273
Libya,LBY,2007,114.67176
Libya,LBY,2008,112.2617
Libya,LBY,2009,109.94731
Libya,LBY,2010,107.72813
Libya,LBY,2011,110.35434
Libya,LBY,2012,113.28093
Libya,LBY,2013,111.02955
Libya,LBY,2014,108.91124
Libya,LBY,2015,107.167694
Libya,LBY,2016,105.54685
Libya,LBY,2017,103.876526
Libya,LBY,2018,102.20388
Libya,LBY,2019,100.70446
Libya,LBY,2020,99.35562
Libya,LBY,2021,98.105515
Libya,LBY,2022,96.90184
Lithuania,LTU,1992,4178.2495
Lithuania,LTU,1993,4198.106
Lithuania,LTU,1994,4227.3423
Lithuania,LTU,1995,4260.007
Lithuania,LTU,1996,4292.521
Lithuania,LTU,1997,4324.3096
Lithuania,LTU,1998,4355.7505
Lithuania,LTU,1999,4386.7637
Lithuania,LTU,2000,4417.7285
Lithuania,LTU,2001,4454.2812
Lithuania,LTU,2002,4490.1826
Lithuania,LTU,2003,4526.804
Lithuania,LTU,2004,4577.9263
Lithuania,LTU,2005,4653.0835
Lithuania,LTU,2006,4727.9604
Lithuania,LTU,2007,4784.461
Lithuania,LTU,2008,4833.9224
Lithuania,LTU,2009,4887.8945
Lithuania,LTU,2010,4991.473
Lithuania,LTU,2011,5105.4863
Lithuania,LTU,2012,5172.058
Lithuania,LTU,2013,5220.768
Lithuania,LTU,2014,5263.4214
Lithuania,LTU,2015,5310.691
Lithuania,LTU,2016,5373.0464
Lithuania,LTU,2017,5438.6084
Lithuania,LTU,2018,5483.825
Lithuania,LTU,2019,5499.648
Lithuania,LTU,2020,5501.057
Lithuania,LTU,2021,5504.953
Lithuania,LTU,2022,5459.7354
Low-income countries,OWID_LIC,1961,22135.088
Low-income countries,OWID_LIC,1962,20169.59
Low-income countries,OWID_LIC,1963,19704.254
Low-income countries,OWID_LIC,1964,19239.428
Low-income countries,OWID_LIC,1965,18776.848
Low-income countries,OWID_LIC,1966,18314.959
Low-income countries,OWID_LIC,1967,17849.598
Low-income countries,OWID_LIC,1968,17388.809
Low-income countries,OWID_LIC,1969,16942.768
Low-income countries,OWID_LIC,1970,16509.555
Low-income countries,OWID_LIC,1971,16092.779
Low-income countries,OWID_LIC,1972,15699.942
Low-income countries,OWID_LIC,1973,15315.707
Low-income countries,OWID_LIC,1974,14930.973
Low-income countries,OWID_LIC,1975,14554.965
Low-income countries,OWID_LIC,1976,14193.313
Low-income countries,OWID_LIC,1977,13838.754
Low-income countries,OWID_LIC,1978,13457.828
Low-income countries,OWID_LIC,1979,13074.418
Low-income countries,OWID_LIC,1980,12772.242
Low-income countries,OWID_LIC,1981,12569.536
Low-income countries,OWID_LIC,1982,12329.833
Low-income countries,OWID_LIC,1983,12012.324
Low-income countries,OWID_LIC,1984,11684.883
Low-income countries,OWID_LIC,1985,11369.148
Low-income countries,OWID_LIC,1986,11074.69
Low-income countries,OWID_LIC,1987,10791.185
Low-income countries,OWID_LIC,1988,10517.972
Low-income countries,OWID_LIC,1989,10243.595
Low-income countries,OWID_LIC,1990,9992.684
Low-income countries,OWID_LIC,1991,9760.019
Low-income countries,OWID_LIC,1992,9483.172
Low-income countries,OWID_LIC,1993,9123.384
Low-income countries,OWID_LIC,1994,8865.55
Low-income countries,OWID_LIC,1995,8622.884
Low-income countries,OWID_LIC,1996,8373.843
Low-income countries,OWID_LIC,1997,8142.114
Low-income countries,OWID_LIC,1998,7918.0215
Low-income countries,OWID_LIC,1999,7699.0024
Low-income countries,OWID_LIC,2000,7501.8623
Low-income countries,OWID_LIC,2001,7308.8994
Low-income countries,OWID_LIC,2002,7098.992
Low-income countries,OWID_LIC,2003,6890.4897
Low-income countries,OWID_LIC,2004,6697.2954
Low-income countries,OWID_LIC,2005,6507.811
Low-income countries,OWID_LIC,2006,6315.531
Low-income countries,OWID_LIC,2007,6132.777
Low-income countries,OWID_LIC,2008,5961.9053
Low-income countries,OWID_LIC,2009,5796.914
Low-income countries,OWID_LIC,2010,5637.186
Low-income countries,OWID_LIC,2011,5482.081
Low-income countries,OWID_LIC,2012,4842.209
Low-income countries,OWID_LIC,2013,4723.155
Low-income countries,OWID_LIC,2014,4610.3184
Low-income countries,OWID_LIC,2015,4498.5557
Low-income countries,OWID_LIC,2016,4383.2886
Low-income countries,OWID_LIC,2017,4266.309
Low-income countries,OWID_LIC,2018,4148.4243
Low-income countries,OWID_LIC,2019,4030.7498
Low-income countries,OWID_LIC,2020,3918.147
Low-income countries,OWID_LIC,2021,3813.1768
Low-income countries,OWID_LIC,2022,3713.8643
Lower-middle-income countries,OWID_LMC,1961,8420.332
Lower-middle-income countries,OWID_LMC,1962,8283.056
Lower-middle-income countries,OWID_LMC,1963,8081.5854
Lower-middle-income countries,OWID_LMC,1964,7885.123
Lower-middle-income countries,OWID_LMC,1965,7696.9526
Lower-middle-income countries,OWID_LMC,1966,7517.7383
Lower-middle-income countries,OWID_LMC,1967,7342.2407
Lower-middle-income countries,OWID_LMC,1968,7170.6646
Lower-middle-income countries,OWID_LMC,1969,7004.603
Lower-middle-income countries,OWID_LMC,1970,6840.464
Lower-middle-income countries,OWID_LMC,1971,6684.9478
Lower-middle-income countries,OWID_LMC,1972,6532.358
Lower-middle-income countries,OWID_LMC,1973,6376.6846
Lower-middle-income countries,OWID_LMC,1974,6223.1313
Lower-middle-income countries,OWID_LMC,1975,6072.312
Lower-middle-income countries,OWID_LMC,1976,5925.8247
Lower-middle-income countries,OWID_LMC,1977,5781.8916
Lower-middle-income countries,OWID_LMC,1978,5642.4414
Lower-middle-income countries,OWID_LMC,1979,5504.0767
Lower-middle-income countries,OWID_LMC,1980,5362.9443
Lower-middle-income countries,OWID_LMC,1981,5224.8633
Lower-middle-income countries,OWID_LMC,1982,5092.2773
Lower-middle-income countries,OWID_LMC,1983,4964.2793
Lower-middle-income countries,OWID_LMC,1984,4840.6123
Lower-middle-income countries,OWID_LMC,1985,4720.542
Lower-middle-income countries,OWID_LMC,1986,4604.5024
Lower-middle-income countries,OWID_LMC,1987,4492.8374
Lower-middle-income countries,OWID_LMC,1988,4385.4136
Lower-middle-income countries,OWID_LMC,1989,4281.8325
Lower-middle-income countries,OWID_LMC,1990,4175.8823
Lower-middle-income countries,OWID_LMC,1991,4078.7688
Lower-middle-income countries,OWID_LMC,1992,3988.1104
Lower-middle-income countries,OWID_LMC,1993,3899.2754
Lower-middle-income countries,OWID_LMC,1994,3806.582
Lower-middle-income countries,OWID_LMC,1995,3724.5115
Lower-middle-income countries,OWID_LMC,1996,3645.3716
Lower-middle-income countries,OWID_LMC,1997,3568.9875
Lower-middle-income countries,OWID_LMC,1998,3495.0022
Lower-middle-income countries,OWID_LMC,1999,3424.1536
Lower-middle-income countries,OWID_LMC,2000,3355.6143
Lower-middle-income countries,OWID_LMC,2001,3289.2336
Lower-middle-income countries,OWID_LMC,2002,3226.6523
Lower-middle-income countries,OWID_LMC,2003,3166.996
Lower-middle-income countries,OWID_LMC,2004,3107.6382
Lower-middle-income countries,OWID_LMC,2005,3052.2683
Lower-middle-income countries,OWID_LMC,2006,2998.5383
Lower-middle-income countries,OWID_LMC,2007,2945.5842
Lower-middle-income countries,OWID_LMC,2008,2894.7854
Lower-middle-income countries,OWID_LMC,2009,2845.406
Lower-middle-income countries,OWID_LMC,2010,2796.9043
Lower-middle-income countries,OWID_LMC,2011,2749.9421
Lower-middle-income countries,OWID_LMC,2012,2704.8018
Lower-middle-income countries,OWID_LMC,2013,2661.687
Lower-middle-income countries,OWID_LMC,2014,2619.4143
Lower-middle-income countries,OWID_LMC,2015,2579.6719
Lower-middle-income countries,OWID_LMC,2016,2541.4539
Lower-middle-income countries,OWID_LMC,2017,2504.5608
Lower-middle-income countries,OWID_LMC,2018,2469.3306
Lower-middle-income countries,OWID_LMC,2019,2435.556
Lower-middle-income countries,OWID_LMC,2020,2402.915
Lower-middle-income countries,OWID_LMC,2021,2372.666
Lower-middle-income countries,OWID_LMC,2022,2347.3533
Luxembourg,LUX,1961,3156.1174
Luxembourg,LUX,1962,3117.6929
Luxembourg,LUX,1963,3085.4675
Luxembourg,LUX,1964,3051.106
Luxembourg,LUX,1965,3016.5913
Luxembourg,LUX,1966,2994.9536
Luxembourg,LUX,1967,2985.1191
Luxembourg,LUX,1968,2977.5198
Luxembourg,LUX,1969,2962.963
Luxembourg,LUX,1970,2948.3652
Luxembourg,LUX,1971,2920.3816
Luxembourg,LUX,1972,2885.1702
Luxembourg,LUX,1973,2853.474
Luxembourg,LUX,1974,2816.5046
Luxembourg,LUX,1975,2785.9033
Luxembourg,LUX,1976,2772.1487
Luxembourg,LUX,1977,2767.3389
Luxembourg,LUX,1978,2762.3774
Luxembourg,LUX,1979,2755.9143
Luxembourg,LUX,1980,2746.121
Luxembourg,LUX,1981,2738.038
Luxembourg,LUX,1982,2735.791
Luxembourg,LUX,1983,2735.0652
Luxembourg,LUX,1984,2732.2554
Luxembourg,LUX,1985,2726.9802
Luxembourg,LUX,1986,2714.7725
Luxembourg,LUX,1987,2697.2354
Luxembourg,LUX,1988,2677.7346
Luxembourg,LUX,1989,2651.8164
Luxembourg,LUX,1990,2618.8293
Luxembourg,LUX,1991,2583.9792
Luxembourg,LUX,1992,2549.882
Luxembourg,LUX,1993,2515.8816
Luxembourg,LUX,1994,2481.8516
Luxembourg,LUX,1995,2447.2317
Luxembourg,LUX,1996,2414.147
Luxembourg,LUX,1997,2384.0745
Luxembourg,LUX,1998,2354.6033
Luxembourg,LUX,1999,2323.0154
Luxembourg,LUX,2000,2292.001
Luxembourg,LUX,2001,2264.8774
Luxembourg,LUX,2002,2241.273
Luxembourg,LUX,2003,2214.202
Luxembourg,LUX,2004,2182.9534
Luxembourg,LUX,2005,2149.8071
Luxembourg,LUX,2006,2115.7886
Luxembourg,LUX,2007,2083.3638
Luxembourg,LUX,2008,2046.4545
Luxembourg,LUX,2009,2008.9075
Luxembourg,LUX,2010,1972.5695
Luxembourg,LUX,2011,1929.2096
Luxembourg,LUX,2012,1883.4307
Luxembourg,LUX,2013,1840.4005
Luxembourg,LUX,2014,1797.5298
Luxembourg,LUX,2015,1755.6056
Luxembourg,LUX,2016,1718.1718
Luxembourg,LUX,2017,1676.907
Luxembourg,LUX,2018,1644.8721
Luxembourg,LUX,2019,1612.9006
Luxembourg,LUX,2020,1586.2466
Luxembourg,LUX,2021,1562.3438
Luxembourg,LUX,2022,1531.1521
Madagascar,MDG,1961,64237.484
Madagascar,MDG,1962,62591.125
Madagascar,MDG,1963,60993.434
Madagascar,MDG,1964,59437.062
Madagascar,MDG,1965,57912.58
Madagascar,MDG,1966,56408.48
Madagascar,MDG,1967,54917.42
Madagascar,MDG,1968,53436.99
Madagascar,MDG,1969,51968.35
Madagascar,MDG,1970,50509.57
Madagascar,MDG,1971,49061.94
Madagascar,MDG,1972,47636.562
Madagascar,MDG,1973,46240.09
Madagascar,MDG,1974,44875.14
Madagascar,MDG,1975,43543.79
Madagascar,MDG,1976,42247.355
Madagascar,MDG,1977,40986.4
Madagascar,MDG,1978,39759.957
Madagascar,MDG,1979,38569.027
Madagascar,MDG,1980,37419.363
Madagascar,MDG,1981,36318.527
Madagascar,MDG,1982,35259.637
Madagascar,MDG,1983,34237.375
Madagascar,MDG,1984,33252.586
Madagascar,MDG,1985,32300.912
Madagascar,MDG,1986,31387.21
Madagascar,MDG,1987,30505.217
Madagascar,MDG,1988,29640.805
Madagascar,MDG,1989,28791.12
Madagascar,MDG,1990,27953.723
Madagascar,MDG,1991,27130.57
Madagascar,MDG,1992,26326.336
Madagascar,MDG,1993,25535.44
Madagascar,MDG,1994,24754.203
Madagascar,MDG,1995,23983.588
Madagascar,MDG,1996,23224.225
Madagascar,MDG,1997,22480.434
Madagascar,MDG,1998,21756.865
Madagascar,MDG,1999,21061.834
Madagascar,MDG,2000,20404.04
Madagascar,MDG,2001,19785.193
Madagascar,MDG,2002,19202.375
Madagascar,MDG,2003,18647.783
Madagascar,MDG,2004,18111.846
Madagascar,MDG,2005,17588.996
Madagascar,MDG,2006,17079.8
Madagascar,MDG,2007,16585.803
Madagascar,MDG,2008,16106.03
Madagascar,MDG,2009,15640.025
Madagascar,MDG,2010,15191.581
Madagascar,MDG,2011,14766.26
Madagascar,MDG,2012,14363.384
Madagascar,MDG,2013,13978.015
Madagascar,MDG,2014,13608.272
Madagascar,MDG,2015,13253.783
Madagascar,MDG,2016,12911.901
Madagascar,MDG,2017,12580.084
Madagascar,MDG,2018,12256.807
Madagascar,MDG,2019,11942.074
Madagascar,MDG,2020,11639.33
Madagascar,MDG,2021,11350.209
Madagascar,MDG,2022,11071.955
Malawi,MWI,1961,4343.925
Malawi,MWI,1962,4240.3306
Malawi,MWI,1963,4137.925
Malawi,MWI,1964,4037.7205
Malawi,MWI,1965,3940.2786
Malawi,MWI,1966,3844.7556
Malawi,MWI,1967,3750.861
Malawi,MWI,1968,3658.9895
Malawi,MWI,1969,3569.8613
Malawi,MWI,1970,3482.9941
Malawi,MWI,1971,3396.8691
Malawi,MWI,1972,3311.1257
Malawi,MWI,1973,3225.4597
Malawi,MWI,1974,3139.2612
Malawi,MWI,1975,3052.559
Malawi,MWI,1976,2965.0674
Malawi,MWI,1977,2874.4521
Malawi,MWI,1978,2777.906
Malawi,MWI,1979,2677.1724
Malawi,MWI,1980,2575.9995
Malawi,MWI,1981,2476.8071
Malawi,MWI,1982,2380.9246
Malawi,MWI,1983,2288.807
Malawi,MWI,1984,2201.0662
Malawi,MWI,1985,2117.969
Malawi,MWI,1986,2041.3635
Malawi,MWI,1987,1946.1788
Malawi,MWI,1988,1843.884
Malawi,MWI,1989,1758.8942
Malawi,MWI,1990,1690.7867
Malawi,MWI,1991,1639.5396
Malawi,MWI,1992,1592.4888
Malawi,MWI,1993,1569.4246
Malawi,MWI,1994,1587.8179
Malawi,MWI,1995,1590.1294
Malawi,MWI,1996,1559.0847
Malawi,MWI,1997,1528.1146
Malawi,MWI,1998,1495.4309
Malawi,MWI,1999,1460.9238
Malawi,MWI,2000,1426.3064
Malawi,MWI,2001,1392.2125
Malawi,MWI,2002,1358.5355
Malawi,MWI,2003,1324.9519
Malawi,MWI,2004,1291.1239
Malawi,MWI,2005,1257.0063
Malawi,MWI,2006,1222.8477
Malawi,MWI,2007,1188.8326
Malawi,MWI,2008,1154.8024
Malawi,MWI,2009,1121.1613
Malawi,MWI,2010,1088.5941
Malawi,MWI,2011,1057.3191
Malawi,MWI,2012,1027.3988
Malawi,MWI,2013,998.65015
Malawi,MWI,2014,971.0293
Malawi,MWI,2015,944.6559
Malawi,MWI,2016,919.25275
Malawi,MWI,2017,894.6926
Malawi,MWI,2018,871.11017
Malawi,MWI,2019,848.3239
Malawi,MWI,2020,826.2564
Malawi,MWI,2021,805.09766
Malawi,MWI,2022,784.68634
Malaysia,MYS,1961,71039.75
Malaysia,MYS,1962,69210.99
Malaysia,MYS,1963,67424.93
Malaysia,MYS,1964,65697.02
Malaysia,MYS,1965,64043.05
Malaysia,MYS,1966,62468.44
Malaysia,MYS,1967,61007.043
Malaysia,MYS,1968,59638.38
Malaysia,MYS,1969,58305.54
Malaysia,MYS,1970,56981.164
Malaysia,MYS,1971,55643.75
Malaysia,MYS,1972,54323.215
Malaysia,MYS,1973,53037.684
Malaysia,MYS,1974,51781.527
Malaysia,MYS,1975,50558.258
Malaysia,MYS,1976,49361.293
Malaysia,MYS,1977,48189.918
Malaysia,MYS,1978,47046.773
Malaysia,MYS,1979,45930.184
Malaysia,MYS,1980,44672.555
Malaysia,MYS,1981,43286.156
Malaysia,MYS,1982,41929.332
Malaysia,MYS,1983,40599.453
Malaysia,MYS,1984,39298.03
Malaysia,MYS,1985,38027.156
Malaysia,MYS,1986,36801.05
Malaysia,MYS,1987,35633.676
Malaysia,MYS,1988,34530.79
Malaysia,MYS,1989,33496.973
Malaysia,MYS,1990,32523.66
Malaysia,MYS,1991,31620.615
Malaysia,MYS,1992,30794.436
Malaysia,MYS,1993,30016.564
Malaysia,MYS,1994,29262.71
Malaysia,MYS,1995,28528.426
Malaysia,MYS,1996,27817.629
Malaysia,MYS,1997,27134.227
Malaysia,MYS,1998,26475.902
Malaysia,MYS,1999,25851.852
Malaysia,MYS,2000,25252.729
Malaysia,MYS,2001,24653.012
Malaysia,MYS,2002,24063.916
Malaysia,MYS,2003,23501.19
Malaysia,MYS,2004,22964.139
Malaysia,MYS,2005,22449.234
Malaysia,MYS,2006,21954.803
Malaysia,MYS,2007,21482.764
Malaysia,MYS,2008,21037.314
Malaysia,MYS,2009,20622.385
Malaysia,MYS,2010,20240.248
Malaysia,MYS,2011,19888.87
Malaysia,MYS,2012,19553.09
Malaysia,MYS,2013,19221.678
Malaysia,MYS,2014,18894.885
Malaysia,MYS,2015,18570.223
Malaysia,MYS,2016,18244.912
Malaysia,MYS,2017,17925.775
Malaysia,MYS,2018,17623.305
Malaysia,MYS,2019,17344.19
Malaysia,MYS,2020,17114.416
Malaysia,MYS,2021,16918.303
Malaysia,MYS,2022,16716.87
Maldives,MDV,1961,321.02728
Maldives,MDV,1962,313.14587
Maldives,MDV,1963,305.43054
Maldives,MDV,1964,298.02707
Maldives,MDV,1965,288.1789
Maldives,MDV,1966,276.47986
Maldives,MDV,1967,266.6003
Maldives,MDV,1968,258.45358
Maldives,MDV,1969,250.91165
Maldives,MDV,1970,243.46895
Maldives,MDV,1971,236.1554
Maldives,MDV,1972,229.06358
Maldives,MDV,1973,222.30127
Maldives,MDV,1974,215.8615
Maldives,MDV,1975,209.55867
Maldives,MDV,1976,203.35536
Maldives,MDV,1977,197.45935
Maldives,MDV,1978,192.1119
Maldives,MDV,1979,187.07907
Maldives,MDV,1980,182.00018
Maldives,MDV,1981,176.95775
Maldives,MDV,1982,172.08446
Maldives,MDV,1983,167.47801
Maldives,MDV,1984,162.86823
Maldives,MDV,1985,157.75443
Maldives,MDV,1986,152.33453
Maldives,MDV,1987,147.0992
Maldives,MDV,1988,142.25763
Maldives,MDV,1989,137.78027
Maldives,MDV,1990,133.47452
Maldives,MDV,1991,129.42079
Maldives,MDV,1992,125.76349
Maldives,MDV,1993,122.50698
Maldives,MDV,1994,119.606735
Maldives,MDV,1995,116.89116
Maldives,MDV,1996,114.35236
Maldives,MDV,1997,112.06281
Maldives,MDV,1998,110.001724
Maldives,MDV,1999,108.1424
Maldives,MDV,2000,106.37581
Maldives,MDV,2001,104.61455
Maldives,MDV,2002,102.875015
Maldives,MDV,2003,101.18351
Maldives,MDV,2004,99.531204
Maldives,MDV,2005,97.90196
Maldives,MDV,2006,95.58676
Maldives,MDV,2007,92.45591
Maldives,MDV,2008,89.24056
Maldives,MDV,2009,86.138824
Maldives,MDV,2010,83.150406
Maldives,MDV,2011,80.28388
Maldives,MDV,2012,77.555855
Maldives,MDV,2013,74.98688
Maldives,MDV,2014,72.53087
Maldives,MDV,2015,70.068245
Maldives,MDV,2016,67.67304
Maldives,MDV,2017,65.46117
Maldives,MDV,2018,63.411674
Maldives,MDV,2019,61.509315
Maldives,MDV,2020,59.746914
Maldives,MDV,2021,58.12219
Maldives,MDV,2022,57.24033
Mali,MLI,1961,10944.346
Mali,MLI,1962,10783.77
Mali,MLI,1963,10625.854
Mali,MLI,1964,10470.976
Mali,MLI,1965,10317.278
Mali,MLI,1966,10165.694
Mali,MLI,1967,10015.18
Mali,MLI,1968,9863.588
Mali,MLI,1969,9712.347
Mali,MLI,1970,9559.511
Mali,MLI,1971,9407.42
Mali,MLI,1972,9253.938
Mali,MLI,1973,9094.897
Mali,MLI,1974,8934.64
Mali,MLI,1975,8775.444
Mali,MLI,1976,8619.478
Mali,MLI,1977,8461.455
Mali,MLI,1978,8299.156
Mali,MLI,1979,8135.3
Mali,MLI,1980,7967.5825
Mali,MLI,1981,7799.535
Mali,MLI,1982,7633.3994
Mali,MLI,1983,7467.888
Mali,MLI,1984,7309.408
Mali,MLI,1985,7164.4673
Mali,MLI,1986,7032.945
Mali,MLI,1987,6911.5156
Mali,MLI,1988,6791.9434
Mali,MLI,1989,6666.7124
Mali,MLI,1990,6536.781
Mali,MLI,1991,6408.2793
Mali,MLI,1992,6280.3945
Mali,MLI,1993,6150.8267
Mali,MLI,1994,6019.8467
Mali,MLI,1995,5890.805
Mali,MLI,1996,5765.1963
Mali,MLI,1997,5635.6577
Mali,MLI,1998,5494.72
Mali,MLI,1999,5344.062
Mali,MLI,2000,5190.6304
Mali,MLI,2001,5036.8706
Mali,MLI,2002,4882.7925
Mali,MLI,2003,4730.0127
Mali,MLI,2004,4579.3105
Mali,MLI,2005,4431.7573
Mali,MLI,2006,4288.735
Mali,MLI,2007,4150.016
Mali,MLI,2008,4015.854
Mali,MLI,2009,3887.1335
Mali,MLI,2010,3762.8884
Mali,MLI,2011,3643.1975
Mali,MLI,2012,3538.3547
Mali,MLI,2013,3436.502
Mali,MLI,2014,3329.5845
Mali,MLI,2015,3227.017
Mali,MLI,2016,3126.4185
Mali,MLI,2017,3028.313
Mali,MLI,2018,2935.1292
Mali,MLI,2019,2847.8662
Mali,MLI,2020,2763.215
Mali,MLI,2021,2679.9316
Mali,MLI,2022,2600.4827
Malta,MLT,1961,155.26518
Malta,MLT,1962,155.91232
Malta,MLT,1963,156.56488
Malta,MLT,1964,157.19844
Malta,MLT,1965,158.40652
Malta,MLT,1966,160.21573
Malta,MLT,1967,162.09276
Malta,MLT,1968,164.0143
Malta,MLT,1969,165.95465
Malta,MLT,1970,166.8594
Malta,MLT,1971,166.83185
Malta,MLT,1972,166.96974
Malta,MLT,1973,167.10788
Malta,MLT,1974,167.22076
Malta,MLT,1975,165.9972
Malta,MLT,1976,165.15466
Malta,MLT,1977,164.51118
Malta,MLT,1978,162.80765
Malta,MLT,1979,161.16576
Malta,MLT,1980,159.4846
Malta,MLT,1981,158.31615
Malta,MLT,1982,154.95645
Malta,MLT,1983,152.78769
Malta,MLT,1984,152.7558
Malta,MLT,1985,150.0957
Malta,MLT,1986,147.6086
Malta,MLT,1987,146.59564
Malta,MLT,1988,145.39696
Malta,MLT,1989,143.9887
Malta,MLT,1990,142.5869
Malta,MLT,1991,138.79536
Malta,MLT,1992,137.37086
Malta,MLT,1993,136.00569
Malta,MLT,1994,134.73961
Malta,MLT,1995,133.80354
Malta,MLT,1996,132.92796
Malta,MLT,1997,131.92578
Malta,MLT,1998,131.07112
Malta,MLT,1999,130.29636
Malta,MLT,2000,129.4583
Malta,MLT,2001,128.48958
Malta,MLT,2002,127.53523
Malta,MLT,2003,126.69915
Malta,MLT,2004,125.85105
Malta,MLT,2005,125.051384
Malta,MLT,2006,124.5966
Malta,MLT,2007,124.16283
Malta,MLT,2008,123.357574
Malta,MLT,2009,122.43107
Malta,MLT,2010,121.831184
Malta,MLT,2011,121.31608
Malta,MLT,2012,120.23008
Malta,MLT,2013,118.87667
Malta,MLT,2014,116.498764
Malta,MLT,2015,113.68241
Malta,MLT,2016,111.109886
Malta,MLT,2017,108.1125
Malta,MLT,2018,104.35976
Malta,MLT,2019,100.21591
Malta,MLT,2020,97.96504
Malta,MLT,2021,97.46213
Malta,MLT,2022,95.08334
Mauritania,MRT,1961,472.7199
Mauritania,MRT,1962,460.20175
Mauritania,MRT,1963,447.71625
Mauritania,MRT,1964,435.27704
Mauritania,MRT,1965,422.9054
Mauritania,MRT,1966,410.61142
Mauritania,MRT,1967,398.4687
Mauritania,MRT,1968,386.57092
Mauritania,MRT,1969,374.9693
Mauritania,MRT,1970,363.7005
Mauritania,MRT,1971,352.82642
Mauritania,MRT,1972,342.3617
Mauritania,MRT,1973,332.27063
Mauritania,MRT,1974,322.53174
Mauritania,MRT,1975,313.15323
Mauritania,MRT,1976,304.1048
Mauritania,MRT,1977,295.4716
Mauritania,MRT,1978,287.2092
Mauritania,MRT,1979,279.18182
Mauritania,MRT,1980,271.36252
Mauritania,MRT,1981,263.6997
Mauritania,MRT,1982,256.2171
Mauritania,MRT,1983,248.95036
Mauritania,MRT,1984,241.88286
Mauritania,MRT,1985,235.00285
Mauritania,MRT,1986,228.332
Mauritania,MRT,1987,221.85074
Mauritania,MRT,1988,215.53362
Mauritania,MRT,1989,210.18913
Mauritania,MRT,1990,204.93085
Mauritania,MRT,1991,199.03091
Mauritania,MRT,1992,191.5585
Mauritania,MRT,1993,183.96489
Mauritania,MRT,1994,177.82092
Mauritania,MRT,1995,173.00911
Mauritania,MRT,1996,169.62177
Mauritania,MRT,1997,165.88521
Mauritania,MRT,1998,161.63896
Mauritania,MRT,1999,157.3751
Mauritania,MRT,2000,153.05492
Mauritania,MRT,2001,149.32281
Mauritania,MRT,2002,146.0571
Mauritania,MRT,2003,142.75284
Mauritania,MRT,2004,139.43773
Mauritania,MRT,2005,136.09798
Mauritania,MRT,2006,132.72897
Mauritania,MRT,2007,129.32181
Mauritania,MRT,2008,125.65699
Mauritania,MRT,2009,121.786064
Mauritania,MRT,2010,117.96052
Mauritania,MRT,2011,114.194
Mauritania,MRT,2012,110.52673
Mauritania,MRT,2013,107.11461
Mauritania,MRT,2014,103.93622
Mauritania,MRT,2015,100.85833
Mauritania,MRT,2016,97.87952
Mauritania,MRT,2017,94.99834
Mauritania,MRT,2018,92.21509
Mauritania,MRT,2019,89.531364
Mauritania,MRT,2020,86.95405
Mauritania,MRT,2021,84.479546
Mauritania,MRT,2022,82.040565
Mauritius,MUS,1961,4041.0896
Mauritius,MUS,1962,3928.0415
Mauritius,MUS,1963,3826.8872
Mauritius,MUS,1964,3735.838
Mauritius,MUS,1965,3653.3865
Mauritius,MUS,1966,3578.2434
Mauritius,MUS,1967,3509.3
Mauritius,MUS,1968,3445.5852
Mauritius,MUS,1969,3386.2422
Mauritius,MUS,1970,3330.5085
Mauritius,MUS,1971,3278.005
Mauritius,MUS,1972,3228.6724
Mauritius,MUS,1973,3181.0125
Mauritius,MUS,1974,3133.1074
Mauritius,MUS,1975,3084.0808
Mauritius,MUS,1976,3034.7256
Mauritius,MUS,1977,2985.742
Mauritius,MUS,1978,2946.9768
Mauritius,MUS,1979,2896.1309
Mauritius,MUS,1980,2847.7112
Mauritius,MUS,1981,2805.82
Mauritius,MUS,1982,2771.7297
Mauritius,MUS,1983,2746.356
Mauritius,MUS,1984,2717.786
Mauritius,MUS,1985,2695.6633
Mauritius,MUS,1986,2675.1333
Mauritius,MUS,1987,2655.1953
Mauritius,MUS,1988,2636.9797
Mauritius,MUS,1989,2616.8599
Mauritius,MUS,1990,2598.2856
Mauritius,MUS,1991,2570.3892
Mauritius,MUS,1992,2536.7908
Mauritius,MUS,1993,2506.8938
Mauritius,MUS,1994,2472.04
Mauritius,MUS,1995,2450.8733
Mauritius,MUS,1996,2425.9346
Mauritius,MUS,1997,2395.7488
Mauritius,MUS,1998,2370.6914
Mauritius,MUS,1999,2340.7446
Mauritius,MUS,2000,2317.8555
Mauritius,MUS,2001,2299.6155
Mauritius,MUS,2002,2283.7058
Mauritius,MUS,2003,2267.2393
Mauritius,MUS,2004,2253.0657
Mauritius,MUS,2005,2239.7646
Mauritius,MUS,2006,2229.3428
Mauritius,MUS,2007,2219.2104
Mauritius,MUS,2008,2211.1997
Mauritius,MUS,2009,2205.336
Mauritius,MUS,2010,2200.096
Mauritius,MUS,2011,2196.5754
Mauritius,MUS,2012,2190.4924
Mauritius,MUS,2013,2185.1943
Mauritius,MUS,2014,2181.2422
Mauritius,MUS,2015,2178.356
Mauritius,MUS,2016,2176.8599
Mauritius,MUS,2017,2174.898
Mauritius,MUS,2018,2173.7122
Mauritius,MUS,2019,2173.0115
Mauritius,MUS,2020,2172.9617
Mauritius,MUS,2021,2172.4126
Mauritius,MUS,2022,2178.9702
Mexico,MEX,1961,10794.371
Mexico,MEX,1962,10452.552
Mexico,MEX,1963,10117.735
Mexico,MEX,1964,9791.236
Mexico,MEX,1965,9473.189
Mexico,MEX,1966,9164.423
Mexico,MEX,1967,8866.323
Mexico,MEX,1968,8580.125
Mexico,MEX,1969,8307.403
Mexico,MEX,1970,8048.812
Mexico,MEX,1971,7803.473
Mexico,MEX,1972,7569.845
Mexico,MEX,1973,7347.224
Mexico,MEX,1974,7135.362
Mexico,MEX,1975,6934.272
Mexico,MEX,1976,6744.11
Mexico,MEX,1977,6564.1133
Mexico,MEX,1978,6392.718
Mexico,MEX,1979,6230.115
Mexico,MEX,1980,6077.236
Mexico,MEX,1981,5936.8193
Mexico,MEX,1982,5806.9155
Mexico,MEX,1983,5682.8257
Mexico,MEX,1984,5564.1074
Mexico,MEX,1985,5450.1787
Mexico,MEX,1986,5340.427
Mexico,MEX,1987,5234.4194
Mexico,MEX,1988,5132.0317
Mexico,MEX,1989,5034.0205
Mexico,MEX,1990,4938.4106
Mexico,MEX,1991,4844.217
Mexico,MEX,1992,4753.3374
Mexico,MEX,1993,4666.0835
Mexico,MEX,1994,4582.1606
Mexico,MEX,1995,4501.309
Mexico,MEX,1996,4423.884
Mexico,MEX,1997,4350.0825
Mexico,MEX,1998,4279.3506
Mexico,MEX,1999,4211.471
Mexico,MEX,2000,4146.9985
Mexico,MEX,2001,4085.951
Mexico,MEX,2002,4027.6272
Mexico,MEX,2003,3971.7021
Mexico,MEX,2004,3917.8447
Mexico,MEX,2005,3865.3643
Mexico,MEX,2006,3813.3894
Mexico,MEX,2007,3760.0774
Mexico,MEX,2008,3705.5732
Mexico,MEX,2009,3651.795
Mexico,MEX,2010,3599.595
Mexico,MEX,2011,3549.007
Mexico,MEX,2012,3501.1665
Mexico,MEX,2013,3456.039
Mexico,MEX,2014,3414.472
Mexico,MEX,2015,3378.1467
Mexico,MEX,2016,3345.5664
Mexico,MEX,2017,3314.423
Mexico,MEX,2018,3283.1968
Mexico,MEX,2019,3252.1494
Mexico,MEX,2020,3225.5762
Mexico,MEX,2021,3204.12
Mexico,MEX,2022,3180.08
"Middle East, North Africa, Afghanistan and Pakistan (WB)",WB_MENAP,1961,1862.3356
"Middle East, North Africa, Afghanistan and Pakistan (WB)",WB_MENAP,1962,1994.1982
"Middle East, North Africa, Afghanistan and Pakistan (WB)",WB_MENAP,1963,1941.7955
"Middle East, North Africa, Afghanistan and Pakistan (WB)",WB_MENAP,1964,1890.168
"Middle East, North Africa, Afghanistan and Pakistan (WB)",WB_MENAP,1965,1839.7344
"Middle East, North Africa, Afghanistan and Pakistan (WB)",WB_MENAP,1966,1790.0604
"Middle East, North Africa, Afghanistan and Pakistan (WB)",WB_MENAP,1967,1740.3153
"Middle East, North Africa, Afghanistan and Pakistan (WB)",WB_MENAP,1968,1692.0925
"Middle East, North Africa, Afghanistan and Pakistan (WB)",WB_MENAP,1969,1644.7515
"Middle East, North Africa, Afghanistan and Pakistan (WB)",WB_MENAP,1970,1598.5791
"Middle East, North Africa, Afghanistan and Pakistan (WB)",WB_MENAP,1971,1554.6245
"Middle East, North Africa, Afghanistan and Pakistan (WB)",WB_MENAP,1972,1512.0482
"Middle East, North Africa, Afghanistan and Pakistan (WB)",WB_MENAP,1973,1469.4628
"Middle East, North Africa, Afghanistan and Pakistan (WB)",WB_MENAP,1974,1427.8303
"Middle East, North Africa, Afghanistan and Pakistan (WB)",WB_MENAP,1975,1386.0002
"Middle East, North Africa, Afghanistan and Pakistan (WB)",WB_MENAP,1976,1344.3561
"Middle East, North Africa, Afghanistan and Pakistan (WB)",WB_MENAP,1977,1303.9869
"Middle East, North Africa, Afghanistan and Pakistan (WB)",WB_MENAP,1978,1264.574
"Middle East, North Africa, Afghanistan and Pakistan (WB)",WB_MENAP,1979,1225.926
"Middle East, North Africa, Afghanistan and Pakistan (WB)",WB_MENAP,1980,1187.8258
"Middle East, North Africa, Afghanistan and Pakistan (WB)",WB_MENAP,1981,1150.5757
"Middle East, North Africa, Afghanistan and Pakistan (WB)",WB_MENAP,1982,1114.708
"Middle East, North Africa, Afghanistan and Pakistan (WB)",WB_MENAP,1983,1079.7738
"Middle East, North Africa, Afghanistan and Pakistan (WB)",WB_MENAP,1984,1045.5311
"Middle East, North Africa, Afghanistan and Pakistan (WB)",WB_MENAP,1985,1012.61896
"Middle East, North Africa, Afghanistan and Pakistan (WB)",WB_MENAP,1986,981.0972
"Middle East, North Africa, Afghanistan and Pakistan (WB)",WB_MENAP,1987,950.94495
"Middle East, North Africa, Afghanistan and Pakistan (WB)",WB_MENAP,1988,922.4084
"Middle East, North Africa, Afghanistan and Pakistan (WB)",WB_MENAP,1989,895.0489
"Middle East, North Africa, Afghanistan and Pakistan (WB)",WB_MENAP,1990,867.8495
"Middle East, North Africa, Afghanistan and Pakistan (WB)",WB_MENAP,1991,843.6959
"Middle East, North Africa, Afghanistan and Pakistan (WB)",WB_MENAP,1992,819.59033
"Middle East, North Africa, Afghanistan and Pakistan (WB)",WB_MENAP,1993,797.38275
"Middle East, North Africa, Afghanistan and Pakistan (WB)",WB_MENAP,1994,776.9562
"Middle East, North Africa, Afghanistan and Pakistan (WB)",WB_MENAP,1995,757.74963
"Middle East, North Africa, Afghanistan and Pakistan (WB)",WB_MENAP,1996,739.4055
"Middle East, North Africa, Afghanistan and Pakistan (WB)",WB_MENAP,1997,721.7497
"Middle East, North Africa, Afghanistan and Pakistan (WB)",WB_MENAP,1998,704.6512
"Middle East, North Africa, Afghanistan and Pakistan (WB)",WB_MENAP,1999,688.05853
"Middle East, North Africa, Afghanistan and Pakistan (WB)",WB_MENAP,2000,672.18005
"Middle East, North Africa, Afghanistan and Pakistan (WB)",WB_MENAP,2001,656.74786
"Middle East, North Africa, Afghanistan and Pakistan (WB)",WB_MENAP,2002,641.9007
"Middle East, North Africa, Afghanistan and Pakistan (WB)",WB_MENAP,2003,627.19977
"Middle East, North Africa, Afghanistan and Pakistan (WB)",WB_MENAP,2004,612.4779
"Middle East, North Africa, Afghanistan and Pakistan (WB)",WB_MENAP,2005,598.0266
"Middle East, North Africa, Afghanistan and Pakistan (WB)",WB_MENAP,2006,583.6627
"Middle East, North Africa, Afghanistan and Pakistan (WB)",WB_MENAP,2007,569.8193
"Middle East, North Africa, Afghanistan and Pakistan (WB)",WB_MENAP,2008,556.4219
"Middle East, North Africa, Afghanistan and Pakistan (WB)",WB_MENAP,2009,543.39655
"Middle East, North Africa, Afghanistan and Pakistan (WB)",WB_MENAP,2010,532.35156
"Middle East, North Africa, Afghanistan and Pakistan (WB)",WB_MENAP,2011,520.5015
"Middle East, North Africa, Afghanistan and Pakistan (WB)",WB_MENAP,2012,509.17194
"Middle East, North Africa, Afghanistan and Pakistan (WB)",WB_MENAP,2013,498.3467
"Middle East, North Africa, Afghanistan and Pakistan (WB)",WB_MENAP,2014,488.64462
"Middle East, North Africa, Afghanistan and Pakistan (WB)",WB_MENAP,2015,479.13095
"Middle East, North Africa, Afghanistan and Pakistan (WB)",WB_MENAP,2016,470.46313
"Middle East, North Africa, Afghanistan and Pakistan (WB)",WB_MENAP,2017,462.6988
"Middle East, North Africa, Afghanistan and Pakistan (WB)",WB_MENAP,2018,455.4294
"Middle East, North Africa, Afghanistan and Pakistan (WB)",WB_MENAP,2019,447.85516
"Middle East, North Africa, Afghanistan and Pakistan (WB)",WB_MENAP,2020,439.74905
"Middle East, North Africa, Afghanistan and Pakistan (WB)",WB_MENAP,2021,433.3479
"Middle East, North Africa, Afghanistan and Pakistan (WB)",WB_MENAP,2022,431.21753
Moldova,MDA,1992,543.4482
Moldova,MDA,1993,544.3611
Moldova,MDA,1994,546.053
Moldova,MDA,1995,548.5575
Moldova,MDA,1996,244.29196
Moldova,MDA,1997,551.6935
Moldova,MDA,1998,551.91644
Moldova,MDA,1999,552.7837
Moldova,MDA,2000,553.909
Moldova,MDA,2001,555.1491
Moldova,MDA,2002,556.4362
Moldova,MDA,2003,558.0054
Moldova,MDA,2004,559.3878
Moldova,MDA,2005,560.75055
Moldova,MDA,2006,562.3112
Moldova,MDA,2007,563.61566
Moldova,MDA,2008,564.6895
Moldova,MDA,2009,565.403
Moldova,MDA,2010,565.9677
Moldova,MDA,2011,566.29517
Moldova,MDA,2012,566.3694
Moldova,MDA,2013,566.5211
Moldova,MDA,2014,566.86664
Moldova,MDA,2015,571.2315
Moldova,MDA,2016,577.9138
Moldova,MDA,2017,587.98145
Moldova,MDA,2018,598.40356
Moldova,MDA,2019,608.057
Moldova,MDA,2020,614.77045
Moldova,MDA,2021,624.0829
Moldova,MDA,2022,640.65704
Mongolia,MNG,1961,34479.89
Mongolia,MNG,1962,33415.145
Mongolia,MNG,1963,32482.018
Mongolia,MNG,1964,31629.635
Mongolia,MNG,1965,30764.416
Mongolia,MNG,1966,29903.227
Mongolia,MNG,1967,29072.78
Mongolia,MNG,1968,28294.293
Mongolia,MNG,1969,27569.072
Mongolia,MNG,1970,26866.943
Mongolia,MNG,1971,26164.018
Mongolia,MNG,1972,25460.54
Mongolia,MNG,1973,24759.836
Mongolia,MNG,1974,24065.559
Mongolia,MNG,1975,23382.445
Mongolia,MNG,1976,22716.22
Mongolia,MNG,1977,22077.785
Mongolia,MNG,1978,21488.54
Mongolia,MNG,1979,20955.537
Mongolia,MNG,1980,20454.525
Mongolia,MNG,1981,19967.215
Mongolia,MNG,1982,19491.824
Mongolia,MNG,1983,19025.834
Mongolia,MNG,1984,18566.445
Mongolia,MNG,1985,18110.719
Mongolia,MNG,1986,17656.326
Mongolia,MNG,1987,17203.875
Mongolia,MNG,1988,16760.406
Mongolia,MNG,1989,16382.754
Mongolia,MNG,1990,16581.615
Mongolia,MNG,1991,16071.364
Mongolia,MNG,1992,16053.216
Mongolia,MNG,1993,16072.9375
Mongolia,MNG,1994,15894.802
Mongolia,MNG,1995,15640.836
Mongolia,MNG,1996,15401.59
Mongolia,MNG,1997,15184.902
Mongolia,MNG,1998,14975.413
Mongolia,MNG,1999,14765.703
Mongolia,MNG,2000,14571.04
Mongolia,MNG,2001,14393.542
Mongolia,MNG,2002,14209.725
Mongolia,MNG,2003,14030.143
Mongolia,MNG,2004,13873.319
Mongolia,MNG,2005,13720.195
Mongolia,MNG,2006,13555.794
Mongolia,MNG,2007,13375.099
Mongolia,MNG,2008,13165.8545
Mongolia,MNG,2009,12931.443
Mongolia,MNG,2010,12707.12
Mongolia,MNG,2011,12489.605
Mongolia,MNG,2012,12254.794
Mongolia,MNG,2013,12004.094
Mongolia,MNG,2014,11744.405
Mongolia,MNG,2015,11497.048
Mongolia,MNG,2016,11266.307
Mongolia,MNG,2017,11051.419
Mongolia,MNG,2018,10847.241
Mongolia,MNG,2019,10649.78
Mongolia,MNG,2020,10459.232
Mongolia,MNG,2021,10284.475
Mongolia,MNG,2022,10134.698
Morocco,MAR,1961,2430.6255
Morocco,MAR,1962,2366.7495
Morocco,MAR,1963,2305.7043
Morocco,MAR,1964,2248.256
Morocco,MAR,1965,2190.4695
Morocco,MAR,1966,2132.8132
Morocco,MAR,1967,2076.1482
Morocco,MAR,1968,2021.2019
Morocco,MAR,1969,1968.2026
Morocco,MAR,1970,1916.7915
Morocco,MAR,1971,1867.6873
Morocco,MAR,1972,1821.0713
Morocco,MAR,1973,1776.2784
Morocco,MAR,1974,1733.015
Morocco,MAR,1975,1690.8846
Morocco,MAR,1976,1650.148
Morocco,MAR,1977,1609.7914
Morocco,MAR,1978,1569.4862
Morocco,MAR,1979,1529.8918
Morocco,MAR,1980,1490.2407
Morocco,MAR,1981,1451.0592
Morocco,MAR,1982,1413.2335
Morocco,MAR,1983,1376.9725
Morocco,MAR,1984,1342.9795
Morocco,MAR,1985,1311.3893
Morocco,MAR,1986,1283.1403
Morocco,MAR,1987,1257.8948
Morocco,MAR,1988,1234.015
Morocco,MAR,1989,1211.3914
Morocco,MAR,1990,1189.7167
Morocco,MAR,1991,1169.4014
Morocco,MAR,1992,1150.2246
Morocco,MAR,1993,1132.1675
Morocco,MAR,1994,1115.3494
Morocco,MAR,1995,1098.5087
Morocco,MAR,1996,1081.7623
Morocco,MAR,1997,1065.6539
Morocco,MAR,1998,1049.9011
Morocco,MAR,1999,1034.71
Morocco,MAR,2000,1020.28485
Morocco,MAR,2001,1006.43274
Morocco,MAR,2002,993.21387
Morocco,MAR,2003,980.67676
Morocco,MAR,2004,968.1829
Morocco,MAR,2005,955.26263
Morocco,MAR,2006,942.44037
Morocco,MAR,2007,929.8905
Morocco,MAR,2008,917.525
Morocco,MAR,2009,905.3792
Morocco,MAR,2010,893.21423
Morocco,MAR,2011,881.1218
Morocco,MAR,2012,869.4286
Morocco,MAR,2013,858.3038
Morocco,MAR,2014,847.8347
Morocco,MAR,2015,837.9665
Morocco,MAR,2016,828.0165
Morocco,MAR,2017,818.13684
Morocco,MAR,2018,809.1572
Morocco,MAR,2019,800.8639
Morocco,MAR,2020,792.6918
Morocco,MAR,2021,784.75006
Morocco,MAR,2022,776.8746
Mozambique,MOZ,1961,14674.607
Mozambique,MOZ,1962,14391.557
Mozambique,MOZ,1963,14107.233
Mozambique,MOZ,1964,13824.832
Mozambique,MOZ,1965,13542.304
Mozambique,MOZ,1966,13261.95
Mozambique,MOZ,1967,12984.575
Mozambique,MOZ,1968,12708.085
Mozambique,MOZ,1969,12433.446
Mozambique,MOZ,1970,12156.83
Mozambique,MOZ,1971,11860.955
Mozambique,MOZ,1972,11538.105
Mozambique,MOZ,1973,11201.395
Mozambique,MOZ,1974,10859.57
Mozambique,MOZ,1975,10512.727
Mozambique,MOZ,1976,10164.981
Mozambique,MOZ,1977,9809.314
Mozambique,MOZ,1978,9446.001
Mozambique,MOZ,1979,9094.363
Mozambique,MOZ,1980,8847.746
Mozambique,MOZ,1981,8670.375
Mozambique,MOZ,1982,8482.481
Mozambique,MOZ,1983,8307.229
Mozambique,MOZ,1984,8143.908
Mozambique,MOZ,1985,7992.701
Mozambique,MOZ,1986,7853.9907
Mozambique,MOZ,1987,7822.1426
Mozambique,MOZ,1988,7835.5957
Mozambique,MOZ,1989,7771.0723
Mozambique,MOZ,1990,7659.6826
Mozambique,MOZ,1991,7511.9326
Mozambique,MOZ,1992,7367.786
Mozambique,MOZ,1993,7138.1846
Mozambique,MOZ,1994,6671.61
Mozambique,MOZ,1995,6284.2524
Mozambique,MOZ,1996,6081.5596
Mozambique,MOZ,1997,5917.4106
Mozambique,MOZ,1998,5784.159
Mozambique,MOZ,1999,5655.641
Mozambique,MOZ,2000,5532.373
Mozambique,MOZ,2001,5410.5874
Mozambique,MOZ,2002,5290.5483
Mozambique,MOZ,2003,5172.1094
Mozambique,MOZ,2004,5055.364
Mozambique,MOZ,2005,4939.775
Mozambique,MOZ,2006,4825.111
Mozambique,MOZ,2007,4711.6553
Mozambique,MOZ,2008,4596.9033
Mozambique,MOZ,2009,4479.329
Mozambique,MOZ,2010,4361.0146
Mozambique,MOZ,2011,4241.187
Mozambique,MOZ,2012,4121.1533
Mozambique,MOZ,2013,4003.7346
Mozambique,MOZ,2014,3889.3342
Mozambique,MOZ,2015,3778.1233
Mozambique,MOZ,2016,3669.0059
Mozambique,MOZ,2017,3560.9814
Mozambique,MOZ,2018,3456.3987
Mozambique,MOZ,2019,3356.2683
Mozambique,MOZ,2020,3258.219
Mozambique,MOZ,2021,3163.2595
Mozambique,MOZ,2022,3071.388
Myanmar,MMR,1961,45149.652
Myanmar,MMR,1962,44167.03
Myanmar,MMR,1963,43199.17
Myanmar,MMR,1964,42245.723
Myanmar,MMR,1965,41302.45
Myanmar,MMR,1966,40376.066
Myanmar,MMR,1967,39470.324
Myanmar,MMR,1968,38584.574
Myanmar,MMR,1969,37720.36
Myanmar,MMR,1970,36877.117
Myanmar,MMR,1971,36062.58
Myanmar,MMR,1972,35274.68
Myanmar,MMR,1973,34547.875
Myanmar,MMR,1974,33880.477
Myanmar,MMR,1975,33231.086
Myanmar,MMR,1976,32602.041
Myanmar,MMR,1977,31981.154
Myanmar,MMR,1978,31363.986
Myanmar,MMR,1979,30763.992
Myanmar,MMR,1980,30180.09
Myanmar,MMR,1981,29617.13
Myanmar,MMR,1982,29081.025
Myanmar,MMR,1983,28518.844
Myanmar,MMR,1984,27933.682
Myanmar,MMR,1985,27381.83
Myanmar,MMR,1986,26874
Myanmar,MMR,1987,26409.215
Myanmar,MMR,1988,25978.65
Myanmar,MMR,1989,25572.096
Myanmar,MMR,1990,25185.064
Myanmar,MMR,1991,24825.375
Myanmar,MMR,1992,24488.195
Myanmar,MMR,1993,24162.441
Myanmar,MMR,1994,23844.885
Myanmar,MMR,1995,23536.957
Myanmar,MMR,1996,23237.244
Myanmar,MMR,1997,22942.75
Myanmar,MMR,1998,22658.156
Myanmar,MMR,1999,22390.064
Myanmar,MMR,2000,22141.342
Myanmar,MMR,2001,21909.002
Myanmar,MMR,2002,21690.297
Myanmar,MMR,2003,21488.33
Myanmar,MMR,2004,21304.996
Myanmar,MMR,2005,21139.008
Myanmar,MMR,2006,20985.605
Myanmar,MMR,2007,20837.385
Myanmar,MMR,2008,20722.951
Myanmar,MMR,2009,20608.107
Myanmar,MMR,2010,20455.127
Myanmar,MMR,2011,20291.453
Myanmar,MMR,2012,20121.416
Myanmar,MMR,2013,19951.193
Myanmar,MMR,2014,19786.26
Myanmar,MMR,2015,19628.47
Myanmar,MMR,2016,19473.473
Myanmar,MMR,2017,19323.658
Myanmar,MMR,2018,19184.176
Myanmar,MMR,2019,19049.895
Myanmar,MMR,2020,18914.857
Myanmar,MMR,2021,18783.562
Myanmar,MMR,2022,18654.389
Namibia,NAM,1961,10214.454
Namibia,NAM,1962,10003.914
Namibia,NAM,1963,9784.161
Namibia,NAM,1964,9557.352
Namibia,NAM,1965,9325.449
Namibia,NAM,1966,9090.171
Namibia,NAM,1967,8850.003
Namibia,NAM,1968,8608.858
Namibia,NAM,1969,8368.201
Namibia,NAM,1970,8128.0645
Namibia,NAM,1971,7891.5273
Namibia,NAM,1972,7657.891
Namibia,NAM,1973,7431.2847
Namibia,NAM,1974,7210.413
Namibia,NAM,1975,6991.8003
Namibia,NAM,1976,6794.872
Namibia,NAM,1977,6615.8022
Namibia,NAM,1978,6502.905
Namibia,NAM,1979,6397.84
Namibia,NAM,1980,6276.5303
Namibia,NAM,1981,6206.5493
Namibia,NAM,1982,6097.1504
Namibia,NAM,1983,5937.2866
Namibia,NAM,1984,5778.6714
Namibia,NAM,1985,5615.8774
Namibia,NAM,1986,5446.1177
Namibia,NAM,1987,5274.4736
Namibia,NAM,1988,5092.1885
Namibia,NAM,1989,4779.0947
Namibia,NAM,1990,4498.639
Namibia,NAM,1991,4351.2534
Namibia,NAM,1992,4215.3613
Namibia,NAM,1993,4082.9934
Namibia,NAM,1994,3958.0957
Namibia,NAM,1995,3844.7854
Namibia,NAM,1996,3742.1716
Namibia,NAM,1997,3646.5586
Namibia,NAM,1998,3555.0527
Namibia,NAM,1999,3467.75
Namibia,NAM,2000,3387.1333
Namibia,NAM,2001,3317.0925
Namibia,NAM,2002,3259.311
Namibia,NAM,2003,3212.5767
Namibia,NAM,2004,3171.8538
Namibia,NAM,2005,3132.3381
Namibia,NAM,2006,3092.5435
Namibia,NAM,2007,3051.6199
Namibia,NAM,2008,3009.1995
Namibia,NAM,2009,2965.2537
Namibia,NAM,2010,2919.6929
Namibia,NAM,2011,2870.022
Namibia,NAM,2012,2806.8206
Namibia,NAM,2013,2734.7295
Namibia,NAM,2014,2664.1997
Namibia,NAM,2015,2594.449
Namibia,NAM,2016,2525.4048
Namibia,NAM,2017,2457.2642
Namibia,NAM,2018,2390.0732
Namibia,NAM,2019,2324.095
Namibia,NAM,2020,2257.4338
Namibia,NAM,2021,2191.7434
Namibia,NAM,2022,2131.7373
Nauru,NRU,1962,2008.4354
Nauru,NRU,1963,1913.5094
Nauru,NRU,1964,1813.2366
Nauru,NRU,1965,1714.6776
Nauru,NRU,1966,1654.8073
Nauru,NRU,1967,1629.9918
Nauru,NRU,1968,1580.2781
Nauru,NRU,1969,1519.5259
Nauru,NRU,1970,1490.313
Nauru,NRU,1971,1478.8524
Nauru,NRU,1972,1467.9977
Nauru,NRU,1973,1456.452
Nauru,NRU,1974,1444.4604
Nauru,NRU,1975,1431.2294
Nauru,NRU,1976,1415.6285
Nauru,NRU,1977,1396.0631
Nauru,NRU,1978,1370.2384
Nauru,NRU,1979,1339.0466
Nauru,NRU,1980,1307.3605
Nauru,NRU,1981,1275.673
Nauru,NRU,1982,1243.7811
Nauru,NRU,1983,1217.1373
Nauru,NRU,1984,1193.7448
Nauru,NRU,1985,1169.4539
Nauru,NRU,1986,1143.903
Nauru,NRU,1987,1117.818
Nauru,NRU,1988,1091.1074
Nauru,NRU,1989,1064.9628
Nauru,NRU,1990,1039.2849
Nauru,NRU,1991,1015.22845
Nauru,NRU,1992,997.9044
Nauru,NRU,1993,989.903
Nauru,NRU,1994,986.48517
Nauru,NRU,1995,983.7678
Nauru,NRU,1996,982.0289
Nauru,NRU,1997,980.6806
Nauru,NRU,1998,980.5844
Nauru,NRU,1999,981.64325
Nauru,NRU,2000,983.4776
Nauru,NRU,2001,987.1668
Nauru,NRU,2002,991.8667
Nauru,NRU,2003,994.1346
Nauru,NRU,2004,994.03577
Nauru,NRU,2005,995.1239
Nauru,NRU,2006,996.6115
Nauru,NRU,2007,998.00397
Nauru,NRU,2008,999.1008
Nauru,NRU,2009,998.4025
Nauru,NRU,2010,995.7184
Nauru,NRU,2011,990.2951
Nauru,NRU,2012,973.9943
Nauru,NRU,2013,950.8415
Nauru,NRU,2014,930.92535
Nauru,NRU,2015,912.9085
Nauru,NRU,2016,896.86096
Nauru,NRU,2017,883.0802
Nauru,NRU,2018,871.30786
Nauru,NRU,2019,863.03613
Nauru,NRU,2020,858.8852
Nauru,NRU,2021,854.0439
Nauru,NRU,2022,847.3858
Nepal,NPL,1961,19208.412
Nepal,NPL,1962,18838.307
Nepal,NPL,1963,18471.889
Nepal,NPL,1964,18106.422
Nepal,NPL,1965,17738.541
Nepal,NPL,1966,17372.691
Nepal,NPL,1967,17008.91
Nepal,NPL,1968,16646.697
Nepal,NPL,1969,16289.916
Nepal,NPL,1970,15937.357
Nepal,NPL,1971,15593.945
Nepal,NPL,1972,15258.949
Nepal,NPL,1973,14930.052
Nepal,NPL,1974,14607.433
Nepal,NPL,1975,14289.118
Nepal,NPL,1976,13979.751
Nepal,NPL,1977,13669.743
Nepal,NPL,1978,13356.069
Nepal,NPL,1979,13047.551
Nepal,NPL,1980,12743.437
Nepal,NPL,1981,12447.8545
Nepal,NPL,1982,12161.011
Nepal,NPL,1983,11876.001
Nepal,NPL,1984,11600.655
Nepal,NPL,1985,11340.17
Nepal,NPL,1986,11092.379
Nepal,NPL,1987,10859.974
Nepal,NPL,1988,10633.812
Nepal,NPL,1989,10399.9375
Nepal,NPL,1990,10151.311
Nepal,NPL,1991,9891.947
Nepal,NPL,1992,9616.828
Nepal,NPL,1993,9357.814
Nepal,NPL,1994,9126.289
Nepal,NPL,1995,8909.691
Nepal,NPL,1996,8715.205
Nepal,NPL,1997,8535.942
Nepal,NPL,1998,8369.807
Nepal,NPL,1999,8215.477
Nepal,NPL,2000,8074.468
Nepal,NPL,2001,7944.9233
Nepal,NPL,2002,7825.029
Nepal,NPL,2003,7715.437
Nepal,NPL,2004,7618.197
Nepal,NPL,2005,7533.4126
Nepal,NPL,2006,7460.8257
Nepal,NPL,2007,7398.699
Nepal,NPL,2008,7343.4507
Nepal,NPL,2009,7293.9956
Nepal,NPL,2010,7248.9336
Nepal,NPL,2011,7216.5903
Nepal,NPL,2012,7198.134
Nepal,NPL,2013,7183.763
Nepal,NPL,2014,7162.379
Nepal,NPL,2015,7123.442
Nepal,NPL,2016,7089.8486
Nepal,NPL,2017,7075.7266
Nepal,NPL,2018,7058.483
Nepal,NPL,2019,6975.419
Nepal,NPL,2020,6842.3696
Nepal,NPL,2021,6724.3403
Nepal,NPL,2022,6669.934
Netherlands,NLD,1961,945.12177
Netherlands,NLD,1962,931.75415
Netherlands,NLD,1963,919.27386
Netherlands,NLD,1964,907.0579
Netherlands,NLD,1965,894.69214
Netherlands,NLD,1966,883.09076
Netherlands,NLD,1967,873.14056
Netherlands,NLD,1968,864.1195
Netherlands,NLD,1969,854.17096
Netherlands,NLD,1970,843.6536
Netherlands,NLD,1971,833.6809
Netherlands,NLD,1972,825.2934
Netherlands,NLD,1973,818.49365
Netherlands,NLD,1974,812.10443
Netherlands,NLD,1975,804.8976
Netherlands,NLD,1976,798.60394
Netherlands,NLD,1977,793.8693
Netherlands,NLD,1978,788.9999
Netherlands,NLD,1979,783.5723
Netherlands,NLD,1980,777.3961
Netherlands,NLD,1981,772.0811
Netherlands,NLD,1982,768.54877
Netherlands,NLD,1983,765.6398
Netherlands,NLD,1984,762.6067
Netherlands,NLD,1985,759.0587
Netherlands,NLD,1986,754.858
Netherlands,NLD,1987,750.0834
Netherlands,NLD,1988,745.2527
Netherlands,NLD,1989,740.7953
Netherlands,NLD,1990,735.7117
Netherlands,NLD,1991,729.93677
Netherlands,NLD,1992,724.43884
Netherlands,NLD,1993,719.40717
Netherlands,NLD,1994,715.08264
Netherlands,NLD,1995,711.5593
Netherlands,NLD,1996,708.2838
Netherlands,NLD,1997,704.64716
Netherlands,NLD,1998,700.31537
Netherlands,NLD,1999,695.6703
Netherlands,NLD,2000,690.7156
Netherlands,NLD,2001,685.5214
Netherlands,NLD,2002,681.1597
Netherlands,NLD,2003,677.9535
Netherlands,NLD,2004,675.60187
Netherlands,NLD,2005,674.0251
Netherlands,NLD,2006,672.94336
Netherlands,NLD,2007,671.48114
Netherlands,NLD,2008,668.8722
Netherlands,NLD,2009,665.4411
Netherlands,NLD,2010,662.0367
Netherlands,NLD,2011,658.95593
Netherlands,NLD,2012,656.5219
Netherlands,NLD,2013,654.58923
Netherlands,NLD,2014,652.23804
Netherlands,NLD,2015,649.3536
Netherlands,NLD,2016,645.90704
Netherlands,NLD,2017,642.0997
Netherlands,NLD,2018,638.3612
Netherlands,NLD,2019,634.1931
Netherlands,NLD,2020,630.6797
Netherlands,NLD,2021,627.3868
Netherlands,NLD,2022,621.43445
New Zealand,NZL,1961,135140.72
New Zealand,NZL,1962,131748.6
New Zealand,NZL,1963,129157.125
New Zealand,NZL,1964,126479.46
New Zealand,NZL,1965,124410.29
New Zealand,NZL,1966,122201.875
New Zealand,NZL,1967,120039.65
New Zealand,NZL,1968,118991.305
New Zealand,NZL,1969,117931.336
New Zealand,NZL,1970,116341.125
New Zealand,NZL,1971,114616.195
New Zealand,NZL,1972,112607.18
New Zealand,NZL,1973,110424.48
New Zealand,NZL,1974,108145.65
New Zealand,NZL,1975,106062.08
New Zealand,NZL,1976,105127.79
New Zealand,NZL,1977,104800.98
New Zealand,NZL,1978,104767.4
New Zealand,NZL,1979,105178.516
New Zealand,NZL,1980,105046.74
New Zealand,NZL,1981,104643.35
New Zealand,NZL,1982,103608.88
New Zealand,NZL,1983,102209.86
New Zealand,NZL,1984,101329.37
New Zealand,NZL,1985,100705.24
New Zealand,NZL,1986,100730.06
New Zealand,NZL,1987,99865.625
New Zealand,NZL,1988,99591.88
New Zealand,NZL,1989,99114.94
New Zealand,NZL,1990,98204.09
New Zealand,NZL,1991,93559.555
New Zealand,NZL,1992,92589.97
New Zealand,NZL,1993,91540.23
New Zealand,NZL,1994,90331.49
New Zealand,NZL,1995,89018.35
New Zealand,NZL,1996,87620.58
New Zealand,NZL,1997,86478.195
New Zealand,NZL,1998,85714.29
New Zealand,NZL,1999,85265.055
New Zealand,NZL,2000,84765.53
New Zealand,NZL,2001,84267.49
New Zealand,NZL,2002,82816.26
New Zealand,NZL,2003,81197.85
New Zealand,NZL,2004,80000
New Zealand,NZL,2005,79102.055
New Zealand,NZL,2006,78143.67
New Zealand,NZL,2007,77418.44
New Zealand,NZL,2008,76764.164
New Zealand,NZL,2009,76000.555
New Zealand,NZL,2010,75160.32
New Zealand,NZL,2011,74589.414
New Zealand,NZL,2012,74181.62
New Zealand,NZL,2013,73613.83
New Zealand,NZL,2014,72401.195
New Zealand,NZL,2015,70941.984
New Zealand,NZL,2016,69366.37
New Zealand,NZL,2017,67932.52
New Zealand,NZL,2018,66726.52
New Zealand,NZL,2019,65790.8
New Zealand,NZL,2020,64466.523
New Zealand,NZL,2021,64311.844
New Zealand,NZL,2022,64348.543
Nicaragua,NIC,1961,85060.805
Nicaragua,NIC,1962,82549.46
Nicaragua,NIC,1963,80101.164
Nicaragua,NIC,1964,77709.62
Nicaragua,NIC,1965,75366.16
Nicaragua,NIC,1966,73069.766
Nicaragua,NIC,1967,70825.33
Nicaragua,NIC,1968,68638.516
Nicaragua,NIC,1969,66517.69
Nicaragua,NIC,1970,64467.938
Nicaragua,NIC,1971,62488.375
Nicaragua,NIC,1972,60697.598
Nicaragua,NIC,1973,58963.234
Nicaragua,NIC,1974,57176.32
Nicaragua,NIC,1975,55453.73
Nicaragua,NIC,1976,53794.082
Nicaragua,NIC,1977,52199.906
Nicaragua,NIC,1978,50712.363
Nicaragua,NIC,1979,49362.86
Nicaragua,NIC,1980,48029.1
Nicaragua,NIC,1981,46690.145
Nicaragua,NIC,1982,45426.457
Nicaragua,NIC,1983,44248.59
Nicaragua,NIC,1984,43162.617
Nicaragua,NIC,1985,42145.12
Nicaragua,NIC,1986,41171.2
Nicaragua,NIC,1987,40237.867
Nicaragua,NIC,1988,39324.625
Nicaragua,NIC,1989,38414.098
Nicaragua,NIC,1990,37527.395
Nicaragua,NIC,1991,36672.14
Nicaragua,NIC,1992,35852.438
Nicaragua,NIC,1993,35073.957
Nicaragua,NIC,1994,34337.03
Nicaragua,NIC,1995,33644.695
Nicaragua,NIC,1996,33025.55
Nicaragua,NIC,1997,32478.975
Nicaragua,NIC,1998,31986.29
Nicaragua,NIC,1999,31531.98
Nicaragua,NIC,2000,31101.217
Nicaragua,NIC,2001,30702.707
Nicaragua,NIC,2002,30332.574
Nicaragua,NIC,2003,29977.186
Nicaragua,NIC,2004,29624.996
Nicaragua,NIC,2005,29241.283
Nicaragua,NIC,2006,28827.123
Nicaragua,NIC,2007,28416.062
Nicaragua,NIC,2008,28011.727
Nicaragua,NIC,2009,27615.523
Nicaragua,NIC,2010,27226.38
Nicaragua,NIC,2011,26844.584
Nicaragua,NIC,2012,26470.496
Nicaragua,NIC,2013,26105.29
Nicaragua,NIC,2014,25749.643
Nicaragua,NIC,2015,25402.408
Nicaragua,NIC,2016,25063.111
Nicaragua,NIC,2017,24731.521
Nicaragua,NIC,2018,24407.508
Nicaragua,NIC,2019,24092.885
Nicaragua,NIC,2020,23793.396
Nicaragua,NIC,2021,23508.816
Nicaragua,NIC,2022,23208.74
Niger,NER,1961,970.02295
Niger,NER,1962,942.2482
Niger,NER,1963,915.30237
Niger,NER,1964,889.26965
Niger,NER,1965,864.26263
Niger,NER,1966,840.2264
Niger,NER,1967,817.07166
Niger,NER,1968,794.79755
Niger,NER,1969,773.35675
Niger,NER,1970,752.6437
Niger,NER,1971,732.7963
Niger,NER,1972,713.58014
Niger,NER,1973,694.7388
Niger,NER,1974,676.33466
Niger,NER,1975,658.2636
Niger,NER,1976,640.4436
Niger,NER,1977,622.80725
Niger,NER,1978,605.2293
Niger,NER,1979,587.6865
Niger,NER,1980,570.40686
Niger,NER,1981,553.62177
Niger,NER,1982,537.4089
Niger,NER,1983,521.71497
Niger,NER,1984,506.51443
Niger,NER,1985,491.6796
Niger,NER,1986,477.11154
Niger,NER,1987,462.89255
Niger,NER,1988,449.0779
Niger,NER,1989,435.6062
Niger,NER,1990,422.3962
Niger,NER,1991,409.5052
Niger,NER,1992,396.93192
Niger,NER,1993,384.58203
Niger,NER,1994,372.40945
Niger,NER,1995,360.2851
Niger,NER,1996,348.4372
Niger,NER,1997,337.058
Niger,NER,1998,325.84167
Niger,NER,1999,314.8215
Niger,NER,2000,304.09317
Niger,NER,2001,293.60822
Niger,NER,2002,283.42044
Niger,NER,2003,273.50195
Niger,NER,2004,263.8356
Niger,NER,2005,254.43088
Niger,NER,2006,245.29419
Niger,NER,2007,236.42882
Niger,NER,2008,227.83618
Niger,NER,2009,219.52278
Niger,NER,2010,211.49525
Niger,NER,2011,203.76935
Niger,NER,2012,196.22388
Niger,NER,2013,188.98592
Niger,NER,2014,182.14075
Niger,NER,2015,175.531
Niger,NER,2016,169.19858
Niger,NER,2017,163.28094
Niger,NER,2018,157.74243
Niger,NER,2019,152.52036
Niger,NER,2020,147.56966
Niger,NER,2021,142.84467
Niger,NER,2022,138.27449
Nigeria,NGA,1961,4805.4644
Nigeria,NGA,1962,4705.6025
Nigeria,NGA,1963,4606.7026
Nigeria,NGA,1964,4509.098
Nigeria,NGA,1965,4412.3433
Nigeria,NGA,1966,4317.3984
Nigeria,NGA,1967,4226.1816
Nigeria,NGA,1968,4136.0376
Nigeria,NGA,1969,4045.2546
Nigeria,NGA,1970,3953.9243
Nigeria,NGA,1971,3862.6448
Nigeria,NGA,1972,3771.2185
Nigeria,NGA,1973,3678.2979
Nigeria,NGA,1974,3583.0588
Nigeria,NGA,1975,3485.21
Nigeria,NGA,1976,3386.5576
Nigeria,NGA,1977,3286.9985
Nigeria,NGA,1978,3187.8127
Nigeria,NGA,1979,3090.985
Nigeria,NGA,1980,2996.0154
Nigeria,NGA,1981,2905.2913
Nigeria,NGA,1982,2819.6436
Nigeria,NGA,1983,2747.4487
Nigeria,NGA,1984,2677.9294
Nigeria,NGA,1985,2603.1245
Nigeria,NGA,1986,2533.3591
Nigeria,NGA,1987,2466.7458
Nigeria,NGA,1988,2401.6494
Nigeria,NGA,1989,2337.8572
Nigeria,NGA,1990,2275.5137
Nigeria,NGA,1991,2216.2017
Nigeria,NGA,1992,2158.777
Nigeria,NGA,1993,2102.3179
Nigeria,NGA,1994,2047.515
Nigeria,NGA,1995,1994.2351
Nigeria,NGA,1996,1942.7755
Nigeria,NGA,1997,1892.856
Nigeria,NGA,1998,1844.0293
Nigeria,NGA,1999,1796.057
Nigeria,NGA,2000,1748.6599
Nigeria,NGA,2001,1701.7987
Nigeria,NGA,2002,1655.7781
Nigeria,NGA,2003,1610.7561
Nigeria,NGA,2004,1566.7421
Nigeria,NGA,2005,1523.9565
Nigeria,NGA,2006,1482.452
Nigeria,NGA,2007,1441.9257
Nigeria,NGA,2008,1402.3286
Nigeria,NGA,2009,1363.7811
Nigeria,NGA,2010,1326.1892
Nigeria,NGA,2011,1289.535
Nigeria,NGA,2012,1254.2521
Nigeria,NGA,2013,1220.661
Nigeria,NGA,2014,1188.8309
Nigeria,NGA,2015,1159.0592
Nigeria,NGA,2016,1130.7604
Nigeria,NGA,2017,1103.5952
Nigeria,NGA,2018,1078.371
Nigeria,NGA,2019,1054.965
Nigeria,NGA,2020,1032.7288
Nigeria,NGA,2021,1011.3061
Nigeria,NGA,2022,990.36127
North America (WB),WB_NA,1961,28064.686
North America (WB),WB_NA,1962,27628.295
North America (WB),WB_NA,1963,27223.04
North America (WB),WB_NA,1964,26835.342
North America (WB),WB_NA,1965,26488.334
North America (WB),WB_NA,1966,26167.086
North America (WB),WB_NA,1967,25866.633
North America (WB),WB_NA,1968,25594.943
North America (WB),WB_NA,1969,25336.94
North America (WB),WB_NA,1970,25037.99
North America (WB),WB_NA,1971,24683.936
North America (WB),WB_NA,1972,24418.986
North America (WB),WB_NA,1973,24180.807
North America (WB),WB_NA,1974,23949.771
North America (WB),WB_NA,1975,23703.95
North America (WB),WB_NA,1976,23471.455
North America (WB),WB_NA,1977,23232.855
North America (WB),WB_NA,1978,22989.42
North America (WB),WB_NA,1979,22739.623
North America (WB),WB_NA,1980,22515.234
North America (WB),WB_NA,1981,22289.87
North America (WB),WB_NA,1982,22073.29
North America (WB),WB_NA,1983,21870.79
North America (WB),WB_NA,1984,21680.586
North America (WB),WB_NA,1985,21488.734
North America (WB),WB_NA,1986,21289.6
North America (WB),WB_NA,1987,21091.363
North America (WB),WB_NA,1988,20892.715
North America (WB),WB_NA,1989,20678.902
North America (WB),WB_NA,1990,20438.914
North America (WB),WB_NA,1991,20169.496
North America (WB),WB_NA,1992,19895.729
North America (WB),WB_NA,1993,19639.383
North America (WB),WB_NA,1994,19402.543
North America (WB),WB_NA,1995,19175.838
North America (WB),WB_NA,1996,18956.254
North America (WB),WB_NA,1997,18733.291
North America (WB),WB_NA,1998,18522.32
North America (WB),WB_NA,1999,18316.883
North America (WB),WB_NA,2000,18117.416
North America (WB),WB_NA,2001,17937.287
North America (WB),WB_NA,2002,17768.895
North America (WB),WB_NA,2003,17616.14
North America (WB),WB_NA,2004,17453.742
North America (WB),WB_NA,2005,17293.176
North America (WB),WB_NA,2006,17126.396
North America (WB),WB_NA,2007,16963.96
North America (WB),WB_NA,2008,16801.977
North America (WB),WB_NA,2009,16650.92
North America (WB),WB_NA,2010,16506.295
North America (WB),WB_NA,2011,16373.048
North America (WB),WB_NA,2012,16238.245
North America (WB),WB_NA,2013,16111.094
North America (WB),WB_NA,2014,15980.078
North America (WB),WB_NA,2015,15853.676
North America (WB),WB_NA,2016,15724.172
North America (WB),WB_NA,2017,15607.717
North America (WB),WB_NA,2018,15503.189
North America (WB),WB_NA,2019,15408.676
North America (WB),WB_NA,2020,15335.234
North America (WB),WB_NA,2021,15304.87
North America (WB),WB_NA,2022,15197.615
North Korea,PRK,1961,5587.6577
North Korea,PRK,1962,5463.642
North Korea,PRK,1963,5331.3994
North Korea,PRK,1964,5197.9204
North Korea,PRK,1965,5068.321
North Korea,PRK,1966,4937.6914
North Korea,PRK,1967,4799.994
North Korea,PRK,1968,4663.921
North Korea,PRK,1969,4536.9546
North Korea,PRK,1970,4415.804
North Korea,PRK,1971,4302.4683
North Korea,PRK,1972,4194.035
North Korea,PRK,1973,4097.7676
North Korea,PRK,1974,4018.4438
North Korea,PRK,1975,3947.8984
North Korea,PRK,1976,3885.5334
North Korea,PRK,1977,3830.1477
North Korea,PRK,1978,3777.6284
North Korea,PRK,1979,3725.6436
North Korea,PRK,1980,3673.893
North Korea,PRK,1981,3621.3682
North Korea,PRK,1982,3568.3174
North Korea,PRK,1983,3516.3157
North Korea,PRK,1984,3465.2107
North Korea,PRK,1985,3414.8152
North Korea,PRK,1986,3364.9985
North Korea,PRK,1987,3315.9316
North Korea,PRK,1988,3267.7888
North Korea,PRK,1989,3220.4778
North Korea,PRK,1990,3173.53
North Korea,PRK,1991,3126.657
North Korea,PRK,1992,3080.3308
North Korea,PRK,1993,3035.3342
North Korea,PRK,1994,2991.8762
North Korea,PRK,1995,2955.5386
North Korea,PRK,1996,2926.3079
North Korea,PRK,1997,2899.0737
North Korea,PRK,1998,2874.11
North Korea,PRK,1999,2851.3552
North Korea,PRK,2000,2831.0764
North Korea,PRK,2001,2813.3105
North Korea,PRK,2002,2798.199
North Korea,PRK,2003,2781.193
North Korea,PRK,2004,2762.3235
North Korea,PRK,2005,2746.3032
North Korea,PRK,2006,2731.9612
North Korea,PRK,2007,2718.4517
North Korea,PRK,2008,2705.473
North Korea,PRK,2009,2693.1067
North Korea,PRK,2010,2681.3667
North Korea,PRK,2011,2669.5488
North Korea,PRK,2012,2657.4934
North Korea,PRK,2013,2645.142
North Korea,PRK,2014,2632.4824
North Korea,PRK,2015,2619.71
North Korea,PRK,2016,2607.1738
North Korea,PRK,2017,2595.118
North Korea,PRK,2018,2583.7654
North Korea,PRK,2019,2573.1987
North Korea,PRK,2020,2563.4834
North Korea,PRK,2021,2554.0803
North Korea,PRK,2022,2544.7375
North Macedonia,MKD,1992,2656.7964
North Macedonia,MKD,1993,2690.7788
North Macedonia,MKD,1994,2709.9373
North Macedonia,MKD,1995,2701.9805
North Macedonia,MKD,1996,2683.1592
North Macedonia,MKD,1997,2704.2334
North Macedonia,MKD,1998,2689.882
North Macedonia,MKD,1999,2677.055
North Macedonia,MKD,2000,2664.8901
North Macedonia,MKD,2001,2653.7166
North Macedonia,MKD,2002,2673.0596
North Macedonia,MKD,2003,2669.666
North Macedonia,MKD,2004,2678.3242
North Macedonia,MKD,2005,2692.8237
North Macedonia,MKD,2006,2707.7346
North Macedonia,MKD,2007,2723.2388
North Macedonia,MKD,2008,2739.041
North Macedonia,MKD,2009,2756.8152
North Macedonia,MKD,2010,2774.498
North Macedonia,MKD,2011,2787.2434
North Macedonia,MKD,2012,2798.187
North Macedonia,MKD,2013,2808.527
North Macedonia,MKD,2014,2816.0833
North Macedonia,MKD,2015,2823.6328
North Macedonia,MKD,2016,2832.6934
North Macedonia,MKD,2017,2844.1157
North Macedonia,MKD,2018,2858.5781
North Macedonia,MKD,2019,2878.063
North Macedonia,MKD,2020,2909.2883
North Macedonia,MKD,2021,2939.393
North Macedonia,MKD,2022,2948.0618
Norway,NOR,1961,105823.04
Norway,NOR,1962,104976.26
Norway,NOR,1963,104185.5
Norway,NOR,1964,103401.445
Norway,NOR,1965,102600.8
Norway,NOR,1966,101784.914
Norway,NOR,1967,100937
Norway,NOR,1968,100092.08
Norway,NOR,1969,99279.91
Norway,NOR,1970,98561.234
Norway,NOR,1971,97872.45
Norway,NOR,1972,97126.77
Norway,NOR,1973,96449.74
Norway,NOR,1974,95853.266
Norway,NOR,1975,95325.72
Norway,NOR,1976,94879.68
Norway,NOR,1977,94479.5
Norway,NOR,1978,94119.48
Norway,NOR,1979,93799.484
Norway,NOR,1980,93498.664
Norway,NOR,1981,93177.51
Norway,NOR,1982,92835.914
Norway,NOR,1983,92529.08
Norway,NOR,1984,92268.33
Norway,NOR,1985,91992.42
Norway,NOR,1986,91664.88
Norway,NOR,1987,91236.84
Norway,NOR,1988,90747.375
Norway,NOR,1989,90373.54
Norway,NOR,1990,90063.055
Norway,NOR,1991,89634.92
Norway,NOR,1992,89119.055
Norway,NOR,1993,88590.164
Norway,NOR,1994,88087.18
Norway,NOR,1995,87631.08
Norway,NOR,1996,87188.016
Norway,NOR,1997,86716.55
Norway,NOR,1998,86201.76
Norway,NOR,1999,85613.5
Norway,NOR,2000,85059.63
Norway,NOR,2001,84630.28
Norway,NOR,2002,84175.1
Norway,NOR,2003,83682.836
Norway,NOR,2004,83189.78
Norway,NOR,2005,82625.125
Norway,NOR,2006,81962.34
Norway,NOR,2007,81118.625
Norway,NOR,2008,80113.89
Norway,NOR,2009,79109.89
Norway,NOR,2010,78130.56
Norway,NOR,2011,77123.6
Norway,NOR,2012,76117.26
Norway,NOR,2013,75202.43
Norway,NOR,2014,74359.11
Norway,NOR,2015,73622.84
Norway,NOR,2016,72977.09
Norway,NOR,2017,72390.055
Norway,NOR,2018,71913.79
Norway,NOR,2019,71429.96
Norway,NOR,2020,71010.65
Norway,NOR,2021,70631.914
Norway,NOR,2022,70000.2
Oman,OMN,1961,2593.2937
Oman,OMN,1962,2545.7275
Oman,OMN,1963,2496.3135
Oman,OMN,1964,2445.086
Oman,OMN,1965,2392.1973
Oman,OMN,1966,2337.9937
Oman,OMN,1967,2282.6658
Oman,OMN,1968,2226.4702
Oman,OMN,1969,2169.6848
Oman,OMN,1970,2112.6335
Oman,OMN,1971,2055.4412
Oman,OMN,1972,1998.3071
Oman,OMN,1973,1941.2656
Oman,OMN,1974,1874.1935
Oman,OMN,1975,1797.4896
Oman,OMN,1976,1718.4219
Oman,OMN,1977,1636.8258
Oman,OMN,1978,1555.0303
Oman,OMN,1979,1475.0568
Oman,OMN,1980,1398.255
Oman,OMN,1981,1324.1024
Oman,OMN,1982,1252.5969
Oman,OMN,1983,1184.9756
Oman,OMN,1984,1122.0502
Oman,OMN,1985,1056.2212
Oman,OMN,1986,990.506
Oman,OMN,1987,932.714
Oman,OMN,1988,881.2969
Oman,OMN,1989,835.20856
Oman,OMN,1990,793.6715
Oman,OMN,1991,756.1547
Oman,OMN,1992,722.30554
Oman,OMN,1993,692.49506
Oman,OMN,1994,672.48395
Oman,OMN,1995,660.21295
Oman,OMN,1996,649.0719
Oman,OMN,1997,639.0593
Oman,OMN,1998,629.9244
Oman,OMN,1999,621.4188
Oman,OMN,2000,613.46173
Oman,OMN,2001,606.00366
Oman,OMN,2002,599.02277
Oman,OMN,2003,592.2677
Oman,OMN,2004,582.16394
Oman,OMN,2005,569.1515
Oman,OMN,2006,556.70544
Oman,OMN,2007,544.7102
Oman,OMN,2008,533.0229
Oman,OMN,2009,521.4815
Oman,OMN,2010,507.7162
Oman,OMN,2011,455.02368
Oman,OMN,2012,394.68796
Oman,OMN,2013,365.16217
Oman,OMN,2014,349.7867
Oman,OMN,2015,334.53647
Oman,OMN,2016,318.8429
Oman,OMN,2017,308.54703
Oman,OMN,2018,304.48834
Oman,OMN,2019,304.92844
Oman,OMN,2020,309.5635
Oman,OMN,2021,311.0818
Oman,OMN,2022,295.96893
Pakistan,PAK,1961,1172.1761
Pakistan,PAK,1962,1142.1184
Pakistan,PAK,1963,1112.2845
Pakistan,PAK,1964,1082.6772
Pakistan,PAK,1965,1053.458
Pakistan,PAK,1966,1024.6156
Pakistan,PAK,1967,996.1103
Pakistan,PAK,1968,968.1308
Pakistan,PAK,1969,940.79913
Pakistan,PAK,1970,914.12665
Pakistan,PAK,1971,889.2784
Pakistan,PAK,1972,865.0084
Pakistan,PAK,1973,840.1832
Pakistan,PAK,1974,815.8363
Pakistan,PAK,1975,791.80927
Pakistan,PAK,1976,767.9392
Pakistan,PAK,1977,744.2306
Pakistan,PAK,1978,720.7691
Pakistan,PAK,1979,696.22864
Pakistan,PAK,1980,668.35974
Pakistan,PAK,1981,641.0103
Pakistan,PAK,1982,617.35846
Pakistan,PAK,1983,596.35004
Pakistan,PAK,1984,577.944
Pakistan,PAK,1985,559.9145
Pakistan,PAK,1986,541.30255
Pakistan,PAK,1987,523.1582
Pakistan,PAK,1988,505.86462
Pakistan,PAK,1989,489.59988
Pakistan,PAK,1990,473.50287
Pakistan,PAK,1991,458.10272
Pakistan,PAK,1992,445.17526
Pakistan,PAK,1993,433.0023
Pakistan,PAK,1994,420.65625
Pakistan,PAK,1995,408.672
Pakistan,PAK,1996,396.94827
Pakistan,PAK,1997,385.87878
Pakistan,PAK,1998,375.36935
Pakistan,PAK,1999,365.28983
Pakistan,PAK,2000,355.11563
Pakistan,PAK,2001,345.32358
Pakistan,PAK,2002,336.96326
Pakistan,PAK,2003,329.12405
Pakistan,PAK,2004,321.10037
Pakistan,PAK,2005,313.47388
Pakistan,PAK,2006,306.09515
Pakistan,PAK,2007,298.11392
Pakistan,PAK,2008,290.23883
Pakistan,PAK,2009,282.95596
Pakistan,PAK,2010,276.0503
Pakistan,PAK,2011,269.94388
Pakistan,PAK,2012,264.84692
Pakistan,PAK,2013,260.57214
Pakistan,PAK,2014,256.6919
Pakistan,PAK,2015,253.11693
Pakistan,PAK,2016,249.8423
Pakistan,PAK,2017,246.33414
Pakistan,PAK,2018,242.36667
Pakistan,PAK,2019,238.30063
Pakistan,PAK,2020,234.04082
Pakistan,PAK,2021,229.66638
Pakistan,PAK,2022,225.6867
Palestine,PSE,1990,410.4642
Palestine,PSE,1991,392.48953
Palestine,PSE,1992,375.30197
Palestine,PSE,1993,358.86713
Palestine,PSE,1994,343.15204
Palestine,PSE,1995,328.1251
Palestine,PSE,1996,313.75616
Palestine,PSE,1997,300.01648
Palestine,PSE,1998,292.44736
Palestine,PSE,1999,285.0692
Palestine,PSE,2000,277.87732
Palestine,PSE,2001,270.86676
Palestine,PSE,2002,264.03302
Palestine,PSE,2003,257.3718
Palestine,PSE,2004,250.87854
Palestine,PSE,2005,244.54915
Palestine,PSE,2006,238.37944
Palestine,PSE,2007,232.36542
Palestine,PSE,2008,226.05936
Palestine,PSE,2009,220.10794
Palestine,PSE,2010,214.46526
Palestine,PSE,2011,209.11742
Palestine,PSE,2012,204.0202
Palestine,PSE,2013,199.18031
Palestine,PSE,2014,194.56567
Palestine,PSE,2015,190.15984
Palestine,PSE,2016,185.93626
Palestine,PSE,2017,182.2751
Palestine,PSE,2018,177.71603
Palestine,PSE,2019,173.30779
Palestine,PSE,2020,169.05153
Palestine,PSE,2021,164.94849
Panama,PAN,1961,117771.82
Panama,PAN,1962,114280.836
Panama,PAN,1963,110865.46
Panama,PAN,1964,107553.55
Panama,PAN,1965,104367.625
Panama,PAN,1966,101306.15
Panama,PAN,1967,98370.48
Panama,PAN,1968,95561.43
Panama,PAN,1969,92869.195
Panama,PAN,1970,90280.02
Panama,PAN,1971,87784.63
Panama,PAN,1972,85389.78
Panama,PAN,1973,83105.695
Panama,PAN,1974,80927.72
Panama,PAN,1975,78850.65
Panama,PAN,1976,76873.945
Panama,PAN,1977,74991.37
Panama,PAN,1978,73192.516
Panama,PAN,1979,71460.26
Panama,PAN,1980,69781.67
Panama,PAN,1981,68149.46
Panama,PAN,1982,66560.414
Panama,PAN,1983,65013.38
Panama,PAN,1984,63511.78
Panama,PAN,1985,62065.094
Panama,PAN,1986,60675.38
Panama,PAN,1987,59340.477
Panama,PAN,1988,58057.3
Panama,PAN,1989,56826.22
Panama,PAN,1990,55628.336
Panama,PAN,1991,54459.957
Panama,PAN,1992,53331.543
Panama,PAN,1993,52235.117
Panama,PAN,1994,51169.75
Panama,PAN,1995,50136.59
Panama,PAN,1996,49132.68
Panama,PAN,1997,48154.63
Panama,PAN,1998,47202.508
Panama,PAN,1999,46276.504
Panama,PAN,2000,45376.496
Panama,PAN,2001,44501.824
Panama,PAN,2002,43651.32
Panama,PAN,2003,42823.906
Panama,PAN,2004,42015.836
Panama,PAN,2005,41231.188
Panama,PAN,2006,40473.785
Panama,PAN,2007,39738.297
Panama,PAN,2008,39021.348
Panama,PAN,2009,38323.625
Panama,PAN,2010,37646.047
Panama,PAN,2011,36983.84
Panama,PAN,2012,36336.977
Panama,PAN,2013,35709.348
Panama,PAN,2014,35096.727
Panama,PAN,2015,34494.645
Panama,PAN,2016,33903.473
Panama,PAN,2017,33327.582
Panama,PAN,2018,32774.613
Panama,PAN,2019,32257.303
Panama,PAN,2020,31817.307
Panama,PAN,2021,31435.504
Panama,PAN,2022,31040.002
Papua New Guinea,PNG,1961,391471.3
Papua New Guinea,PNG,1962,382536.28
Papua New Guinea,PNG,1963,374058.56
Papua New Guinea,PNG,1964,366033.38
Papua New Guinea,PNG,1965,358257.8
Papua New Guinea,PNG,1966,350428.34
Papua New Guinea,PNG,1967,342669.1
Papua New Guinea,PNG,1968,335033.88
Papua New Guinea,PNG,1969,327349.38
Papua New Guinea,PNG,1970,319680.34
Papua New Guinea,PNG,1971,312107.78
Papua New Guinea,PNG,1972,304744.44
Papua New Guinea,PNG,1973,297699.9
Papua New Guinea,PNG,1974,290990.1
Papua New Guinea,PNG,1975,284565.25
Papua New Guinea,PNG,1976,278383.38
Papua New Guinea,PNG,1977,272418.7
Papua New Guinea,PNG,1978,266669.88
Papua New Guinea,PNG,1979,261138.23
Papua New Guinea,PNG,1980,255786.98
Papua New Guinea,PNG,1981,250545.9
Papua New Guinea,PNG,1982,245382.53
Papua New Guinea,PNG,1983,240278.4
Papua New Guinea,PNG,1984,235228.61
Papua New Guinea,PNG,1985,230242.81
Papua New Guinea,PNG,1986,225329.58
Papua New Guinea,PNG,1987,220506.69
Papua New Guinea,PNG,1988,215793.61
Papua New Guinea,PNG,1989,211007.25
Papua New Guinea,PNG,1990,205570.11
Papua New Guinea,PNG,1991,199162.72
Papua New Guinea,PNG,1992,192238.52
Papua New Guinea,PNG,1993,185379.25
Papua New Guinea,PNG,1994,178786.34
Papua New Guinea,PNG,1995,172470.3
Papua New Guinea,PNG,1996,166411.78
Papua New Guinea,PNG,1997,160589.17
Papua New Guinea,PNG,1998,155040.56
Papua New Guinea,PNG,1999,149738.3
Papua New Guinea,PNG,2000,144661.5
Papua New Guinea,PNG,2001,139828.77
Papua New Guinea,PNG,2002,135212.62
Papua New Guinea,PNG,2003,130796.93
Papua New Guinea,PNG,2004,126579.46
Papua New Guinea,PNG,2005,122553.805
Papua New Guinea,PNG,2006,118706.766
Papua New Guinea,PNG,2007,115030.92
Papua New Guinea,PNG,2008,111513.266
Papua New Guinea,PNG,2009,108149.16
Papua New Guinea,PNG,2010,104931.89
Papua New Guinea,PNG,2011,101916.875
Papua New Guinea,PNG,2012,99116.61
Papua New Guinea,PNG,2013,96474.664
Papua New Guinea,PNG,2014,93976.13
Papua New Guinea,PNG,2015,91613.57
Papua New Guinea,PNG,2016,89380.18
Papua New Guinea,PNG,2017,87267.125
Papua New Guinea,PNG,2018,85262.54
Papua New Guinea,PNG,2019,83359.266
Papua New Guinea,PNG,2020,81603.58
Papua New Guinea,PNG,2021,79996.836
Papua New Guinea,PNG,2022,78505.02
Paraguay,PRY,1961,60703.727
Paraguay,PRY,1962,59296.652
Paraguay,PRY,1963,57866.105
Paraguay,PRY,1964,56436.703
Paraguay,PRY,1965,55054.24
Paraguay,PRY,1966,53729.27
Paraguay,PRY,1967,52466.508
Paraguay,PRY,1968,51262.03
Paraguay,PRY,1969,50107.24
Paraguay,PRY,1970,48994.402
Paraguay,PRY,1971,47901.016
Paraguay,PRY,1972,46802.227
Paraguay,PRY,1973,45683.46
Paraguay,PRY,1974,44560.887
Paraguay,PRY,1975,43467.793
Paraguay,PRY,1976,42409.19
Paraguay,PRY,1977,41373.836
Paraguay,PRY,1978,40355
Paraguay,PRY,1979,39341.38
Paraguay,PRY,1980,38320.01
Paraguay,PRY,1981,37289.6
Paraguay,PRY,1982,36265.7
Paraguay,PRY,1983,35261.484
Paraguay,PRY,1984,34281.336
Paraguay,PRY,1985,33326.96
Paraguay,PRY,1986,32396.744
Paraguay,PRY,1987,31494.885
Paraguay,PRY,1988,30623.895
Paraguay,PRY,1989,29787.652
Paraguay,PRY,1990,28990.916
Paraguay,PRY,1991,28231.111
Paraguay,PRY,1992,27506.113
Paraguay,PRY,1993,26818.28
Paraguay,PRY,1994,26166.201
Paraguay,PRY,1995,25546.934
Paraguay,PRY,1996,24959.771
Paraguay,PRY,1997,24403.41
Paraguay,PRY,1998,23877.43
Paraguay,PRY,1999,23385.338
Paraguay,PRY,2000,22937.273
Paraguay,PRY,2001,22553.395
Paraguay,PRY,2002,22237.732
Paraguay,PRY,2003,21965.908
Paraguay,PRY,2004,21714.217
Paraguay,PRY,2005,21475.389
Paraguay,PRY,2006,21252.834
Paraguay,PRY,2007,21045.49
Paraguay,PRY,2008,20842.336
Paraguay,PRY,2009,20630.424
Paraguay,PRY,2010,20390.482
Paraguay,PRY,2011,20121.672
Paraguay,PRY,2012,19840.57
Paraguay,PRY,2013,19557.22
Paraguay,PRY,2014,19275.725
Paraguay,PRY,2015,18996.273
Paraguay,PRY,2016,18722.62
Paraguay,PRY,2017,18458.16
Paraguay,PRY,2018,18203.367
Paraguay,PRY,2019,17958.396
Paraguay,PRY,2020,17717.236
Paraguay,PRY,2021,17504.012
Paraguay,PRY,2022,17306.504
Peru,PER,1961,156656.88
Peru,PER,1962,152161.25
Peru,PER,1963,147809.89
Peru,PER,1964,143594.95
Peru,PER,1965,139527.94
Peru,PER,1966,135605.3
Peru,PER,1967,131819.78
Peru,PER,1968,128163.14
Peru,PER,1969,124631.96
Peru,PER,1970,121544.42
Peru,PER,1971,118585.93
Peru,PER,1972,115480.86
Peru,PER,1973,112529.31
Peru,PER,1974,109717.805
Peru,PER,1975,107017.38
Peru,PER,1976,104410.51
Peru,PER,1977,101863.42
Peru,PER,1978,99357.84
Peru,PER,1979,96910.56
Peru,PER,1980,94522.484
Peru,PER,1981,92197.2
Peru,PER,1982,89935.04
Peru,PER,1983,87726.06
Peru,PER,1984,85581.45
Peru,PER,1985,83519.086
Peru,PER,1986,81572.305
Peru,PER,1987,79728.625
Peru,PER,1988,77939.836
Peru,PER,1989,76210.06
Peru,PER,1990,74540.86
Peru,PER,1991,72985.96
Peru,PER,1992,71514.67
Peru,PER,1993,70086.92
Peru,PER,1994,68714.3
Peru,PER,1995,67395.19
Peru,PER,1996,66139.56
Peru,PER,1997,64928.008
Peru,PER,1998,63757.633
Peru,PER,1999,62665.867
Peru,PER,2000,61695.6
Peru,PER,2001,60857.566
Peru,PER,2002,60135.844
Peru,PER,2003,59498.582
Peru,PER,2004,58918.168
Peru,PER,2005,58396.125
Peru,PER,2006,57935.727
Peru,PER,2007,57516.992
Peru,PER,2008,57139.79
Peru,PER,2009,56788.273
Peru,PER,2010,56418.86
Peru,PER,2011,55999.016
Peru,PER,2012,55532.31
Peru,PER,2013,55034.023
Peru,PER,2014,54489.62
Peru,PER,2015,53878.18
Peru,PER,2016,53164.445
Peru,PER,2017,52386.88
Peru,PER,2018,51445.902
Peru,PER,2019,50571.195
Peru,PER,2020,49971.71
Peru,PER,2021,49493.48
Peru,PER,2022,49021.016
Philippines,PHL,1961,16636.207
Philippines,PHL,1962,16115.176
Philippines,PHL,1963,15615.459
Philippines,PHL,1964,15137.614
Philippines,PHL,1965,14681.851
Philippines,PHL,1966,14248.671
Philippines,PHL,1967,13835.405
Philippines,PHL,1968,13440.58
Philippines,PHL,1969,13065.728
Philippines,PHL,1970,12731.843
Philippines,PHL,1971,12435.531
Philippines,PHL,1972,12154.72
Philippines,PHL,1973,11887.588
Philippines,PHL,1974,11633.459
Philippines,PHL,1975,11372.047
Philippines,PHL,1976,11087.581
Philippines,PHL,1977,10796.078
Philippines,PHL,1978,10510.083
Philippines,PHL,1979,10233.489
Philippines,PHL,1980,9970.081
Philippines,PHL,1981,9713.714
Philippines,PHL,1982,9448.532
Philippines,PHL,1983,9177.191
Philippines,PHL,1984,8915.579
Philippines,PHL,1985,8675.492
Philippines,PHL,1986,8456.163
Philippines,PHL,1987,8236.256
Philippines,PHL,1988,8018.2056
Philippines,PHL,1989,7818.4604
Philippines,PHL,1990,7620.755
Philippines,PHL,1991,7439.939
Philippines,PHL,1992,7265.7085
Philippines,PHL,1993,7093.0786
Philippines,PHL,1994,6940.089
Philippines,PHL,1995,6789.872
Philippines,PHL,1996,6635.2456
Philippines,PHL,1997,6480.9595
Philippines,PHL,1998,6320.01
Philippines,PHL,1999,6160.5137
Philippines,PHL,2000,6015.6685
Philippines,PHL,2001,5884.413
Philippines,PHL,2002,5766.2983
Philippines,PHL,2003,5653.129
Philippines,PHL,2004,5544.334
Philippines,PHL,2005,5442.195
Philippines,PHL,2006,5351.418
Philippines,PHL,2007,5259.391
Philippines,PHL,2008,5167.2563
Philippines,PHL,2009,5074.9995
Philippines,PHL,2010,4972.1226
Philippines,PHL,2011,4875.3867
Philippines,PHL,2012,4781.608
Philippines,PHL,2013,4692.5664
Philippines,PHL,2014,4616.1055
Philippines,PHL,2015,4548.3467
Philippines,PHL,2016,4487.7197
Philippines,PHL,2017,4430.2754
Philippines,PHL,2018,4375.8164
Philippines,PHL,2019,4322.922
Philippines,PHL,2020,4273.685
Philippines,PHL,2021,4235.1543
Philippines,PHL,2022,4203.0693
Poland,POL,1961,1788.8132
Poland,POL,1962,1768.4808
Poland,POL,1963,1745.2462
Poland,POL,1964,1721.2892
Poland,POL,1965,1704.5663
Poland,POL,1966,1691.8658
Poland,POL,1967,1675.6726
Poland,POL,1968,1659.7174
Poland,POL,1969,1646.7834
Poland,POL,1970,1640.9352
Poland,POL,1971,1634.9688
Poland,POL,1972,1621.5079
Poland,POL,1973,1606.8495
Poland,POL,1974,1591.501
Poland,POL,1975,1575.7662
Poland,POL,1976,1560.1215
Poland,POL,1977,1545.1561
Poland,POL,1978,1532.9352
Poland,POL,1979,1520.6874
Poland,POL,1980,1506.712
Poland,POL,1981,1493.095
Poland,POL,1982,1479.4172
Poland,POL,1983,1465.6097
Poland,POL,1984,1452.4119
Poland,POL,1985,1440.7872
Poland,POL,1986,1431.0078
Poland,POL,1987,1422.9568
Poland,POL,1988,1417.0714
Poland,POL,1989,1411.9558
Poland,POL,1990,1406.4261
Poland,POL,1991,1401.4467
Poland,POL,1992,1397.1553
Poland,POL,1993,1393.6047
Poland,POL,1994,1390.6671
Poland,POL,1995,1388.781
Poland,POL,1996,1387.7249
Poland,POL,1997,1386.8169
Poland,POL,1998,1386.3212
Poland,POL,1999,1386.4363
Poland,POL,2000,1400.9911
Poland,POL,2001,1401.3777
Poland,POL,2002,1402.027
Poland,POL,2003,1402.9735
Poland,POL,2004,1403.7947
Poland,POL,2005,1404.4117
Poland,POL,2006,1405.302
Poland,POL,2007,1406.0654
Poland,POL,2008,1405.8737
Poland,POL,2009,1404.9213
Poland,POL,2010,1408.9396
Poland,POL,2011,1408.1823
Poland,POL,2012,1408.1857
Poland,POL,2013,1409.0359
Poland,POL,2014,1410.0908
Poland,POL,2015,1411.0309
Poland,POL,2016,1411.6376
Poland,POL,2017,1411.4614
Poland,POL,2018,1411.4642
Poland,POL,2019,1411.809
Poland,POL,2020,1428.7334
Poland,POL,2021,1449.371
Poland,POL,2022,1455.6614
Portugal,PRT,1961,4255.645
Portugal,PRT,1962,4225.046
Portugal,PRT,1963,4208.0293
Portugal,PRT,1964,4205.6963
Portugal,PRT,1965,4222.8813
Portugal,PRT,1966,4254.8477
Portugal,PRT,1967,4281.922
Portugal,PRT,1968,4300.272
Portugal,PRT,1969,4339.036
Portugal,PRT,1970,4377.6626
Portugal,PRT,1971,4396.237
Portugal,PRT,1972,4403.025
Portugal,PRT,1973,4401.6636
Portugal,PRT,1974,4340.692
Portugal,PRT,1975,4178.8228
Portugal,PRT,1976,4061.6472
Portugal,PRT,1977,4018.7507
Portugal,PRT,1978,3975.623
Portugal,PRT,1979,3933.2324
Portugal,PRT,1980,3890.9263
Portugal,PRT,1981,3857.3347
Portugal,PRT,1982,3833.8254
Portugal,PRT,1983,3816.079
Portugal,PRT,1984,3801.4324
Portugal,PRT,1985,3791.048
Portugal,PRT,1986,3787.6016
Portugal,PRT,1987,3788.6223
Portugal,PRT,1988,3792.5627
Portugal,PRT,1989,3798.1008
Portugal,PRT,1990,3806.388
Portugal,PRT,1991,3815.1711
Portugal,PRT,1992,3818.1384
Portugal,PRT,1993,3813.4712
Portugal,PRT,1994,3803.2231
Portugal,PRT,1995,3790.079
Portugal,PRT,1996,3775.8552
Portugal,PRT,1997,3759.0352
Portugal,PRT,1998,3740.0854
Portugal,PRT,1999,3718.99
Portugal,PRT,2000,3692.9424
Portugal,PRT,2001,3666.9902
Portugal,PRT,2002,3646.9622
Portugal,PRT,2003,3633.2966
Portugal,PRT,2004,3624.619
Portugal,PRT,2005,3617.9001
Portugal,PRT,2006,3611.3818
Portugal,PRT,2007,3604.2996
Portugal,PRT,2008,3599.1062
Portugal,PRT,2009,3595.6768
Portugal,PRT,2010,3594.0264
Portugal,PRT,2011,3599.3164
Portugal,PRT,2012,3613.9385
Portugal,PRT,2013,3633.827
Portugal,PRT,2014,3653.4731
Portugal,PRT,2015,3668.635
Portugal,PRT,2016,3680.2263
Portugal,PRT,2017,3689.213
Portugal,PRT,2018,3695.1243
Portugal,PRT,2019,3694.2473
Portugal,PRT,2020,3690.3662
Portugal,PRT,2021,3667.3054
Portugal,PRT,2022,3641.824
Puerto Rico,PRI,1961,2958.676
Puerto Rico,PRI,1962,2897.5784
Puerto Rico,PRI,1963,2834.8633
Puerto Rico,PRI,1964,2779.881
Puerto Rico,PRI,1965,2737.0857
Puerto Rico,PRI,1966,2704.767
Puerto Rico,PRI,1967,2683.6262
Puerto Rico,PRI,1968,2667.1035
Puerto Rico,PRI,1969,2645.1577
Puerto Rico,PRI,1970,2612.2148
Puerto Rico,PRI,1971,2570.424
Puerto Rico,PRI,1972,2520.1829
Puerto Rico,PRI,1973,2466.3174
Puerto Rico,PRI,1974,2415.542
Puerto Rico,PRI,1975,2371.4094
Puerto Rico,PRI,1976,2332.569
Puerto Rico,PRI,1977,2298.7092
Puerto Rico,PRI,1978,2268.7903
Puerto Rico,PRI,1979,2241.0994
Puerto Rico,PRI,1980,2214.5977
Puerto Rico,PRI,1981,2189.6333
Puerto Rico,PRI,1982,2166.3164
Puerto Rico,PRI,1983,2144.2778
Puerto Rico,PRI,1984,2123.0852
Puerto Rico,PRI,1985,2102.4578
Puerto Rico,PRI,1986,2082.3838
Puerto Rico,PRI,1987,2062.844
Puerto Rico,PRI,1988,2043.8136
Puerto Rico,PRI,1989,2025.302
Puerto Rico,PRI,1990,2007.3508
Puerto Rico,PRI,1991,1993.2007
Puerto Rico,PRI,1992,1980.377
Puerto Rico,PRI,1993,1963.7688
Puerto Rico,PRI,1994,1945.6122
Puerto Rico,PRI,1995,1927.7224
Puerto Rico,PRI,1996,1906.2168
Puerto Rico,PRI,1997,1888.5842
Puerto Rico,PRI,1998,1877.7599
Puerto Rico,PRI,1999,1868.3812
Puerto Rico,PRI,2000,1863.2212
Puerto Rico,PRI,2001,1859.2355
Puerto Rico,PRI,2002,1856.8397
Puerto Rico,PRI,2003,1855.6779
Puerto Rico,PRI,2004,1855.2982
Puerto Rico,PRI,2005,1857.9763
Puerto Rico,PRI,2006,1865.8608
Puerto Rico,PRI,2007,1876.8198
Puerto Rico,PRI,2008,1887.863
Puerto Rico,PRI,2009,1898.1876
Puerto Rico,PRI,2010,1906.3141
Puerto Rico,PRI,2011,1922.3147
Puerto Rico,PRI,2012,1939.337
Puerto Rico,PRI,2013,1955.1543
Puerto Rico,PRI,2014,1980.4648
Puerto Rico,PRI,2015,2008.3917
Puerto Rico,PRI,2016,2039.9767
Puerto Rico,PRI,2017,2081.6006
Puerto Rico,PRI,2018,2157.6023
Puerto Rico,PRI,2019,2149.7622
Puerto Rico,PRI,2020,2163.5854
Puerto Rico,PRI,2021,2176.1045
Puerto Rico,PRI,2022,2204.8752
Qatar,QAT,1961,1411.2903
Qatar,QAT,1962,1254.7614
Qatar,QAT,1963,1111.5522
Qatar,QAT,1964,984.7539
Qatar,QAT,1965,874.11224
Qatar,QAT,1966,775.7092
Qatar,QAT,1967,687.6312
Qatar,QAT,1968,610.3609
Qatar,QAT,1969,543.5574
Qatar,QAT,1970,481.3064
Qatar,QAT,1971,426.35483
Qatar,QAT,1972,382.2369
Qatar,QAT,1973,346.01862
Qatar,QAT,1974,315.73843
Qatar,QAT,1975,290.0247
Qatar,QAT,1976,267.87595
Qatar,QAT,1977,248.57404
Qatar,QAT,1978,231.5887
Qatar,QAT,1979,216.49205
Qatar,QAT,1980,202.96252
Qatar,QAT,1981,190.76624
Qatar,QAT,1982,179.75394
Qatar,QAT,1983,169.84674
Qatar,QAT,1984,160.97597
Qatar,QAT,1985,153.03055
Qatar,QAT,1986,146.43509
Qatar,QAT,1987,141.05615
Qatar,QAT,1988,136.16557
Qatar,QAT,1989,131.56473
Qatar,QAT,1990,127.22213
Qatar,QAT,1991,123.1167
Qatar,QAT,1992,119.235954
Qatar,QAT,1993,115.57234
Qatar,QAT,1994,112.121315
Qatar,QAT,1995,108.88057
Qatar,QAT,1996,105.85631
Qatar,QAT,1997,101.7257
Qatar,QAT,1998,96.461914
Qatar,QAT,1999,91.42857
Qatar,QAT,2000,86.82319
Qatar,QAT,2001,82.60501
Qatar,QAT,2002,78.7396
Qatar,QAT,2003,75.19988
Qatar,QAT,2004,72.41392
Qatar,QAT,2005,67.84524
Qatar,QAT,2006,57.563953
Qatar,QAT,2007,46.334793
Qatar,QAT,2008,39.244873
Qatar,QAT,2009,34.806324
Qatar,QAT,2010,34.63563
Qatar,QAT,2011,34.466606
Qatar,QAT,2012,32.512054
Qatar,QAT,2013,29.22106
Qatar,QAT,2014,26.025389
Qatar,QAT,2015,23.885109
Qatar,QAT,2016,22.606962
Qatar,QAT,2017,21.996841
Qatar,QAT,2018,21.699253
Qatar,QAT,2019,21.222918
Qatar,QAT,2020,20.041887
Qatar,QAT,2021,22.356092
Qatar,QAT,2022,21.073761
Romania,ROU,1961,2283.9897
Romania,ROU,1962,2269.1558
Romania,ROU,1963,2254.5132
Romania,ROU,1964,2240.0613
Romania,ROU,1965,2226.8257
Romania,ROU,1966,2205.5168
Romania,ROU,1967,2169.5237
Romania,ROU,1968,2140.4224
Romania,ROU,1969,2118.032
Romania,ROU,1970,2092.7983
Romania,ROU,1971,2071.2002
Romania,ROU,1972,2051.5098
Romania,ROU,1973,2034.0107
Romania,ROU,1974,2015.2711
Romania,ROU,1975,1990.271
Romania,ROU,1976,1966.4402
Romania,ROU,1977,1947.9598
Romania,ROU,1978,1930.6229
Romania,ROU,1979,1918.4728
Romania,ROU,1980,1908.383
Romania,ROU,1981,1895.9364
Romania,ROU,1982,1885.5885
Romania,ROU,1983,1878.5063
Romania,ROU,1984,1871.8629
Romania,ROU,1985,1864.2502
Romania,ROU,1986,1855.7733
Romania,ROU,1987,1846.669
Romania,ROU,1988,1838.0007
Romania,ROU,1989,1829.7639
Romania,ROU,1990,1826.5797
Romania,ROU,1991,1842.5161
Romania,ROU,1992,1859.238
Romania,ROU,1993,1861.7704
Romania,ROU,1994,1864.479
Romania,ROU,1995,1868.255
Romania,ROU,1996,1873.6458
Romania,ROU,1997,1879.0477
Romania,ROU,1998,1882.9409
Romania,ROU,1999,1885.899
Romania,ROU,2000,1888.3418
Romania,ROU,2001,1914.877
Romania,ROU,2002,1950.2546
Romania,ROU,2003,1964.372
Romania,ROU,2004,1975.5966
Romania,ROU,2005,1987.8342
Romania,ROU,2006,1999.6451
Romania,ROU,2007,2029.4037
Romania,ROU,2008,2063.5046
Romania,ROU,2009,2080.7673
Romania,ROU,2010,2093.1628
Romania,ROU,2011,2103.484
Romania,ROU,2012,2112.869
Romania,ROU,2013,2120.7292
Romania,ROU,2014,2128.6877
Romania,ROU,2015,2138.7173
Romania,ROU,2016,2151.0215
Romania,ROU,2017,2163.4905
Romania,ROU,2018,2176.2383
Romania,ROU,2019,2187.7334
Romania,ROU,2020,2199.8157
Romania,ROU,2021,2216.2886
Romania,ROU,2022,2224.847
Russia,RUS,1992,29029.57
Russia,RUS,1993,29045.1
Russia,RUS,1994,29055.055
Russia,RUS,1995,29061.346
Russia,RUS,1996,29103.646
Russia,RUS,1997,29151.807
Russia,RUS,1998,29200.088
Russia,RUS,1999,29290.537
Russia,RUS,2000,29413.998
Russia,RUS,2001,29539.004
Russia,RUS,2002,29675.205
Russia,RUS,2003,29810.17
Russia,RUS,2004,29930.453
Russia,RUS,2005,30044.842
Russia,RUS,2006,30143.383
Russia,RUS,2007,30194.998
Russia,RUS,2008,30208.27
Russia,RUS,2009,30199.178
Russia,RUS,2010,30185.621
Russia,RUS,2011,30150.01
Russia,RUS,2012,30074.256
Russia,RUS,2013,29984.916
Russia,RUS,2014,29895.195
Russia,RUS,2015,29811.799
Russia,RUS,2016,29734.76
Russia,RUS,2017,29677.908
Russia,RUS,2018,29656.508
Russia,RUS,2019,29645.256
Russia,RUS,2020,29687.738
Russia,RUS,2021,29789.959
Russia,RUS,2022,29895.256
Rwanda,RWA,1961,3057.8293
Rwanda,RWA,1962,2981.772
Rwanda,RWA,1963,2915.103
Rwanda,RWA,1964,2848.7175
Rwanda,RWA,1965,2775.173
Rwanda,RWA,1966,2697.6174
Rwanda,RWA,1967,2617.385
Rwanda,RWA,1968,2537.3865
Rwanda,RWA,1969,2460.3298
Rwanda,RWA,1970,2386.5334
Rwanda,RWA,1971,2317.0483
Rwanda,RWA,1972,2251.006
Rwanda,RWA,1973,2186.3975
Rwanda,RWA,1974,2123.2712
Rwanda,RWA,1975,2061.7537
Rwanda,RWA,1976,2001.7051
Rwanda,RWA,1977,1943.4398
Rwanda,RWA,1978,1886.7284
Rwanda,RWA,1979,1830.6051
Rwanda,RWA,1980,1774.6199
Rwanda,RWA,1981,1718.7633
Rwanda,RWA,1982,1663.2966
Rwanda,RWA,1983,1608.7213
Rwanda,RWA,1984,1555.4323
Rwanda,RWA,1985,1503.8241
Rwanda,RWA,1986,1454.4049
Rwanda,RWA,1987,1407.5132
Rwanda,RWA,1988,1363.3616
Rwanda,RWA,1989,1322.2532
Rwanda,RWA,1990,1288.082
Rwanda,RWA,1991,1262.1288
Rwanda,RWA,1992,1236.4534
Rwanda,RWA,1993,1190.3074
Rwanda,RWA,1994,1398.6318
Rwanda,RWA,1995,1674.269
Rwanda,RWA,1996,1416.0581
Rwanda,RWA,1997,1224.9785
Rwanda,RWA,1998,1175.498
Rwanda,RWA,1999,1165.9429
Rwanda,RWA,2000,1156.5717
Rwanda,RWA,2001,1146.3608
Rwanda,RWA,2002,1130.9281
Rwanda,RWA,2003,1106.3396
Rwanda,RWA,2004,1077.483
Rwanda,RWA,2005,1049.1989
Rwanda,RWA,2006,1021.5882
Rwanda,RWA,2007,994.77136
Rwanda,RWA,2008,968.96564
Rwanda,RWA,2009,944.29346
Rwanda,RWA,2010,920.761
Rwanda,RWA,2011,898.4528
Rwanda,RWA,2012,877.201
Rwanda,RWA,2013,856.3697
Rwanda,RWA,2014,835.91754
Rwanda,RWA,2015,816.14966
Rwanda,RWA,2016,797.0345
Rwanda,RWA,2017,778.55707
Rwanda,RWA,2018,760.7305
Rwanda,RWA,2019,743.57574
Rwanda,RWA,2020,727.087
Rwanda,RWA,2021,711.3302
Rwanda,RWA,2022,695.9182
Saint Kitts and Nevis,KNA,1961,433.7297
Saint Kitts and Nevis,KNA,1962,440.6823
Saint Kitts and Nevis,KNA,1963,449.09338
Saint Kitts and Nevis,KNA,1964,458.663
Saint Kitts and Nevis,KNA,1965,469.30914
Saint Kitts and Nevis,KNA,1966,480.9812
Saint Kitts and Nevis,KNA,1967,493.77637
Saint Kitts and Nevis,KNA,1968,507.99026
Saint Kitts and Nevis,KNA,1969,524.8081
Saint Kitts and Nevis,KNA,1970,538.0442
Saint Kitts and Nevis,KNA,1971,542.9127
Saint Kitts and Nevis,KNA,1972,545.0458
Saint Kitts and Nevis,KNA,1973,546.9462
Saint Kitts and Nevis,KNA,1974,548.7219
Saint Kitts and Nevis,KNA,1975,550.383
Saint Kitts and Nevis,KNA,1976,551.9525
Saint Kitts and Nevis,KNA,1977,553.53107
Saint Kitts and Nevis,KNA,1978,555.33704
Saint Kitts and Nevis,KNA,1979,557.71155
Saint Kitts and Nevis,KNA,1980,560.0933
Saint Kitts and Nevis,KNA,1981,562.0872
Saint Kitts and Nevis,KNA,1982,564.281
Saint Kitts and Nevis,KNA,1983,566.9202
Saint Kitts and Nevis,KNA,1984,569.89526
Saint Kitts and Nevis,KNA,1985,573.148
Saint Kitts and Nevis,KNA,1986,576.6736
Saint Kitts and Nevis,KNA,1987,580.4392
Saint Kitts and Nevis,KNA,1988,584.482
Saint Kitts and Nevis,KNA,1989,588.84143
Saint Kitts and Nevis,KNA,1990,593.58923
Saint Kitts and Nevis,KNA,1991,594.6776
Saint Kitts and Nevis,KNA,1992,589.4633
Saint Kitts and Nevis,KNA,1993,581.931
Saint Kitts and Nevis,KNA,1994,574.49255
Saint Kitts and Nevis,KNA,1995,567.02734
Saint Kitts and Nevis,KNA,1996,559.74066
Saint Kitts and Nevis,KNA,1997,552.63885
Saint Kitts and Nevis,KNA,1998,545.4794
Saint Kitts and Nevis,KNA,1999,538.10455
Saint Kitts and Nevis,KNA,2000,530.41016
Saint Kitts and Nevis,KNA,2001,524.46405
Saint Kitts and Nevis,KNA,2002,521.5124
Saint Kitts and Nevis,KNA,2003,519.75055
Saint Kitts and Nevis,KNA,2004,518.1907
Saint Kitts and Nevis,KNA,2005,516.8292
Saint Kitts and Nevis,KNA,2006,515.3643
Saint Kitts and Nevis,KNA,2007,513.8526
Saint Kitts and Nevis,KNA,2008,512.43726
Saint Kitts and Nevis,KNA,2009,511.55255
Saint Kitts and Nevis,KNA,2010,512.31696
Saint Kitts and Nevis,KNA,2011,511.87988
Saint Kitts and Nevis,KNA,2012,510.28003
Saint Kitts and Nevis,KNA,2013,509.88974
Saint Kitts and Nevis,KNA,2014,509.6732
Saint Kitts and Nevis,KNA,2015,509.69482
Saint Kitts and Nevis,KNA,2016,509.82474
Saint Kitts and Nevis,KNA,2017,510.09564
Saint Kitts and Nevis,KNA,2018,510.5514
Saint Kitts and Nevis,KNA,2019,511.16034
Saint Kitts and Nevis,KNA,2020,512.0546
Saint Kitts and Nevis,KNA,2021,513.22626
Saint Kitts and Nevis,KNA,2022,513.8196
Saint Lucia,LCA,1962,3174.4353
Saint Lucia,LCA,1963,3140.7363
Saint Lucia,LCA,1964,3108.6472
Saint Lucia,LCA,1965,3077.144
Saint Lucia,LCA,1966,3046.8298
Saint Lucia,LCA,1967,3014.954
Saint Lucia,LCA,1968,2979.8857
Saint Lucia,LCA,1969,2944.6697
Saint Lucia,LCA,1970,2907.963
Saint Lucia,LCA,1971,2869.0562
Saint Lucia,LCA,1972,2830.1353
Saint Lucia,LCA,1973,2790.7495
Saint Lucia,LCA,1974,2750.376
Saint Lucia,LCA,1975,2709.4153
Saint Lucia,LCA,1976,2668.4456
Saint Lucia,LCA,1977,2628.4663
Saint Lucia,LCA,1978,2589.913
Saint Lucia,LCA,1979,2552.5833
Saint Lucia,LCA,1980,2514.8796
Saint Lucia,LCA,1981,2475.9421
Saint Lucia,LCA,1982,2437.3005
Saint Lucia,LCA,1983,2399.1555
Saint Lucia,LCA,1984,2360.9592
Saint Lucia,LCA,1985,2322.7185
Saint Lucia,LCA,1986,2285.9058
Saint Lucia,LCA,1987,2251.796
Saint Lucia,LCA,1988,2222.2222
Saint Lucia,LCA,1989,2197.609
Saint Lucia,LCA,1990,2176.168
Saint Lucia,LCA,1991,2150.2292
Saint Lucia,LCA,1992,2118.3896
Saint Lucia,LCA,1993,2087.305
Saint Lucia,LCA,1994,2056.3438
Saint Lucia,LCA,1995,2024.1823
Saint Lucia,LCA,1996,1994.2035
Saint Lucia,LCA,1997,1966.3235
Saint Lucia,LCA,1998,1939.5256
Saint Lucia,LCA,1999,1914.4618
Saint Lucia,LCA,2000,1891.3602
Saint Lucia,LCA,2001,1872.2268
Saint Lucia,LCA,2002,1855.9647
Saint Lucia,LCA,2003,1840.7618
Saint Lucia,LCA,2004,1826.6063
Saint Lucia,LCA,2005,1813.2366
Saint Lucia,LCA,2006,1800.2988
Saint Lucia,LCA,2007,1788.2903
Saint Lucia,LCA,2008,1777.167
Saint Lucia,LCA,2009,1766.0668
Saint Lucia,LCA,2010,1755.351
Saint Lucia,LCA,2011,1746.2064
Saint Lucia,LCA,2012,1738.2538
Saint Lucia,LCA,2013,1730.4132
Saint Lucia,LCA,2014,1722.7716
Saint Lucia,LCA,2015,1715.2168
Saint Lucia,LCA,2016,1707.9808
Saint Lucia,LCA,2017,1701.2396
Saint Lucia,LCA,2018,1694.7524
Saint Lucia,LCA,2019,1688.6093
Saint Lucia,LCA,2020,1683.0294
Saint Lucia,LCA,2021,1680.4652
Saint Lucia,LCA,2022,1678.0306
Saint Vincent and the Grenadines,VCT,1962,1146.3158
Saint Vincent and the Grenadines,VCT,1963,1129.6499
Saint Vincent and the Grenadines,VCT,1964,1114.2185
Saint Vincent and the Grenadines,VCT,1965,1099.7833
Saint Vincent and the Grenadines,VCT,1966,1086.3425
Saint Vincent and the Grenadines,VCT,1967,1073.837
Saint Vincent and the Grenadines,VCT,1968,1062.4396
Saint Vincent and the Grenadines,VCT,1969,1051.9893
Saint Vincent and the Grenadines,VCT,1970,1042.0575
Saint Vincent and the Grenadines,VCT,1971,1032.29
Saint Vincent and the Grenadines,VCT,1972,1022.5994
Saint Vincent and the Grenadines,VCT,1973,1013.2636
Saint Vincent and the Grenadines,VCT,1974,1004.4598
Saint Vincent and the Grenadines,VCT,1975,996.1449
Saint Vincent and the Grenadines,VCT,1976,988.1716
Saint Vincent and the Grenadines,VCT,1977,980.4018
Saint Vincent and the Grenadines,VCT,1978,972.99927
Saint Vincent and the Grenadines,VCT,1979,966.389
Saint Vincent and the Grenadines,VCT,1980,959.5732
Saint Vincent and the Grenadines,VCT,1981,951.7193
Saint Vincent and the Grenadines,VCT,1982,943.6722
Saint Vincent and the Grenadines,VCT,1983,935.9966
Saint Vincent and the Grenadines,VCT,1984,928.6172
Saint Vincent and the Grenadines,VCT,1985,921.60803
Saint Vincent and the Grenadines,VCT,1986,915.07214
Saint Vincent and the Grenadines,VCT,1987,909.08264
Saint Vincent and the Grenadines,VCT,1988,903.68524
Saint Vincent and the Grenadines,VCT,1989,898.69867
Saint Vincent and the Grenadines,VCT,1990,894.3584
Saint Vincent and the Grenadines,VCT,1991,891.0909
Saint Vincent and the Grenadines,VCT,1992,888.8178
Saint Vincent and the Grenadines,VCT,1993,887.03595
Saint Vincent and the Grenadines,VCT,1994,885.5984
Saint Vincent and the Grenadines,VCT,1995,884.5878
Saint Vincent and the Grenadines,VCT,1996,884.0248
Saint Vincent and the Grenadines,VCT,1997,883.8529
Saint Vincent and the Grenadines,VCT,1998,883.54834
Saint Vincent and the Grenadines,VCT,1999,882.0987
Saint Vincent and the Grenadines,VCT,2000,880.70807
Saint Vincent and the Grenadines,VCT,2001,881.0495
Saint Vincent and the Grenadines,VCT,2002,882.2466
Saint Vincent and the Grenadines,VCT,2003,883.8529
Saint Vincent and the Grenadines,VCT,2004,886.2498
Saint Vincent and the Grenadines,VCT,2005,889.2841
Saint Vincent and the Grenadines,VCT,2006,892.74554
Saint Vincent and the Grenadines,VCT,2007,896.6117
Saint Vincent and the Grenadines,VCT,2008,900.6737
Saint Vincent and the Grenadines,VCT,2009,904.91187
Saint Vincent and the Grenadines,VCT,2010,909.4299
Saint Vincent and the Grenadines,VCT,2011,914.5031
Saint Vincent and the Grenadines,VCT,2012,919.6586
Saint Vincent and the Grenadines,VCT,2013,924.76996
Saint Vincent and the Grenadines,VCT,2014,929.9298
Saint Vincent and the Grenadines,VCT,2015,934.92896
Saint Vincent and the Grenadines,VCT,2016,940.30035
Saint Vincent and the Grenadines,VCT,2017,946.4051
Saint Vincent and the Grenadines,VCT,2018,953.0526
Saint Vincent and the Grenadines,VCT,2019,959.99695
Saint Vincent and the Grenadines,VCT,2020,965.9409
Saint Vincent and the Grenadines,VCT,2021,972.3748
Saint Vincent and the Grenadines,VCT,2022,979.9502
Sao Tome and Principe,STP,1961,31728.936
Sao Tome and Principe,STP,1962,31410.746
Sao Tome and Principe,STP,1963,31093.107
Sao Tome and Principe,STP,1964,30762.719
Sao Tome and Principe,STP,1965,30412.947
Sao Tome and Principe,STP,1966,30037.479
Sao Tome and Principe,STP,1967,29621.176
Sao Tome and Principe,STP,1968,29158.03
Sao Tome and Principe,STP,1969,28652.918
Sao Tome and Principe,STP,1970,28083.375
Sao Tome and Principe,STP,1971,27480.146
Sao Tome and Principe,STP,1972,26899.965
Sao Tome and Principe,STP,1973,26329.139
Sao Tome and Principe,STP,1974,25746.41
Sao Tome and Principe,STP,1975,25141.855
Sao Tome and Principe,STP,1976,24515.867
Sao Tome and Principe,STP,1977,23877.066
Sao Tome and Principe,STP,1978,23242.426
Sao Tome and Principe,STP,1979,22648.88
Sao Tome and Principe,STP,1980,22122.098
Sao Tome and Principe,STP,1981,21666.75
Sao Tome and Principe,STP,1982,21266.633
Sao Tome and Principe,STP,1983,20885.227
Sao Tome and Principe,STP,1984,20489.877
Sao Tome and Principe,STP,1985,20062.95
Sao Tome and Principe,STP,1986,19613.135
Sao Tome and Principe,STP,1987,19136.404
Sao Tome and Principe,STP,1988,18642.197
Sao Tome and Principe,STP,1989,18169.846
Sao Tome and Principe,STP,1990,17726.459
Sao Tome and Principe,STP,1991,17343.293
Sao Tome and Principe,STP,1992,17016.627
Sao Tome and Principe,STP,1993,16709.207
Sao Tome and Principe,STP,1994,16424.072
Sao Tome and Principe,STP,1995,16160.718
Sao Tome and Principe,STP,1996,15916.823
Sao Tome and Principe,STP,1997,15692.259
Sao Tome and Principe,STP,1998,15488.345
Sao Tome and Principe,STP,1999,15304.475
Sao Tome and Principe,STP,2000,15136.997
Sao Tome and Principe,STP,2001,14893.254
Sao Tome and Principe,STP,2002,14540.895
Sao Tome and Principe,STP,2003,14172.962
Sao Tome and Principe,STP,2004,13823.277
Sao Tome and Principe,STP,2005,13486.844
Sao Tome and Principe,STP,2006,13161.231
Sao Tome and Principe,STP,2007,12846.199
Sao Tome and Principe,STP,2008,12543.658
Sao Tome and Principe,STP,2009,12257.313
Sao Tome and Principe,STP,2010,11991.067
Sao Tome and Principe,STP,2011,11742.59
Sao Tome and Principe,STP,2012,11507.662
Sao Tome and Principe,STP,2013,11286.682
Sao Tome and Principe,STP,2014,11079.094
Sao Tome and Principe,STP,2015,10884.163
Sao Tome and Principe,STP,2016,10702.591
Sao Tome and Principe,STP,2017,10532.928
Sao Tome and Principe,STP,2018,10371.717
Sao Tome and Principe,STP,2019,10215.94
Sao Tome and Principe,STP,2020,10025.984
Sao Tome and Principe,STP,2021,9821.545
Sao Tome and Principe,STP,2022,9633.018
Saudi Arabia,SAU,1961,949.9883
Saudi Arabia,SAU,1962,915.71246
Saudi Arabia,SAU,1963,882.5668
Saudi Arabia,SAU,1964,850.47034
Saudi Arabia,SAU,1965,819.45636
Saudi Arabia,SAU,1966,789.50305
Saudi Arabia,SAU,1967,760.1571
Saudi Arabia,SAU,1968,731.103
Saudi Arabia,SAU,1969,702.34705
Saudi Arabia,SAU,1970,673.6899
Saudi Arabia,SAU,1971,644.46295
Saudi Arabia,SAU,1972,614.48303
Saudi Arabia,SAU,1973,584.4615
Saudi Arabia,SAU,1974,555.08887
Saudi Arabia,SAU,1975,526.7447
Saudi Arabia,SAU,1976,499.17502
Saudi Arabia,SAU,1977,472.15765
Saudi Arabia,SAU,1978,445.939
Saudi Arabia,SAU,1979,420.77963
Saudi Arabia,SAU,1980,396.8256
Saudi Arabia,SAU,1981,373.79968
Saudi Arabia,SAU,1982,351.67484
Saudi Arabia,SAU,1983,330.90024
Saudi Arabia,SAU,1984,311.79736
Saudi Arabia,SAU,1985,294.41428
Saudi Arabia,SAU,1986,278.14352
Saudi Arabia,SAU,1987,262.86407
Saudi Arabia,SAU,1988,249.2428
Saudi Arabia,SAU,1989,236.95761
Saudi Arabia,SAU,1990,225.54926
Saudi Arabia,SAU,1991,215.03943
Saudi Arabia,SAU,1992,205.36208
Saudi Arabia,SAU,1993,196.46587
Saudi Arabia,SAU,1994,188.23471
Saudi Arabia,SAU,1995,180.59717
Saudi Arabia,SAU,1996,173.52313
Saudi Arabia,SAU,1997,166.95718
Saudi Arabia,SAU,1998,160.83435
Saudi Arabia,SAU,1999,155.11818
Saudi Arabia,SAU,2000,148.35216
Saudi Arabia,SAU,2001,140.83353
Saudi Arabia,SAU,2002,133.99654
Saudi Arabia,SAU,2003,127.7495
Saudi Arabia,SAU,2004,122.01644
Saudi Arabia,SAU,2005,116.73214
Saudi Arabia,SAU,2006,111.84043
Saudi Arabia,SAU,2007,107.29464
Saudi Arabia,SAU,2008,103.057915
Saudi Arabia,SAU,2009,99.10126
Saudi Arabia,SAU,2010,100.08972
Saudi Arabia,SAU,2011,95.64852
Saudi Arabia,SAU,2012,91.71205
Saudi Arabia,SAU,2013,86.88096
Saudi Arabia,SAU,2014,84.77788
Saudi Arabia,SAU,2015,80.49266
Saudi Arabia,SAU,2016,77.53391
Saudi Arabia,SAU,2017,77.47595
Saudi Arabia,SAU,2018,79.47999
Saudi Arabia,SAU,2019,79.83023
Saudi Arabia,SAU,2020,76.06368
Saudi Arabia,SAU,2021,77.96161
Saudi Arabia,SAU,2022,74.59155
Senegal,SEN,1961,7507.9116
Senegal,SEN,1962,7299.0923
Senegal,SEN,1963,7095.9517
Senegal,SEN,1964,6897.409
Senegal,SEN,1965,6701.668
Senegal,SEN,1966,6508.0864
Senegal,SEN,1967,6317.537
Senegal,SEN,1968,6131.781
Senegal,SEN,1969,5951.593
Senegal,SEN,1970,5776.5576
Senegal,SEN,1971,5606.424
Senegal,SEN,1972,5441.1655
Senegal,SEN,1973,5281.2783
Senegal,SEN,1974,5129.799
Senegal,SEN,1975,4989.547
Senegal,SEN,1976,4860.0713
Senegal,SEN,1977,4743.04
Senegal,SEN,1978,4633.541
Senegal,SEN,1979,4524.018
Senegal,SEN,1980,4413.5474
Senegal,SEN,1981,4302.036
Senegal,SEN,1982,4190.379
Senegal,SEN,1983,4079.3713
Senegal,SEN,1984,3969.6191
Senegal,SEN,1985,3860.376
Senegal,SEN,1986,3750.9858
Senegal,SEN,1987,3643.2805
Senegal,SEN,1988,3539.28
Senegal,SEN,1989,3438.988
Senegal,SEN,1990,3341.7424
Senegal,SEN,1991,3248.1082
Senegal,SEN,1992,3158.5151
Senegal,SEN,1993,3072.7864
Senegal,SEN,1994,2991.6243
Senegal,SEN,1995,2915.88
Senegal,SEN,1996,2845.4792
Senegal,SEN,1997,2779.1257
Senegal,SEN,1998,2714.9458
Senegal,SEN,1999,2651.3513
Senegal,SEN,2000,2588.215
Senegal,SEN,2001,2526.2065
Senegal,SEN,2002,2465.0747
Senegal,SEN,2003,2406.4524
Senegal,SEN,2004,2350.6465
Senegal,SEN,2005,2296.2988
Senegal,SEN,2006,2243.46
Senegal,SEN,2007,2191.9495
Senegal,SEN,2008,2141.264
Senegal,SEN,2009,2091.2043
Senegal,SEN,2010,2041.8802
Senegal,SEN,2011,1990.9102
Senegal,SEN,2012,1938.3201
Senegal,SEN,2013,1881.7216
Senegal,SEN,2014,1823.0508
Senegal,SEN,2015,1767.9308
Senegal,SEN,2016,1716.0507
Senegal,SEN,2017,1667.205
Senegal,SEN,2018,1621.1633
Senegal,SEN,2019,1577.6997
Senegal,SEN,2020,1536.7004
Senegal,SEN,2021,1498.1824
Senegal,SEN,2022,1461.665
Serbia,SRB,2006,1134.3077
Serbia,SRB,2007,1138.9163
Serbia,SRB,2008,1143.775
Serbia,SRB,2009,1148.3706
Serbia,SRB,2010,1152.9965
Serbia,SRB,2011,1161.7465
Serbia,SRB,2012,1167.3961
Serbia,SRB,2013,1173.0884
Serbia,SRB,2014,1178.8069
Serbia,SRB,2015,1184.855
Serbia,SRB,2016,1191.0763
Serbia,SRB,2017,1197.432
Serbia,SRB,2018,1203.9921
Serbia,SRB,2019,1210.4702
Serbia,SRB,2020,1218.5602
Serbia,SRB,2021,1230.114
Serbia,SRB,2022,1261.4696
Sierra Leone,SLE,1961,69437.6
Sierra Leone,SLE,1962,68310.62
Sierra Leone,SLE,1963,67163.17
Sierra Leone,SLE,1964,65995.984
Sierra Leone,SLE,1965,64812.332
Sierra Leone,SLE,1966,63627.45
Sierra Leone,SLE,1967,62441.85
Sierra Leone,SLE,1968,61266.72
Sierra Leone,SLE,1969,60119.523
Sierra Leone,SLE,1970,58990.83
Sierra Leone,SLE,1971,57903.418
Sierra Leone,SLE,1972,56850.727
Sierra Leone,SLE,1973,55808.34
Sierra Leone,SLE,1974,54785.91
Sierra Leone,SLE,1975,53787.715
Sierra Leone,SLE,1976,52825.85
Sierra Leone,SLE,1977,51857.906
Sierra Leone,SLE,1978,50866.043
Sierra Leone,SLE,1979,49883.1
Sierra Leone,SLE,1980,48898.426
Sierra Leone,SLE,1981,47919.4
Sierra Leone,SLE,1982,46945.836
Sierra Leone,SLE,1983,45955.273
Sierra Leone,SLE,1984,44959.504
Sierra Leone,SLE,1985,43974.914
Sierra Leone,SLE,1986,42914.082
Sierra Leone,SLE,1987,41778.53
Sierra Leone,SLE,1988,40665.727
Sierra Leone,SLE,1989,39662.5
Sierra Leone,SLE,1990,38124.03
Sierra Leone,SLE,1991,37680.156
Sierra Leone,SLE,1992,38402.77
Sierra Leone,SLE,1993,38488.09
Sierra Leone,SLE,1994,38340.758
Sierra Leone,SLE,1995,38285.03
Sierra Leone,SLE,1996,38102.406
Sierra Leone,SLE,1997,37614.17
Sierra Leone,SLE,1998,37245.812
Sierra Leone,SLE,1999,37053.824
Sierra Leone,SLE,2000,36169.547
Sierra Leone,SLE,2001,34095.395
Sierra Leone,SLE,2002,32183.867
Sierra Leone,SLE,2003,30901.83
Sierra Leone,SLE,2004,29874.617
Sierra Leone,SLE,2005,29081.857
Sierra Leone,SLE,2006,28447.145
Sierra Leone,SLE,2007,27829.223
Sierra Leone,SLE,2008,27142.926
Sierra Leone,SLE,2009,26421.623
Sierra Leone,SLE,2010,25712.254
Sierra Leone,SLE,2011,25049.9
Sierra Leone,SLE,2012,24423.453
Sierra Leone,SLE,2013,23830.621
Sierra Leone,SLE,2014,23268.04
Sierra Leone,SLE,2015,22734.846
Sierra Leone,SLE,2016,22205.79
Sierra Leone,SLE,2017,21682.275
Sierra Leone,SLE,2018,21179.252
Sierra Leone,SLE,2019,20693.246
Sierra Leone,SLE,2020,20221.021
Sierra Leone,SLE,2021,19766.26
Sierra Leone,SLE,2022,19331.127
Singapore,SGP,1961,352.4436
Singapore,SGP,1962,342.81796
Singapore,SGP,1963,334.26184
Singapore,SGP,1964,325.80365
Singapore,SGP,1965,317.98187
Singapore,SGP,1966,310.1737
Singapore,SGP,1967,303.39807
Singapore,SGP,1968,298.21072
Singapore,SGP,1969,293.75766
Singapore,SGP,1970,289.22534
Singapore,SGP,1971,283.9699
Singapore,SGP,1972,278.7586
Singapore,SGP,1973,273.5978
Singapore,SGP,1974,269.08243
Singapore,SGP,1975,265.18164
Singapore,SGP,1976,261.6317
Singapore,SGP,1977,258.03122
Singapore,SGP,1978,254.92862
Singapore,SGP,1979,251.73065
Singapore,SGP,1980,248.55579
Singapore,SGP,1981,236.8887
Singapore,SGP,1982,226.71744
Singapore,SGP,1983,223.79199
Singapore,SGP,1984,219.60156
Singapore,SGP,1985,219.3017
Singapore,SGP,1986,219.509
Singapore,SGP,1987,216.23265
Singapore,SGP,1988,210.81421
Singapore,SGP,1989,204.71521
Singapore,SGP,1990,196.90646
Singapore,SGP,1991,191.38249
Singapore,SGP,1992,185.71838
Singapore,SGP,1993,181.079
Singapore,SGP,1994,175.48744
Singapore,SGP,1995,170.23662
Singapore,SGP,1996,163.45639
Singapore,SGP,1997,158.05954
Singapore,SGP,1998,152.7801
Singapore,SGP,1999,151.56403
Singapore,SGP,2000,148.96147
Singapore,SGP,2001,144.99716
Singapore,SGP,2002,143.67989
Singapore,SGP,2003,145.81418
Singapore,SGP,2004,144.00009
Singapore,SGP,2005,140.65482
Singapore,SGP,2006,136.32135
Singapore,SGP,2007,130.75887
Singapore,SGP,2008,123.982414
Singapore,SGP,2009,120.29899
Singapore,SGP,2010,118.186264
Singapore,SGP,2011,115.7477
Singapore,SGP,2012,112.94251
Singapore,SGP,2013,111.12836
Singapore,SGP,2014,109.69475
Singapore,SGP,2015,108.40105
Singapore,SGP,2016,107.00369
Singapore,SGP,2017,106.908936
Singapore,SGP,2018,106.40796
Singapore,SGP,2019,105.19729
Singapore,SGP,2020,105.52592
Singapore,SGP,2021,110.01975
Singapore,SGP,2022,106.43918
Slovakia,SVK,1993,2366.0618
Slovakia,SVK,1994,2356.7563
Slovakia,SVK,1995,2349.8699
Slovakia,SVK,1996,2344.9011
Slovakia,SVK,1997,2340.5757
Slovakia,SVK,1998,2337.4385
Slovakia,SVK,1999,2335.0544
Slovakia,SVK,2000,2338.2175
Slovakia,SVK,2001,2342.5007
Slovakia,SVK,2002,2343.3525
Slovakia,SVK,2003,2344.8955
Slovakia,SVK,2004,2345.3728
Slovakia,SVK,2005,2345.1428
Slovakia,SVK,2006,2345.0352
Slovakia,SVK,2007,2344.3508
Slovakia,SVK,2008,2342.3413
Slovakia,SVK,2009,2339.2222
Slovakia,SVK,2010,2337.0432
Slovakia,SVK,2011,2334.0317
Slovakia,SVK,2012,2330.063
Slovakia,SVK,2013,2327.5605
Slovakia,SVK,2014,2325.303
Slovakia,SVK,2015,2323.094
Slovakia,SVK,2016,2320.101
Slovakia,SVK,2017,2316.5034
Slovakia,SVK,2018,2313.297
Slovakia,SVK,2019,2310.1687
Slovakia,SVK,2020,2308.1882
Slovakia,SVK,2021,2313.095
Slovakia,SVK,2022,2319.6936
Slovenia,SVN,1992,9351.374
Slovenia,SVN,1993,9373.686
Slovenia,SVN,1994,9384.536
Slovenia,SVN,1995,9382.513
Slovenia,SVN,1996,9388.383
Slovenia,SVN,1997,9401.014
Slovenia,SVN,1998,9421.542
Slovenia,SVN,1999,9414.814
Slovenia,SVN,2000,9386.98
Slovenia,SVN,2001,9372.208
Slovenia,SVN,2002,9360.602
Slovenia,SVN,2003,9354.959
Slovenia,SVN,2004,9348.968
Slovenia,SVN,2005,9332.788
Slovenia,SVN,2006,9303.054
Slovenia,SVN,2007,9251.175
Slovenia,SVN,2008,9236.557
Slovenia,SVN,2009,9153.446
Slovenia,SVN,2010,9113.616
Slovenia,SVN,2011,9094.704
Slovenia,SVN,2012,9075.623
Slovenia,SVN,2013,9063.313
Slovenia,SVN,2014,9054.404
Slovenia,SVN,2015,9047.599
Slovenia,SVN,2016,9040.979
Slovenia,SVN,2017,9035.089
Slovenia,SVN,2018,9002.389
Slovenia,SVN,2019,8939.923
Slovenia,SVN,2020,8880.247
Slovenia,SVN,2021,8856.404
Slovenia,SVN,2022,8839.644
Solomon Islands,SLB,1962,305743.47
Solomon Islands,SLB,1963,298818.75
Solomon Islands,SLB,1964,291994.66
Solomon Islands,SLB,1965,285283.94
Solomon Islands,SLB,1966,278690.47
Solomon Islands,SLB,1967,272154.4
Solomon Islands,SLB,1968,265625.56
Solomon Islands,SLB,1969,259166.5
Solomon Islands,SLB,1970,253144.48
Solomon Islands,SLB,1971,247457.61
Solomon Islands,SLB,1972,241629.45
Solomon Islands,SLB,1973,235543.33
Solomon Islands,SLB,1974,229182.58
Solomon Islands,SLB,1975,222671.66
Solomon Islands,SLB,1976,215739.84
Solomon Islands,SLB,1977,208471.3
Solomon Islands,SLB,1978,201325.05
Solomon Islands,SLB,1979,194387.55
Solomon Islands,SLB,1980,187708.66
Solomon Islands,SLB,1981,181298.3
Solomon Islands,SLB,1982,175156.73
Solomon Islands,SLB,1983,169274.58
Solomon Islands,SLB,1984,163638.56
Solomon Islands,SLB,1985,158255.3
Solomon Islands,SLB,1986,153165.06
Solomon Islands,SLB,1987,148301.02
Solomon Islands,SLB,1988,143607.53
Solomon Islands,SLB,1989,139130.11
Solomon Islands,SLB,1990,134868.08
Solomon Islands,SLB,1991,130801.96
Solomon Islands,SLB,1992,126914.73
Solomon Islands,SLB,1993,123195.13
Solomon Islands,SLB,1994,119622.664
Solomon Islands,SLB,1995,116184.47
Solomon Islands,SLB,1996,112876.22
Solomon Islands,SLB,1997,109700.25
Solomon Islands,SLB,1998,106664.5
Solomon Islands,SLB,1999,103832.75
Solomon Islands,SLB,2000,101482.734
Solomon Islands,SLB,2001,99526.86
Solomon Islands,SLB,2002,97668.414
Solomon Islands,SLB,2003,95891.055
Solomon Islands,SLB,2004,94182.39
Solomon Islands,SLB,2005,92531.26
Solomon Islands,SLB,2006,90928.695
Solomon Islands,SLB,2007,89372.12
Solomon Islands,SLB,2008,87855.5
Solomon Islands,SLB,2009,86269.95
Solomon Islands,SLB,2010,83869.95
Solomon Islands,SLB,2011,80839.87
Solomon Islands,SLB,2012,77928.055
Solomon Islands,SLB,2013,75132.99
Solomon Islands,SLB,2014,72458.13
Solomon Islands,SLB,2015,69907.65
Solomon Islands,SLB,2016,67484.02
Solomon Islands,SLB,2017,65191.52
Solomon Islands,SLB,2018,63037.566
Solomon Islands,SLB,2019,61388.703
Solomon Islands,SLB,2020,60040.457
Solomon Islands,SLB,2021,58615.957
Solomon Islands,SLB,2022,57229.48
Somalia,SOM,1961,2032.4832
Somalia,SOM,1962,1980.1385
Somalia,SOM,1963,1929.0365
Somalia,SOM,1964,1879.2306
Somalia,SOM,1965,1830.4547
Somalia,SOM,1966,1783.0048
Somalia,SOM,1967,1736.8463
Somalia,SOM,1968,1691.7659
Somalia,SOM,1969,1647.8921
Somalia,SOM,1970,1604.9441
Somalia,SOM,1971,1563.4401
Somalia,SOM,1972,1523.0607
Somalia,SOM,1973,1483.0957
Somalia,SOM,1974,1445.1417
Somalia,SOM,1975,1409.2661
Somalia,SOM,1976,1374.3148
Somalia,SOM,1977,1338.076
Somalia,SOM,1978,1246.1339
Somalia,SOM,1979,1101.0958
Somalia,SOM,1980,1010.75543
Somalia,SOM,1981,1002.8667
Somalia,SOM,1982,999.3604
Somalia,SOM,1983,967.98706
Somalia,SOM,1984,933.3598
Somalia,SOM,1985,896.4203
Somalia,SOM,1986,860.2412
Somalia,SOM,1987,830.07043
Somalia,SOM,1988,829.26074
Somalia,SOM,1989,843.31055
Somalia,SOM,1990,847.1213
Somalia,SOM,1991,880.5711
Somalia,SOM,1992,923.77234
Somalia,SOM,1993,898.0155
Somalia,SOM,1994,853.8741
Somalia,SOM,1995,823.6094
Somalia,SOM,1996,794.2313
Somalia,SOM,1997,766.8197
Somalia,SOM,1998,735.70734
Somalia,SOM,1999,706.5424
Somalia,SOM,2000,678.83185
Somalia,SOM,2001,652.28076
Somalia,SOM,2002,628.2681
Somalia,SOM,2003,605.50055
Somalia,SOM,2004,583.60095
Somalia,SOM,2005,563.6858
Somalia,SOM,2006,546.67206
Somalia,SOM,2007,529.9145
Somalia,SOM,2008,514.44366
Somalia,SOM,2009,501.62186
Somalia,SOM,2010,489.32632
Somalia,SOM,2011,485.87598
Somalia,SOM,2012,481.4961
Somalia,SOM,2013,466.21518
Somalia,SOM,2014,449.79227
Somalia,SOM,2015,434.56335
Somalia,SOM,2016,418.15518
Somalia,SOM,2017,402.23566
Somalia,SOM,2018,388.28702
Somalia,SOM,2019,374.2755
Somalia,SOM,2020,360.3346
Somalia,SOM,2021,347.3945
Somalia,SOM,2022,337.04272
South Africa,ZAF,1961,2649.628
South Africa,ZAF,1962,2571.9749
South Africa,ZAF,1963,2495.1873
South Africa,ZAF,1964,2420.1355
South Africa,ZAF,1965,2346.8547
South Africa,ZAF,1966,2275.2566
South Africa,ZAF,1967,2205.3684
South Africa,ZAF,1968,2137.6814
South Africa,ZAF,1969,2072.6658
South Africa,ZAF,1970,2010.7734
South Africa,ZAF,1971,1952.7383
South Africa,ZAF,1972,1897.5448
South Africa,ZAF,1973,1844.0568
South Africa,ZAF,1974,1792.7811
South Africa,ZAF,1975,1743.8054
South Africa,ZAF,1976,1697.2622
South Africa,ZAF,1977,1651.9812
South Africa,ZAF,1978,1607.4917
South Africa,ZAF,1979,1564.5647
South Africa,ZAF,1980,1517.674
South Africa,ZAF,1981,1466.8784
South Africa,ZAF,1982,1417.0337
South Africa,ZAF,1983,1368.3859
South Africa,ZAF,1984,1321.8152
South Africa,ZAF,1985,1278.4624
South Africa,ZAF,1986,1238.2356
South Africa,ZAF,1987,1200.2296
South Africa,ZAF,1988,1164.2216
South Africa,ZAF,1989,1130.4973
South Africa,ZAF,1990,1099.4872
South Africa,ZAF,1991,1074.6525
South Africa,ZAF,1992,1055.5206
South Africa,ZAF,1993,1034.71
South Africa,ZAF,1994,1018.08606
South Africa,ZAF,1995,1005.80237
South Africa,ZAF,1996,992.8414
South Africa,ZAF,1997,981.0182
South Africa,ZAF,1998,969.196
South Africa,ZAF,1999,958.692
South Africa,ZAF,2000,949.96326
South Africa,ZAF,2001,941.8334
South Africa,ZAF,2002,932.956
South Africa,ZAF,2003,923.7047
South Africa,ZAF,2004,914.4458
South Africa,ZAF,2005,905.2328
South Africa,ZAF,2006,896.0309
South Africa,ZAF,2007,886.6269
South Africa,ZAF,2008,876.4619
South Africa,ZAF,2009,866.06
South Africa,ZAF,2010,855.8757
South Africa,ZAF,2011,845.3595
South Africa,ZAF,2012,832.98364
South Africa,ZAF,2013,819.3305
South Africa,ZAF,2014,805.8302
South Africa,ZAF,2015,789.7956
South Africa,ZAF,2016,782.4022
South Africa,ZAF,2017,777.3033
South Africa,ZAF,2018,764.3356
South Africa,ZAF,2019,751.8307
South Africa,ZAF,2020,739.73315
South Africa,ZAF,2021,728.42444
South Africa,ZAF,2022,718.1972
South Asia (WB),WB_SA,1961,3645.2122
South Asia (WB),WB_SA,1962,3558.0706
South Asia (WB),WB_SA,1963,3473.7063
South Asia (WB),WB_SA,1964,3391.421
South Asia (WB),WB_SA,1965,3313.599
South Asia (WB),WB_SA,1966,3240.6755
South Asia (WB),WB_SA,1967,3169.0122
South Asia (WB),WB_SA,1968,3098.8518
South Asia (WB),WB_SA,1969,3031.497
South Asia (WB),WB_SA,1970,2963.7473
South Asia (WB),WB_SA,1971,2900.2966
South Asia (WB),WB_SA,1972,2838.237
South Asia (WB),WB_SA,1973,2773.4329
South Asia (WB),WB_SA,1974,2709.0854
South Asia (WB),WB_SA,1975,2645.4468
South Asia (WB),WB_SA,1976,2583.7434
South Asia (WB),WB_SA,1977,2523.45
South Asia (WB),WB_SA,1978,2465.8237
South Asia (WB),WB_SA,1979,2409.1086
South Asia (WB),WB_SA,1980,2352.556
South Asia (WB),WB_SA,1981,2297.6519
South Asia (WB),WB_SA,1982,2244.0781
South Asia (WB),WB_SA,1983,2191.9773
South Asia (WB),WB_SA,1984,2141.3723
South Asia (WB),WB_SA,1985,2092.4155
South Asia (WB),WB_SA,1986,2044.993
South Asia (WB),WB_SA,1987,1999.3948
South Asia (WB),WB_SA,1988,1955.612
South Asia (WB),WB_SA,1989,1913.156
South Asia (WB),WB_SA,1990,1872.1362
South Asia (WB),WB_SA,1991,1832.7762
South Asia (WB),WB_SA,1992,1794.6038
South Asia (WB),WB_SA,1993,1757.7195
South Asia (WB),WB_SA,1994,1709.8162
South Asia (WB),WB_SA,1995,1676.016
South Asia (WB),WB_SA,1996,1643.1345
South Asia (WB),WB_SA,1997,1611.3197
South Asia (WB),WB_SA,1998,1580.5109
South Asia (WB),WB_SA,1999,1550.7585
South Asia (WB),WB_SA,2000,1522.0272
South Asia (WB),WB_SA,2001,1494.2915
South Asia (WB),WB_SA,2002,1468.1525
South Asia (WB),WB_SA,2003,1443.6564
South Asia (WB),WB_SA,2004,1417.8733
South Asia (WB),WB_SA,2005,1395.8341
South Asia (WB),WB_SA,2006,1375.1078
South Asia (WB),WB_SA,2007,1355.5144
South Asia (WB),WB_SA,2008,1337.103
South Asia (WB),WB_SA,2009,1318.9767
South Asia (WB),WB_SA,2010,1301.0885
South Asia (WB),WB_SA,2011,1283.8467
South Asia (WB),WB_SA,2012,1267.2482
South Asia (WB),WB_SA,2013,1251.9662
South Asia (WB),WB_SA,2014,1236.9927
South Asia (WB),WB_SA,2015,1222.8871
South Asia (WB),WB_SA,2016,1208.9355
South Asia (WB),WB_SA,2017,1195.552
South Asia (WB),WB_SA,2018,1183.0303
South Asia (WB),WB_SA,2019,1171.0569
South Asia (WB),WB_SA,2020,1159.7439
South Asia (WB),WB_SA,2021,1150.0164
South Asia (WB),WB_SA,2022,1140.7883
South Korea,KOR,1961,2516.9146
South Korea,KOR,1962,2445.967
South Korea,KOR,1963,2378.791
South Korea,KOR,1964,2317.3828
South Korea,KOR,1965,2259.2139
South Korea,KOR,1966,2203.1167
South Korea,KOR,1967,2152.2695
South Korea,KOR,1968,2102.9043
South Korea,KOR,1969,2055.841
South Korea,KOR,1970,2011.4248
South Korea,KOR,1971,1972.1614
South Korea,KOR,1972,1935.5085
South Korea,KOR,1973,1901.584
South Korea,KOR,1974,1869.2927
South Korea,KOR,1975,1838.1141
South Korea,KOR,1976,1809.0006
South Korea,KOR,1977,1781.0162
South Korea,KOR,1978,1754.1637
South Korea,KOR,1979,1727.756
South Korea,KOR,1980,1701.0382
South Korea,KOR,1981,1674.7046
South Korea,KOR,1982,1649.0215
South Korea,KOR,1983,1624.8896
South Korea,KOR,1984,1604.9614
South Korea,KOR,1985,1589.237
South Korea,KOR,1986,1573.5068
South Korea,KOR,1987,1558.0819
South Korea,KOR,1988,1542.8998
South Korea,KOR,1989,1527.7142
South Korea,KOR,1990,1512.7382
South Korea,KOR,1991,1497.8391
South Korea,KOR,1992,1482.3547
South Korea,KOR,1993,1467.3729
South Korea,KOR,1994,1452.6829
South Korea,KOR,1995,1438.1393
South Korea,KOR,1996,1424.5021
South Korea,KOR,1997,1411.2067
South Korea,KOR,1998,1401.0564
South Korea,KOR,1999,1391.133
South Korea,KOR,2000,1379.5492
South Korea,KOR,2001,1369.0051
South Korea,KOR,2002,1361.1157
South Korea,KOR,2003,1354.079
South Korea,KOR,2004,1348.723
South Korea,KOR,2005,1345.8668
South Korea,KOR,2006,1338.8168
South Korea,KOR,2007,1332.0697
South Korea,KOR,2008,1321.9934
South Korea,KOR,2009,1315.2068
South Korea,KOR,2010,1308.6704
South Korea,KOR,2011,1298.6458
South Korea,KOR,2012,1291.8364
South Korea,KOR,2013,1285.9691
South Korea,KOR,2014,1277.9166
South Korea,KOR,2015,1271.196
South Korea,KOR,2016,1266.1613
South Korea,KOR,2017,1262.6088
South Korea,KOR,2018,1257.147
South Korea,KOR,2019,1252.7812
South Korea,KOR,2020,1251.0553
South Korea,KOR,2021,1252.6671
South Korea,KOR,2022,1255.018
South Sudan,SSD,2012,2417.2017
South Sudan,SSD,2013,2328.44
South Sudan,SSD,2014,2314.1816
South Sudan,SSD,2015,2340.7478
South Sudan,SSD,2016,2400.716
South Sudan,SSD,2017,2534.322
South Sudan,SSD,2018,2568.4143
South Sudan,SSD,2019,2494.3914
South Sudan,SSD,2020,2430.2546
South Sudan,SSD,2021,2392.8333
South Sudan,SSD,2022,2359.0947
Spain,ESP,1961,3617.525
Spain,ESP,1962,3584.395
Spain,ESP,1963,3553.0957
Spain,ESP,1964,3517.9636
Spain,ESP,1965,3479.9707
Spain,ESP,1966,3444.5166
Spain,ESP,1967,3402.386
Spain,ESP,1968,3358.184
Spain,ESP,1969,3325.2542
Spain,ESP,1970,3288.527
Spain,ESP,1971,3249.1353
Spain,ESP,1972,3213.4578
Spain,ESP,1973,3178.1465
Spain,ESP,1974,3143.6108
Spain,ESP,1975,3109.8022
Spain,ESP,1976,3077.1094
Spain,ESP,1977,3045.6042
Spain,ESP,1978,3016.4197
Spain,ESP,1979,2989.944
Spain,ESP,1980,2966.0322
Spain,ESP,1981,2945.022
Spain,ESP,1982,2927.3933
Spain,ESP,1983,2913.1663
Spain,ESP,1984,2901.0942
Spain,ESP,1985,2890.6008
Spain,ESP,1986,2881.977
Spain,ESP,1987,2874.513
Spain,ESP,1988,2868.4236
Spain,ESP,1989,2863.93
Spain,ESP,1990,2861.0151
Spain,ESP,1991,2853.7424
Spain,ESP,1992,2839.8
Spain,ESP,1993,2825.1125
Spain,ESP,1994,2811.6943
Spain,ESP,1995,2799.3118
Spain,ESP,1996,2787.6765
Spain,ESP,1997,2776.017
Spain,ESP,1998,2764.5525
Spain,ESP,1999,2753.3699
Spain,ESP,2000,2741.086
Spain,ESP,2001,2722.1267
Spain,ESP,2002,2683.9443
Spain,ESP,2003,2635.8428
Spain,ESP,2004,2590.7524
Spain,ESP,2005,2547.353
Spain,ESP,2006,2504.6558
Spain,ESP,2007,2458.719
Spain,ESP,2008,2419.8054
Spain,ESP,2009,2398.467
Spain,ESP,2010,2387.4497
Spain,ESP,2011,2378.9812
Spain,ESP,2012,2377.4373
Spain,ESP,2013,2386.0513
Spain,ESP,2014,2393.419
Spain,ESP,2015,2395.4004
Spain,ESP,2016,2393.5527
Spain,ESP,2017,2387.7402
Spain,ESP,2018,2376.982
Spain,ESP,2019,2360.007
Spain,ESP,2020,2348.0015
Spain,ESP,2021,2343.8247
Spain,ESP,2022,2327.0364
Sri Lanka,LKA,1961,5333.672
Sri Lanka,LKA,1962,5205.1733
Sri Lanka,LKA,1963,5079.3457
Sri Lanka,LKA,1964,4956.1655
Sri Lanka,LKA,1965,4836.5093
Sri Lanka,LKA,1966,4721.0605
Sri Lanka,LKA,1967,4608.4043
Sri Lanka,LKA,1968,4498.944
Sri Lanka,LKA,1969,4394.925
Sri Lanka,LKA,1970,4297.186
Sri Lanka,LKA,1971,4206.5312
Sri Lanka,LKA,1972,4122.0356
Sri Lanka,LKA,1973,4042.5955
Sri Lanka,LKA,1974,3968.2263
Sri Lanka,LKA,1975,3896.9712
Sri Lanka,LKA,1976,3826.9827
Sri Lanka,LKA,1977,3758.1753
Sri Lanka,LKA,1978,3689.6946
Sri Lanka,LKA,1979,3621.495
Sri Lanka,LKA,1980,3556.0408
Sri Lanka,LKA,1981,3496.8245
Sri Lanka,LKA,1982,3454.013
Sri Lanka,LKA,1983,3431.068
Sri Lanka,LKA,1984,3419.277
Sri Lanka,LKA,1985,3396.7754
Sri Lanka,LKA,1986,3356.3752
Sri Lanka,LKA,1987,3317.2964
Sri Lanka,LKA,1988,3283.8638
Sri Lanka,LKA,1989,3249.5193
Sri Lanka,LKA,1990,3228.8723
Sri Lanka,LKA,1991,3204.7869
Sri Lanka,LKA,1992,3154.2568
Sri Lanka,LKA,1993,3101.1543
Sri Lanka,LKA,1994,3056.3032
Sri Lanka,LKA,1995,3006.1372
Sri Lanka,LKA,1996,2948.894
Sri Lanka,LKA,1997,2893.436
Sri Lanka,LKA,1998,2839.3198
Sri Lanka,LKA,1999,2787.0547
Sri Lanka,LKA,2000,2736.7363
Sri Lanka,LKA,2001,2693.828
Sri Lanka,LKA,2002,2665.892
Sri Lanka,LKA,2003,2646.4148
Sri Lanka,LKA,2004,2628.4866
Sri Lanka,LKA,2005,2611.7249
Sri Lanka,LKA,2006,2594.2874
Sri Lanka,LKA,2007,2576.5466
Sri Lanka,LKA,2008,2559.4568
Sri Lanka,LKA,2009,2543.7896
Sri Lanka,LKA,2010,2528.846
Sri Lanka,LKA,2011,2513.203
Sri Lanka,LKA,2012,2494.1592
Sri Lanka,LKA,2013,2564.9746
Sri Lanka,LKA,2014,2541.1494
Sri Lanka,LKA,2015,2517.8826
Sri Lanka,LKA,2016,2489.5093
Sri Lanka,LKA,2017,2461.1943
Sri Lanka,LKA,2018,2436.5483
Sri Lanka,LKA,2019,2421.685
Sri Lanka,LKA,2020,2408.869
Sri Lanka,LKA,2021,2383.1016
Sri Lanka,LKA,2022,2380.4158
Sub-Saharan Africa (WB),WB_SSA,1961,18768.172
Sub-Saharan Africa (WB),WB_SSA,1962,18319.26
Sub-Saharan Africa (WB),WB_SSA,1963,17875.955
Sub-Saharan Africa (WB),WB_SSA,1964,17437.49
Sub-Saharan Africa (WB),WB_SSA,1965,17003.787
Sub-Saharan Africa (WB),WB_SSA,1966,16575.531
Sub-Saharan Africa (WB),WB_SSA,1967,16153.273
Sub-Saharan Africa (WB),WB_SSA,1968,15736.423
Sub-Saharan Africa (WB),WB_SSA,1969,15327.204
Sub-Saharan Africa (WB),WB_SSA,1970,14925.399
Sub-Saharan Africa (WB),WB_SSA,1971,14532.754
Sub-Saharan Africa (WB),WB_SSA,1972,14152.04
Sub-Saharan Africa (WB),WB_SSA,1973,13773.674
Sub-Saharan Africa (WB),WB_SSA,1974,13394.096
Sub-Saharan Africa (WB),WB_SSA,1975,13019.776
Sub-Saharan Africa (WB),WB_SSA,1976,12657.284
Sub-Saharan Africa (WB),WB_SSA,1977,12302.046
Sub-Saharan Africa (WB),WB_SSA,1978,11938.975
Sub-Saharan Africa (WB),WB_SSA,1979,11571.884
Sub-Saharan Africa (WB),WB_SSA,1980,11216.144
Sub-Saharan Africa (WB),WB_SSA,1981,10885.578
Sub-Saharan Africa (WB),WB_SSA,1982,10566.573
Sub-Saharan Africa (WB),WB_SSA,1983,10256.031
Sub-Saharan Africa (WB),WB_SSA,1984,9957.9795
Sub-Saharan Africa (WB),WB_SSA,1985,9665.376
Sub-Saharan Africa (WB),WB_SSA,1986,9384.505
Sub-Saharan Africa (WB),WB_SSA,1987,9115.321
Sub-Saharan Africa (WB),WB_SSA,1988,8860.7705
Sub-Saharan Africa (WB),WB_SSA,1989,8616.411
Sub-Saharan Africa (WB),WB_SSA,1990,8382.634
Sub-Saharan Africa (WB),WB_SSA,1991,8166.6733
Sub-Saharan Africa (WB),WB_SSA,1992,7955.7324
Sub-Saharan Africa (WB),WB_SSA,1993,7175.1685
Sub-Saharan Africa (WB),WB_SSA,1994,6986.3545
Sub-Saharan Africa (WB),WB_SSA,1995,6803.8486
Sub-Saharan Africa (WB),WB_SSA,1996,6622.844
Sub-Saharan Africa (WB),WB_SSA,1997,6450.1597
Sub-Saharan Africa (WB),WB_SSA,1998,6280.108
Sub-Saharan Africa (WB),WB_SSA,1999,6114.416
Sub-Saharan Africa (WB),WB_SSA,2000,5954.5596
Sub-Saharan Africa (WB),WB_SSA,2001,5797.9
Sub-Saharan Africa (WB),WB_SSA,2002,5644.445
Sub-Saharan Africa (WB),WB_SSA,2003,5494.116
Sub-Saharan Africa (WB),WB_SSA,2004,5346.6465
Sub-Saharan Africa (WB),WB_SSA,2005,5202.6553
Sub-Saharan Africa (WB),WB_SSA,2006,5062.639
Sub-Saharan Africa (WB),WB_SSA,2007,4926.024
Sub-Saharan Africa (WB),WB_SSA,2008,4792.47
Sub-Saharan Africa (WB),WB_SSA,2009,4663.045
Sub-Saharan Africa (WB),WB_SSA,2010,4536.9507
Sub-Saharan Africa (WB),WB_SSA,2011,4414.3286
Sub-Saharan Africa (WB),WB_SSA,2012,4110.313
Sub-Saharan Africa (WB),WB_SSA,2013,3999.165
Sub-Saharan Africa (WB),WB_SSA,2014,3892.0522
Sub-Saharan Africa (WB),WB_SSA,2015,3788.4524
Sub-Saharan Africa (WB),WB_SSA,2016,3689.23
Sub-Saharan Africa (WB),WB_SSA,2017,3593.261
Sub-Saharan Africa (WB),WB_SSA,2018,3499.1982
Sub-Saharan Africa (WB),WB_SSA,2019,3409.1465
Sub-Saharan Africa (WB),WB_SSA,2020,3322.5293
Sub-Saharan Africa (WB),WB_SSA,2021,3239.4028
Sub-Saharan Africa (WB),WB_SSA,2022,3159.8704
Sudan,SDN,2012,108.33304
Sudan,SDN,2013,105.85973
Sudan,SDN,2014,103.03086
Sudan,SDN,2015,99.93896
Sudan,SDN,2016,96.94645
Sudan,SDN,2017,93.64544
Sudan,SDN,2018,90.435135
Sudan,SDN,2019,87.81911
Sudan,SDN,2020,85.48975
Sudan,SDN,2021,83.21731
Sudan,SDN,2022,80.99897
Suriname,SUR,1961,362915.2
Suriname,SUR,1962,348699.6
Suriname,SUR,1963,333295.2
Suriname,SUR,1964,320345.84
Suriname,SUR,1965,309375
Suriname,SUR,1966,298971.72
Suriname,SUR,1967,288900.1
Suriname,SUR,1968,279175.22
Suriname,SUR,1969,269823.88
Suriname,SUR,1970,260909.44
Suriname,SUR,1971,252594.84
Suriname,SUR,1972,249111.12
Suriname,SUR,1973,250144.02
Suriname,SUR,1974,251475.83
Suriname,SUR,1975,253086.89
Suriname,SUR,1976,254964.73
Suriname,SUR,1977,257098.11
Suriname,SUR,1978,259500.61
Suriname,SUR,1979,262180.8
Suriname,SUR,1980,263734.84
Suriname,SUR,1981,263677.25
Suriname,SUR,1982,262909.8
Suriname,SUR,1983,261388.9
Suriname,SUR,1984,259031.44
Suriname,SUR,1985,255832.47
Suriname,SUR,1986,252338.6
Suriname,SUR,1987,249426.19
Suriname,SUR,1988,246129.67
Suriname,SUR,1989,242404.06
Suriname,SUR,1990,240004.08
Suriname,SUR,1991,238546.75
Suriname,SUR,1992,237075.2
Suriname,SUR,1993,236078.52
Suriname,SUR,1994,234388.88
Suriname,SUR,1995,230443.7
Suriname,SUR,1996,225599.89
Suriname,SUR,1997,220949.1
Suriname,SUR,1998,216437.9
Suriname,SUR,1999,212029.58
Suriname,SUR,2000,207702.62
Suriname,SUR,2001,203469.25
Suriname,SUR,2002,199375.3
Suriname,SUR,2003,195492.22
Suriname,SUR,2004,192635.86
Suriname,SUR,2005,190636.47
Suriname,SUR,2006,188572.5
Suriname,SUR,2007,186435.06
Suriname,SUR,2008,184273.47
Suriname,SUR,2009,182129.92
Suriname,SUR,2010,180025.2
Suriname,SUR,2011,177971.45
Suriname,SUR,2012,175958.39
Suriname,SUR,2013,173983.34
Suriname,SUR,2014,172062.3
Suriname,SUR,2015,170212.19
Suriname,SUR,2016,168436.95
Suriname,SUR,2017,166747.23
Suriname,SUR,2018,165134.03
Suriname,SUR,2019,163428.9
Suriname,SUR,2020,161680.95
Suriname,SUR,2021,160221.14
Suriname,SUR,2022,158866.69
Sweden,SWE,1961,22739.367
Sweden,SWE,1962,22614.297
Sweden,SWE,1963,22487.193
Sweden,SWE,1964,22319.814
Sweden,SWE,1965,22110.584
Sweden,SWE,1966,21901.184
Sweden,SWE,1967,21733.795
Sweden,SWE,1968,21611.994
Sweden,SWE,1969,21460.65
Sweden,SWE,1970,21261.25
Sweden,SWE,1971,21115.455
Sweden,SWE,1972,21053.15
Sweden,SWE,1973,21016.893
Sweden,SWE,1974,20955.998
Sweden,SWE,1975,20872.91
Sweden,SWE,1976,20797.137
Sweden,SWE,1977,20723.404
Sweden,SWE,1978,20663.156
Sweden,SWE,1979,20618.113
Sweden,SWE,1980,20576.303
Sweden,SWE,1981,20551.643
Sweden,SWE,1982,20539.893
Sweden,SWE,1983,20530.594
Sweden,SWE,1984,20511.947
Sweden,SWE,1985,20478.096
Sweden,SWE,1986,20430.525
Sweden,SWE,1987,20362.467
Sweden,SWE,1988,20269.096
Sweden,SWE,1989,20134.314
Sweden,SWE,1990,19979.355
Sweden,SWE,1991,19843.629
Sweden,SWE,1992,19727.582
Sweden,SWE,1993,19613.328
Sweden,SWE,1994,19474.43
Sweden,SWE,1995,19372.514
Sweden,SWE,1996,19341.707
Sweden,SWE,1997,19330.635
Sweden,SWE,1998,19319.908
Sweden,SWE,1999,19304.857
Sweden,SWE,2000,19273.885
Sweden,SWE,2001,19222.209
Sweden,SWE,2002,19159.754
Sweden,SWE,2003,19088.594
Sweden,SWE,2004,19013.666
Sweden,SWE,2005,18937.775
Sweden,SWE,2006,18831.553
Sweden,SWE,2007,18692.422
Sweden,SWE,2008,18547.367
Sweden,SWE,2009,18390.033
Sweden,SWE,2010,18233.92
Sweden,SWE,2011,18096.746
Sweden,SWE,2012,17963.365
Sweden,SWE,2013,17811.797
Sweden,SWE,2014,17635.94
Sweden,SWE,2015,17450.43
Sweden,SWE,2016,17232.545
Sweden,SWE,2017,17001.902
Sweden,SWE,2018,16805.543
Sweden,SWE,2019,16636.043
Sweden,SWE,2020,16516.246
Sweden,SWE,2021,16417.348
Sweden,SWE,2022,16305.994
Switzerland,CHE,1961,7434.2686
Switzerland,CHE,1962,7248.1772
Switzerland,CHE,1963,7094.8804
Switzerland,CHE,1964,6978.478
Switzerland,CHE,1965,6898.351
Switzerland,CHE,1966,6826.6284
Switzerland,CHE,1967,6742.565
Switzerland,CHE,1968,6658.1914
Switzerland,CHE,1969,6583.6787
Switzerland,CHE,1970,6536.289
Switzerland,CHE,1971,6502.077
Switzerland,CHE,1972,6452.6885
Switzerland,CHE,1973,6405.2285
Switzerland,CHE,1974,6370.828
Switzerland,CHE,1975,6373.615
Switzerland,CHE,1976,6410.1504
Switzerland,CHE,1977,6431.9185
Switzerland,CHE,1978,6431.3413
Switzerland,CHE,1979,6418.4395
Switzerland,CHE,1980,6393.004
Switzerland,CHE,1981,6358.1255
Switzerland,CHE,1982,6321.084
Switzerland,CHE,1983,6294.0376
Switzerland,CHE,1984,6271.4756
Switzerland,CHE,1985,6243.8516
Switzerland,CHE,1986,6211.444
Switzerland,CHE,1987,6172.551
Switzerland,CHE,1988,6127.3525
Switzerland,CHE,1989,6078.0103
Switzerland,CHE,1990,6015.9165
Switzerland,CHE,1991,5941.196
Switzerland,CHE,1992,5876.0527
Switzerland,CHE,1993,5822.7812
Switzerland,CHE,1994,5776.549
Switzerland,CHE,1995,5738.076
Switzerland,CHE,1996,5712.791
Switzerland,CHE,1997,5699.046
Switzerland,CHE,1998,5682.137
Switzerland,CHE,1999,5655.1025
Switzerland,CHE,2000,5623.412
Switzerland,CHE,2001,5587.9414
Switzerland,CHE,2002,5545.8296
Switzerland,CHE,2003,5504.8364
Switzerland,CHE,2004,5467.1245
Switzerland,CHE,2005,5432.214
Switzerland,CHE,2006,5398.2305
Switzerland,CHE,2007,5350.2017
Switzerland,CHE,2008,5282.6514
Switzerland,CHE,2009,5217.056
Switzerland,CHE,2010,5162.9995
Switzerland,CHE,2011,5105.911
Switzerland,CHE,2012,5051.9824
Switzerland,CHE,2013,4994.223
Switzerland,CHE,2014,4933.6587
Switzerland,CHE,2015,4877.8154
Switzerland,CHE,2016,4824.838
Switzerland,CHE,2017,4780.0244
Switzerland,CHE,2018,4744.9424
Switzerland,CHE,2019,4711.2163
Switzerland,CHE,2020,4676.918
Switzerland,CHE,2021,4641.253
Switzerland,CHE,2022,4602.8936
Syria,SYR,1961,1481.0613
Syria,SYR,1962,1438.0946
Syria,SYR,1963,1395.5671
Syria,SYR,1964,1353.5552
Syria,SYR,1965,1312.171
Syria,SYR,1966,1271.5172
Syria,SYR,1967,1231.7368
Syria,SYR,1968,1192.8931
Syria,SYR,1969,1154.9487
Syria,SYR,1970,1117.7616
Syria,SYR,1971,1080.9182
Syria,SYR,1972,1044.825
Syria,SYR,1973,1010.15234
Syria,SYR,1974,976.6973
Syria,SYR,1975,944.0901
Syria,SYR,1976,912.3331
Syria,SYR,1977,881.5276
Syria,SYR,1978,851.81
Syria,SYR,1979,823.37506
Syria,SYR,1980,796.1898
Syria,SYR,1981,770.17865
Syria,SYR,1982,745.05005
Syria,SYR,1983,720.05426
Syria,SYR,1984,695.2352
Syria,SYR,1985,671.2046
Syria,SYR,1986,648.19604
Syria,SYR,1987,626.22253
Syria,SYR,1988,605.3166
Syria,SYR,1989,585.5953
Syria,SYR,1990,566.96735
Syria,SYR,1991,549.42596
Syria,SYR,1992,532.81256
Syria,SYR,1993,516.9732
Syria,SYR,1994,501.95013
Syria,SYR,1995,487.93167
Syria,SYR,1996,474.8935
Syria,SYR,1997,462.58997
Syria,SYR,1998,450.80997
Syria,SYR,1999,439.48566
Syria,SYR,2000,428.6602
Syria,SYR,2001,418.2663
Syria,SYR,2002,408.28168
Syria,SYR,2003,398.67416
Syria,SYR,2004,388.94305
Syria,SYR,2005,379.07758
Syria,SYR,2006,363.19153
Syria,SYR,2007,341.50342
Syria,SYR,2008,329.6272
Syria,SYR,2009,324.52155
Syria,SYR,2010,317.22562
Syria,SYR,2011,311.7392
Syria,SYR,2012,313.36002
Syria,SYR,2013,329.16544
Syria,SYR,2014,351.78653
Syria,SYR,2015,367.16293
Syria,SYR,2016,371.57767
Syria,SYR,2017,370.9817
Syria,SYR,2018,364.28934
Syria,SYR,2019,350.40598
Syria,SYR,2020,338.82153
Syria,SYR,2021,329.74493
Syria,SYR,2022,317.51157
Tajikistan,TJK,1992,11233.052
Tajikistan,TJK,1993,11084.7295
Tajikistan,TJK,1994,10893.732
Tajikistan,TJK,1995,10668.085
Tajikistan,TJK,1996,10460.6875
Tajikistan,TJK,1997,10335.793
Tajikistan,TJK,1998,10274.599
Tajikistan,TJK,1999,10221.685
Tajikistan,TJK,2000,10097.482
Tajikistan,TJK,2001,9904.209
Tajikistan,TJK,2002,9715.74
Tajikistan,TJK,2003,9530.567
Tajikistan,TJK,2004,9345.345
Tajikistan,TJK,2005,9164.27
Tajikistan,TJK,2006,8991.769
Tajikistan,TJK,2007,8820.655
Tajikistan,TJK,2008,8647.658
Tajikistan,TJK,2009,8472.37
Tajikistan,TJK,2010,8293.104
Tajikistan,TJK,2011,8110.127
Tajikistan,TJK,2012,7918.5596
Tajikistan,TJK,2013,7723.2725
Tajikistan,TJK,2014,7531.8506
Tajikistan,TJK,2015,7341.6445
Tajikistan,TJK,2016,7157.979
Tajikistan,TJK,2017,6984.413
Tajikistan,TJK,2018,6818.28
Tajikistan,TJK,2019,6658.9956
Tajikistan,TJK,2020,6509.1787
Tajikistan,TJK,2021,6367.07
Tajikistan,TJK,2022,6232.431
Tanzania,TZA,1961,8245.086
Tanzania,TZA,1962,8009.34
Tanzania,TZA,1963,7778.1177
Tanzania,TZA,1964,7548.644
Tanzania,TZA,1965,7322.988
Tanzania,TZA,1966,7102.117
Tanzania,TZA,1967,6885.1846
Tanzania,TZA,1968,6665.5684
Tanzania,TZA,1969,6443.3486
Tanzania,TZA,1970,6225.599
Tanzania,TZA,1971,6012.2603
Tanzania,TZA,1972,5801.3823
Tanzania,TZA,1973,5596.2314
Tanzania,TZA,1974,5397.892
Tanzania,TZA,1975,5204.9897
Tanzania,TZA,1976,5019.057
Tanzania,TZA,1977,4840.681
Tanzania,TZA,1978,4672.75
Tanzania,TZA,1979,4518.063
Tanzania,TZA,1980,4377.3325
Tanzania,TZA,1981,4245.7046
Tanzania,TZA,1982,4117.9355
Tanzania,TZA,1983,3984.8435
Tanzania,TZA,1984,3856.9148
Tanzania,TZA,1985,3733.0525
Tanzania,TZA,1986,3611.5115
Tanzania,TZA,1987,3495.5754
Tanzania,TZA,1988,3391.242
Tanzania,TZA,1989,3302.0479
Tanzania,TZA,1990,3217.1326
Tanzania,TZA,1991,3136.6182
Tanzania,TZA,1992,3059.2637
Tanzania,TZA,1993,2964.773
Tanzania,TZA,1994,2853.0325
Tanzania,TZA,1995,2764.6587
Tanzania,TZA,1996,2714.4265
Tanzania,TZA,1997,2660.0723
Tanzania,TZA,1998,2590.9565
Tanzania,TZA,1999,2522.4976
Tanzania,TZA,2000,2451.8289
Tanzania,TZA,2001,2386.479
Tanzania,TZA,2002,2325.4976
Tanzania,TZA,2003,2264.7886
Tanzania,TZA,2004,2204.165
Tanzania,TZA,2005,2143.8374
Tanzania,TZA,2006,2084.6309
Tanzania,TZA,2007,2027.2466
Tanzania,TZA,2008,1973.1869
Tanzania,TZA,2009,1925.1051
Tanzania,TZA,2010,1876.739
Tanzania,TZA,2011,1824.9219
Tanzania,TZA,2012,1773.1147
Tanzania,TZA,2013,1720.4608
Tanzania,TZA,2014,1668.2716
Tanzania,TZA,2015,1614.7336
Tanzania,TZA,2016,1560.6417
Tanzania,TZA,2017,1509.3556
Tanzania,TZA,2018,1462.4683
Tanzania,TZA,2019,1419.521
Tanzania,TZA,2020,1377.6636
Tanzania,TZA,2021,1336.9321
Tanzania,TZA,2022,1298.0627
Thailand,THA,1961,8119.613
Thailand,THA,1962,7882.788
Thailand,THA,1963,7651.4053
Thailand,THA,1964,7426.2026
Thailand,THA,1965,7207.537
Thailand,THA,1966,6997.117
Thailand,THA,1967,6795.5493
Thailand,THA,1968,6602.7383
Thailand,THA,1969,6419.38
Thailand,THA,1970,6244.297
Thailand,THA,1971,6078.1235
Thailand,THA,1972,5918.448
Thailand,THA,1973,5764.384
Thailand,THA,1974,5619.368
Thailand,THA,1975,5483.8784
Thailand,THA,1976,5358.681
Thailand,THA,1977,5240.177
Thailand,THA,1978,5127.0894
Thailand,THA,1979,5020.5244
Thailand,THA,1980,4918.07
Thailand,THA,1981,4820.3086
Thailand,THA,1982,4727.066
Thailand,THA,1983,4636.4033
Thailand,THA,1984,4549.184
Thailand,THA,1985,4466.016
Thailand,THA,1986,4386.8604
Thailand,THA,1987,4311.356
Thailand,THA,1988,4238.469
Thailand,THA,1989,4169.2544
Thailand,THA,1990,4101.5137
Thailand,THA,1991,4035.233
Thailand,THA,1992,3971.6016
Thailand,THA,1993,3910.7654
Thailand,THA,1994,3853.5308
Thailand,THA,1995,3798.9292
Thailand,THA,1996,3746.8252
Thailand,THA,1997,3697.1846
Thailand,THA,1998,3649.2263
Thailand,THA,1999,3603.747
Thailand,THA,2000,3563.2087
Thailand,THA,2001,3527.1953
Thailand,THA,2002,3493.4253
Thailand,THA,2003,3461.0198
Thailand,THA,2004,3430.1448
Thailand,THA,2005,3400.769
Thailand,THA,2006,3372.6575
Thailand,THA,2007,3345.7822
Thailand,THA,2008,3320.18
Thailand,THA,2009,3295.7493
Thailand,THA,2010,3273.7214
Thailand,THA,2011,3253.4282
Thailand,THA,2012,3233.3325
Thailand,THA,2013,3214.3982
Thailand,THA,2014,3197.4026
Thailand,THA,2015,3182.6973
Thailand,THA,2016,3168.3672
Thailand,THA,2017,3154.9946
Thailand,THA,2018,3145.4517
Thailand,THA,2019,3139.0222
Thailand,THA,2020,3133.7988
Thailand,THA,2021,3130.048
Thailand,THA,2022,3129.6992
Togo,TGO,1961,6753.9116
Togo,TGO,1962,6636.0483
Togo,TGO,1963,6515.315
Togo,TGO,1964,6376.702
Togo,TGO,1965,6203.571
Togo,TGO,1966,5994.2256
Togo,TGO,1967,5761.841
Togo,TGO,1968,5528.2456
Togo,TGO,1969,5312.235
Togo,TGO,1970,5123.012
Togo,TGO,1971,4961.2246
Togo,TGO,1972,4821.815
Togo,TGO,1973,4696.2754
Togo,TGO,1974,4578.463
Togo,TGO,1975,4466.6753
Togo,TGO,1976,4359.7
Togo,TGO,1977,4256.2734
Togo,TGO,1978,4154.4023
Togo,TGO,1979,4049.504
Togo,TGO,1980,3937.1506
Togo,TGO,1981,3816.7395
Togo,TGO,1982,3691.764
Togo,TGO,1983,3568.216
Togo,TGO,1984,3450.5137
Togo,TGO,1985,3341.9634
Togo,TGO,1986,3241.3066
Togo,TGO,1987,3144.2173
Togo,TGO,1988,3050.6067
Togo,TGO,1989,2961.3142
Togo,TGO,1990,2875.8909
Togo,TGO,1991,2794.2734
Togo,TGO,1992,2716.3535
Togo,TGO,1993,2733.245
Togo,TGO,1994,2723.2212
Togo,TGO,1995,2607.2178
Togo,TGO,1996,2512.0908
Togo,TGO,1997,2433.847
Togo,TGO,1998,2365.8108
Togo,TGO,1999,2299.8762
Togo,TGO,2000,2237.338
Togo,TGO,2001,2179.1108
Togo,TGO,2002,2124.4075
Togo,TGO,2003,2071.2634
Togo,TGO,2004,2018.7806
Togo,TGO,2005,1967.6178
Togo,TGO,2006,1913.2649
Togo,TGO,2007,1858.3324
Togo,TGO,2008,1805.6743
Togo,TGO,2009,1755.2255
Togo,TGO,2010,1708.1094
Togo,TGO,2011,1662.6969
Togo,TGO,2012,1619.5504
Togo,TGO,2013,1578.4904
Togo,TGO,2014,1538.9866
Togo,TGO,2015,1500.6796
Togo,TGO,2016,1463.4229
Togo,TGO,2017,1427.3054
Togo,TGO,2018,1392.4578
Togo,TGO,2019,1358.8453
Togo,TGO,2020,1326.4558
Togo,TGO,2021,1295.2815
Togo,TGO,2022,1265.163
Trinidad and Tobago,TTO,1962,4362.675
Trinidad and Tobago,TTO,1963,4281.872
Trinidad and Tobago,TTO,1964,4206.085
Trinidad and Tobago,TTO,1965,4136.0366
Trinidad and Tobago,TTO,1966,4072.3823
Trinidad and Tobago,TTO,1967,4014.981
Trinidad and Tobago,TTO,1968,3962.8237
Trinidad and Tobago,TTO,1969,3915.5466
Trinidad and Tobago,TTO,1970,3873.0332
Trinidad and Tobago,TTO,1971,3830.099
Trinidad and Tobago,TTO,1972,3783.5457
Trinidad and Tobago,TTO,1973,3735.95
Trinidad and Tobago,TTO,1974,3689.608
Trinidad and Tobago,TTO,1975,3645.1
Trinidad and Tobago,TTO,1976,3601.2007
Trinidad and Tobago,TTO,1977,3557.0244
Trinidad and Tobago,TTO,1978,3512.0452
Trinidad and Tobago,TTO,1979,3466.8335
Trinidad and Tobago,TTO,1980,3423.241
Trinidad and Tobago,TTO,1981,3382.8665
Trinidad and Tobago,TTO,1982,3345.1604
Trinidad and Tobago,TTO,1983,3308.8215
Trinidad and Tobago,TTO,1984,3273.702
Trinidad and Tobago,TTO,1985,3234.049
Trinidad and Tobago,TTO,1986,3191.691
Trinidad and Tobago,TTO,1987,3154.3564
Trinidad and Tobago,TTO,1988,3121.7761
Trinidad and Tobago,TTO,1989,3092.7834
Trinidad and Tobago,TTO,1990,3066.5833
Trinidad and Tobago,TTO,1991,3042.377
Trinidad and Tobago,TTO,1992,3019.6418
Trinidad and Tobago,TTO,1993,2998.9082
Trinidad and Tobago,TTO,1994,2980.5774
Trinidad and Tobago,TTO,1995,2964.864
Trinidad and Tobago,TTO,1996,2951.739
Trinidad and Tobago,TTO,1997,2940.645
Trinidad and Tobago,TTO,1998,2930.7944
Trinidad and Tobago,TTO,1999,2920.8008
Trinidad and Tobago,TTO,2000,2909.589
Trinidad and Tobago,TTO,2001,2896.8735
Trinidad and Tobago,TTO,2002,2882.8591
Trinidad and Tobago,TTO,2003,2868.4353
Trinidad and Tobago,TTO,2004,2854.2122
Trinidad and Tobago,TTO,2005,2966.4102
Trinidad and Tobago,TTO,2006,2958.5251
Trinidad and Tobago,TTO,2007,2946.62
Trinidad and Tobago,TTO,2008,2934.463
Trinidad and Tobago,TTO,2009,2931.0605
Trinidad and Tobago,TTO,2010,2914.1377
Trinidad and Tobago,TTO,2011,2891.525
Trinidad and Tobago,TTO,2012,2875.9866
Trinidad and Tobago,TTO,2013,2864.481
Trinidad and Tobago,TTO,2014,2854.2908
Trinidad and Tobago,TTO,2015,2845.1462
Trinidad and Tobago,TTO,2016,2836.2612
Trinidad and Tobago,TTO,2017,2830.537
Trinidad and Tobago,TTO,2018,2825.2058
Trinidad and Tobago,TTO,2019,2815.2803
Trinidad and Tobago,TTO,2020,2809.6362
Trinidad and Tobago,TTO,2021,2807.9248
Trinidad and Tobago,TTO,2022,2811.5288
Tunisia,TUN,1961,971.90216
Tunisia,TUN,1962,960.14404
Tunisia,TUN,1963,947.5663
Tunisia,TUN,1964,934.3257
Tunisia,TUN,1965,919.6768
Tunisia,TUN,1966,901.70703
Tunisia,TUN,1967,881.123
Tunisia,TUN,1968,859.6489
Tunisia,TUN,1969,838.2126
Tunisia,TUN,1970,817.5163
Tunisia,TUN,1971,797.2772
Tunisia,TUN,1972,777.3475
Tunisia,TUN,1973,757.59735
Tunisia,TUN,1974,737.9491
Tunisia,TUN,1975,718.4127
Tunisia,TUN,1976,699.51715
Tunisia,TUN,1977,681.4566
Tunisia,TUN,1978,664.882
Tunisia,TUN,1979,649.74097
Tunisia,TUN,1980,635.01
Tunisia,TUN,1981,620.7197
Tunisia,TUN,1982,607.2105
Tunisia,TUN,1983,594.7149
Tunisia,TUN,1984,581.02136
Tunisia,TUN,1985,566.1343
Tunisia,TUN,1986,551.95184
Tunisia,TUN,1987,538.5118
Tunisia,TUN,1988,526.0557
Tunisia,TUN,1989,514.6191
Tunisia,TUN,1990,503.93362
Tunisia,TUN,1991,493.42334
Tunisia,TUN,1992,483.1551
Tunisia,TUN,1993,473.588
Tunisia,TUN,1994,465.15765
Tunisia,TUN,1995,457.90656
Tunisia,TUN,1996,451.3455
Tunisia,TUN,1997,445.26904
Tunisia,TUN,1998,439.65063
Tunisia,TUN,1999,434.44656
Tunisia,TUN,2000,429.59836
Tunisia,TUN,2001,425.03925
Tunisia,TUN,2002,420.69836
Tunisia,TUN,2003,416.51642
Tunisia,TUN,2004,412.6434
Tunisia,TUN,2005,409.04993
Tunisia,TUN,2006,405.45465
Tunisia,TUN,2007,401.75443
Tunisia,TUN,2008,397.9081
Tunisia,TUN,2009,393.87152
Tunisia,TUN,2010,389.65332
Tunisia,TUN,2011,385.3561
Tunisia,TUN,2012,381.02948
Tunisia,TUN,2013,376.5249
Tunisia,TUN,2014,372.08557
Tunisia,TUN,2015,367.9094
Tunisia,TUN,2016,363.87534
Tunisia,TUN,2017,360.07043
Tunisia,TUN,2018,356.5505
Tunisia,TUN,2019,353.26074
Tunisia,TUN,2020,350.34073
Tunisia,TUN,2021,348.1726
Tunisia,TUN,2022,346.14114
Turkey,TUR,1961,7795.5337
Turkey,TUR,1962,7587.8755
Turkey,TUR,1963,7387.6777
Turkey,TUR,1964,7196.509
Turkey,TUR,1965,7018.0386
Turkey,TUR,1966,6841.9507
Turkey,TUR,1967,6666.5845
Turkey,TUR,1968,6500.2593
Turkey,TUR,1969,6342.948
Turkey,TUR,1970,6195.6743
Turkey,TUR,1971,6050.3306
Turkey,TUR,1972,5906.8096
Turkey,TUR,1973,5771.744
Turkey,TUR,1974,5645.329
Turkey,TUR,1975,5529.4204
Turkey,TUR,1976,5417.663
Turkey,TUR,1977,5307.0493
Turkey,TUR,1978,5201.0176
Turkey,TUR,1979,5099.928
Turkey,TUR,1980,4999.0293
Turkey,TUR,1981,4900.565
Turkey,TUR,1982,4796.9136
Turkey,TUR,1983,4685.493
Turkey,TUR,1984,4579.007
Turkey,TUR,1985,4478.4556
Turkey,TUR,1986,4384.1206
Turkey,TUR,1987,4295.6895
Turkey,TUR,1988,4210.751
Turkey,TUR,1989,4129.02
Turkey,TUR,1990,4052.4404
Turkey,TUR,1991,3981.7654
Turkey,TUR,1992,3914.46
Turkey,TUR,1993,3847.512
Turkey,TUR,1994,3781.201
Turkey,TUR,1995,3719.8174
Turkey,TUR,1996,3664.1782
Turkey,TUR,1997,3611.6035
Turkey,TUR,1998,3561.6567
Turkey,TUR,1999,3514.3713
Turkey,TUR,2000,3469.5708
Turkey,TUR,2001,3426.667
Turkey,TUR,2002,3385.594
Turkey,TUR,2003,3346.5164
Turkey,TUR,2004,3309.394
Turkey,TUR,2005,3274.2168
Turkey,TUR,2006,3240.7576
Turkey,TUR,2007,3235.5488
Turkey,TUR,2008,3194.8577
Turkey,TUR,2009,3151.062
Turkey,TUR,2010,3103.5457
Turkey,TUR,2011,3058.3252
Turkey,TUR,2012,3019.5876
Turkey,TUR,2013,2981.0518
Turkey,TUR,2014,2941.1047
Turkey,TUR,2015,2902.1274
Turkey,TUR,2016,2863.343
Turkey,TUR,2017,2826.4521
Turkey,TUR,2018,2788.451
Turkey,TUR,2019,2748.8682
Turkey,TUR,2020,2722.3225
Turkey,TUR,2021,2697.65
Turkey,TUR,2022,2671.2195
Turkmenistan,TKM,1992,356.1751
Turkmenistan,TKM,1993,348.42712
Turkmenistan,TKM,1994,341.29593
Turkmenistan,TKM,1995,335.22595
Turkmenistan,TKM,1996,329.5168
Turkmenistan,TKM,1997,323.9768
Turkmenistan,TKM,1998,318.5575
Turkmenistan,TKM,1999,312.76645
Turkmenistan,TKM,2000,306.58936
Turkmenistan,TKM,2001,300.50848
Turkmenistan,TKM,2002,294.5823
Turkmenistan,TKM,2003,288.86493
Turkmenistan,TKM,2004,283.3751
Turkmenistan,TKM,2005,278.09354
Turkmenistan,TKM,2006,272.969
Turkmenistan,TKM,2007,267.9229
Turkmenistan,TKM,2008,262.86105
Turkmenistan,TKM,2009,257.72287
Turkmenistan,TKM,2010,252.50002
Turkmenistan,TKM,2011,247.21043
Turkmenistan,TKM,2012,241.88498
Turkmenistan,TKM,2013,236.55823
Turkmenistan,TKM,2014,231.26495
Turkmenistan,TKM,2015,226.03796
Turkmenistan,TKM,2016,220.91052
Turkmenistan,TKM,2017,215.9193
Turkmenistan,TKM,2018,211.10284
Turkmenistan,TKM,2019,206.49788
Turkmenistan,TKM,2020,202.16083
Turkmenistan,TKM,2021,198.10934
Turkmenistan,TKM,2022,194.32399
Uganda,UGA,1961,4960.433
Uganda,UGA,1962,4819.4375
Uganda,UGA,1963,4679.815
Uganda,UGA,1964,4542.086
Uganda,UGA,1965,4407.177
Uganda,UGA,1966,4274.973
Uganda,UGA,1967,4145.001
Uganda,UGA,1968,4017.0437
Uganda,UGA,1969,3894.2139
Uganda,UGA,1970,3778.483
Uganda,UGA,1971,3672.9368
Uganda,UGA,1972,3582.6504
Uganda,UGA,1973,3499.567
Uganda,UGA,1974,3413.6128
Uganda,UGA,1975,3326.158
Uganda,UGA,1976,3239.931
Uganda,UGA,1977,3155.4243
Uganda,UGA,1978,3072.7744
Uganda,UGA,1979,2999.501
Uganda,UGA,1980,2937.6892
Uganda,UGA,1981,2876.859
Uganda,UGA,1982,2811.0881
Uganda,UGA,1983,2742.2532
Uganda,UGA,1984,2669.829
Uganda,UGA,1985,2595.9019
Uganda,UGA,1986,2521.403
Uganda,UGA,1987,2444.502
Uganda,UGA,1988,2367.8723
Uganda,UGA,1989,2292.6748
Uganda,UGA,1990,2219.7056
Uganda,UGA,1991,2148.062
Uganda,UGA,1992,2076.121
Uganda,UGA,1993,2005.6404
Uganda,UGA,1994,1939.4493
Uganda,UGA,1995,1887.1881
Uganda,UGA,1996,1836.8889
Uganda,UGA,1997,1784.4033
Uganda,UGA,1998,1732.1166
Uganda,UGA,1999,1676.8942
Uganda,UGA,2000,1624.9899
Uganda,UGA,2001,1576.033
Uganda,UGA,2002,1527.4429
Uganda,UGA,2003,1479.9567
Uganda,UGA,2004,1436.2252
Uganda,UGA,2005,1394.6857
Uganda,UGA,2006,1354.4487
Uganda,UGA,2007,1315.1936
Uganda,UGA,2008,1277.0325
Uganda,UGA,2009,1240.0182
Uganda,UGA,2010,1204.0455
Uganda,UGA,2011,1169.256
Uganda,UGA,2012,1135.7865
Uganda,UGA,2013,1103.6577
Uganda,UGA,2014,1071.5599
Uganda,UGA,2015,1039.1287
Uganda,UGA,2016,1005.17664
Uganda,UGA,2017,970.69525
Uganda,UGA,2018,938.2707
Uganda,UGA,2019,906.9844
Uganda,UGA,2020,877.2492
Uganda,UGA,2021,849.47095
Uganda,UGA,2022,824.3027
Ukraine,UKR,1992,1053.0607
Ukraine,UKR,1993,1052.5286
Ukraine,UKR,1994,1058.069
Ukraine,UKR,1995,1066.4749
Ukraine,UKR,1996,1075.6234
Ukraine,UKR,1997,1084.9258
Ukraine,UKR,1998,1093.6938
Ukraine,UKR,1999,1102.5194
Ukraine,UKR,2000,1111.8586
Ukraine,UKR,2001,1122.043
Ukraine,UKR,2002,1131.945
Ukraine,UKR,2003,1140.4293
Ukraine,UKR,2004,1148.407
Ukraine,UKR,2005,1157.9144
Ukraine,UKR,2006,1165.4298
Ukraine,UKR,2007,1170.7761
Ukraine,UKR,2008,1176.8683
Ukraine,UKR,2009,1181.8016
Ukraine,UKR,2010,1186.0685
Ukraine,UKR,2011,1189.863
Ukraine,UKR,2012,1192.3811
Ukraine,UKR,2013,1194.534
Ukraine,UKR,2014,1198.5458
Ukraine,UKR,2015,1203.4536
Ukraine,UKR,2016,1207.8875
Ukraine,UKR,2017,1212.6937
Ukraine,UKR,2018,1218.7864
Ukraine,UKR,2019,1225.6031
Ukraine,UKR,2020,1233.2136
Ukraine,UKR,2021,1243.8306
Ukraine,UKR,2022,1342.3059
United Arab Emirates,ARE,1961,1087.0432
United Arab Emirates,ARE,1962,1034.8682
United Arab Emirates,ARE,1963,985.4741
United Arab Emirates,ARE,1964,939.30817
United Arab Emirates,ARE,1965,897.64996
United Arab Emirates,ARE,1966,862.18787
United Arab Emirates,ARE,1967,834.72455
United Arab Emirates,ARE,1968,752.1964
United Arab Emirates,ARE,1969,625.88666
United Arab Emirates,ARE,1970,523.49445
United Arab Emirates,ARE,1971,447.7251
United Arab Emirates,ARE,1972,389.59622
United Arab Emirates,ARE,1973,343.72214
United Arab Emirates,ARE,1974,306.6939
United Arab Emirates,ARE,1975,276.31638
United Arab Emirates,ARE,1976,243.55948
United Arab Emirates,ARE,1977,211.20543
United Arab Emirates,ARE,1978,185.35132
United Arab Emirates,ARE,1979,164.47188
United Arab Emirates,ARE,1980,147.6814
United Arab Emirates,ARE,1981,136.3816
United Arab Emirates,ARE,1982,128.60413
United Arab Emirates,ARE,1983,121.427505
United Arab Emirates,ARE,1984,114.854866
United Arab Emirates,ARE,1985,108.86044
United Arab Emirates,ARE,1986,102.2228
United Arab Emirates,ARE,1987,95.28383
United Arab Emirates,ARE,1988,89.19079
United Arab Emirates,ARE,1989,83.80586
United Arab Emirates,ARE,1990,79.0214
United Arab Emirates,ARE,1991,74.75234
United Arab Emirates,ARE,1992,70.93104
United Arab Emirates,ARE,1993,67.50393
United Arab Emirates,ARE,1994,64.42779
United Arab Emirates,ARE,1995,61.610195
United Arab Emirates,ARE,1996,57.74641
United Arab Emirates,ARE,1997,53.240387
United Arab Emirates,ARE,1998,49.335274
United Arab Emirates,ARE,1999,45.927612
United Arab Emirates,ARE,2000,42.935963
United Arab Emirates,ARE,2001,40.283703
United Arab Emirates,ARE,2002,37.909172
United Arab Emirates,ARE,2003,35.77854
United Arab Emirates,ARE,2004,33.867943
United Arab Emirates,ARE,2005,32.15579
United Arab Emirates,ARE,2006,29.9455
United Arab Emirates,ARE,2007,26.668398
United Arab Emirates,ARE,2008,23.79946
United Arab Emirates,ARE,2009,22.3645
United Arab Emirates,ARE,2010,21.834576
United Arab Emirates,ARE,2011,21.113266
United Arab Emirates,ARE,2012,20.293724
United Arab Emirates,ARE,2013,19.498167
United Arab Emirates,ARE,2014,18.611715
United Arab Emirates,ARE,2015,17.636192
United Arab Emirates,ARE,2016,16.787735
United Arab Emirates,ARE,2017,16.263292
United Arab Emirates,ARE,2018,16.048443
United Arab Emirates,ARE,2019,15.880099
United Arab Emirates,ARE,2020,15.955685
United Arab Emirates,ARE,2021,15.665547
United Arab Emirates,ARE,2022,14.888371
United Kingdom,GBR,1961,2746.2122
United Kingdom,GBR,1962,2723.0046
United Kingdom,GBR,1963,2702.7026
United Kingdom,GBR,1964,2685.1853
United Kingdom,GBR,1965,2667.989
United Kingdom,GBR,1966,2653.3208
United Kingdom,GBR,1967,2639.0698
United Kingdom,GBR,1968,2626.255
United Kingdom,GBR,1969,2615.3577
United Kingdom,GBR,1970,2604.9502
United Kingdom,GBR,1971,2594.093
United Kingdom,GBR,1972,2585.3125
United Kingdom,GBR,1973,2580.3225
United Kingdom,GBR,1974,2578.6958
United Kingdom,GBR,1975,2578.8872
United Kingdom,GBR,1976,2579.522
United Kingdom,GBR,1977,2580.3699
United Kingdom,GBR,1978,2580.2317
United Kingdom,GBR,1979,2577.9175
United Kingdom,GBR,1980,2574.8384
United Kingdom,GBR,1981,2573.942
United Kingdom,GBR,1982,2574.8645
United Kingdom,GBR,1983,2573.9866
United Kingdom,GBR,1984,2569.9163
United Kingdom,GBR,1985,2564.0903
United Kingdom,GBR,1986,2558.1587
United Kingdom,GBR,1987,2552.7249
United Kingdom,GBR,1988,2547.0625
United Kingdom,GBR,1989,2540.4407
United Kingdom,GBR,1990,2532.858
United Kingdom,GBR,1991,2525.037
United Kingdom,GBR,1992,2518.218
United Kingdom,GBR,1993,2512.1877
United Kingdom,GBR,1994,2505.8003
United Kingdom,GBR,1995,2499.18
United Kingdom,GBR,1996,2492.8245
United Kingdom,GBR,1997,2486.4124
United Kingdom,GBR,1998,2479.1775
United Kingdom,GBR,1999,2470.9255
United Kingdom,GBR,2000,2462.1125
United Kingdom,GBR,2001,2452.6523
United Kingdom,GBR,2002,2442.2913
United Kingdom,GBR,2003,2430.9453
United Kingdom,GBR,2004,2417.1538
United Kingdom,GBR,2005,2400.6143
United Kingdom,GBR,2006,2383.0334
United Kingdom,GBR,2007,2364.5496
United Kingdom,GBR,2008,2346.0127
United Kingdom,GBR,2009,2328.3347
United Kingdom,GBR,2010,2310.1545
United Kingdom,GBR,2011,2292.171
United Kingdom,GBR,2012,2275.902
United Kingdom,GBR,2013,2260.715
United Kingdom,GBR,2014,2243.8875
United Kingdom,GBR,2015,2227.7532
United Kingdom,GBR,2016,2210.1301
United Kingdom,GBR,2017,2198.102
United Kingdom,GBR,2018,2187.3916
United Kingdom,GBR,2019,2176.1643
United Kingdom,GBR,2020,2172.48
United Kingdom,GBR,2021,2164.696
United Kingdom,GBR,2022,2144.8435
United States,USA,1961,15340.98
United States,USA,1962,15106.842
United States,USA,1963,14890.986
United States,USA,1964,14685.573
United States,USA,1965,14503.121
United States,USA,1966,14336.589
United States,USA,1967,14181.328
United States,USA,1968,14040.4375
United States,USA,1969,13903.896
United States,USA,1970,13742.855
United States,USA,1971,13570.193
United States,USA,1972,13425.696
United States,USA,1973,13298.161
United States,USA,1974,13177.215
United States,USA,1975,13047.928
United States,USA,1976,12924.53
United States,USA,1977,12795.19
United States,USA,1978,12660.332
United States,USA,1979,12521.384
United States,USA,1980,12401.805
United States,USA,1981,12280.687
United States,USA,1982,12164.169
United States,USA,1983,12053.449
United States,USA,1984,11949.539
United States,USA,1985,11844.118
United States,USA,1986,11735.163
United States,USA,1987,11630.738
United States,USA,1988,11525.609
United States,USA,1989,11417.273
United States,USA,1990,11289.023
United States,USA,1991,11139.177
United States,USA,1992,10985.755
United States,USA,1993,10841.839
United States,USA,1994,10709.698
United States,USA,1995,10582.925
United States,USA,1996,10460.515
United States,USA,1997,10335.33
United States,USA,1998,10215.549
United States,USA,1999,10098.91
United States,USA,2000,9987.156
United States,USA,2001,9888.797
United States,USA,2002,9797.473
United States,USA,2003,9713.626
United States,USA,2004,9624.143
United States,USA,2005,9535.844
United States,USA,2006,9444.336
United States,USA,2007,9354.94
United States,USA,2008,9266.872
United States,USA,2009,9185.989
United States,USA,2010,9108.592
United States,USA,2011,9036.701
United States,USA,2012,8964.841
United States,USA,2013,8897.272
United States,USA,2014,8826.7295
United States,USA,2015,8756.58
United States,USA,2016,8688.056
United States,USA,2017,8628.064
United States,USA,2018,8577.614
United States,USA,2019,8533.544
United States,USA,2020,8498.762
United States,USA,2021,8485.402
United States,USA,2022,8436.688
Upper-middle-income countries,OWID_UMC,1961,16260.606
Upper-middle-income countries,OWID_UMC,1962,16033.929
Upper-middle-income countries,OWID_UMC,1963,15623.065
Upper-middle-income countries,OWID_UMC,1964,15235.59
Upper-middle-income countries,OWID_UMC,1965,14858.077
Upper-middle-income countries,OWID_UMC,1966,14456.93
Upper-middle-income countries,OWID_UMC,1967,14083.149
Upper-middle-income countries,OWID_UMC,1968,13716.143
Upper-middle-income countries,OWID_UMC,1969,13349.067
Upper-middle-income countries,OWID_UMC,1970,12992.037
Upper-middle-income countries,OWID_UMC,1971,12647.482
Upper-middle-income countries,OWID_UMC,1972,12335
Upper-middle-income countries,OWID_UMC,1973,12044.106
Upper-middle-income countries,OWID_UMC,1974,11777.2295
Upper-middle-income countries,OWID_UMC,1975,11537.809
Upper-middle-income countries,OWID_UMC,1976,11318.591
Upper-middle-income countries,OWID_UMC,1977,11117.207
Upper-middle-income countries,OWID_UMC,1978,10921.611
Upper-middle-income countries,OWID_UMC,1979,10729.975
Upper-middle-income countries,OWID_UMC,1980,10545.882
Upper-middle-income countries,OWID_UMC,1981,10359.227
Upper-middle-income countries,OWID_UMC,1982,10164.855
Upper-middle-income countries,OWID_UMC,1983,9979.203
Upper-middle-income countries,OWID_UMC,1984,9805.224
Upper-middle-income countries,OWID_UMC,1985,9633.878
Upper-middle-income countries,OWID_UMC,1986,9461.103
Upper-middle-income countries,OWID_UMC,1987,9287.409
Upper-middle-income countries,OWID_UMC,1988,9119.271
Upper-middle-income countries,OWID_UMC,1989,8960.164
Upper-middle-income countries,OWID_UMC,1990,8810.506
Upper-middle-income countries,OWID_UMC,1991,8671.576
Upper-middle-income countries,OWID_UMC,1992,8236.677
Upper-middle-income countries,OWID_UMC,1993,8129.348
Upper-middle-income countries,OWID_UMC,1994,8027.645
Upper-middle-income countries,OWID_UMC,1995,7930.098
Upper-middle-income countries,OWID_UMC,1996,7835.3584
Upper-middle-income countries,OWID_UMC,1997,7744.676
Upper-middle-income countries,OWID_UMC,1998,7657.6914
Upper-middle-income countries,OWID_UMC,1999,7576.212
Upper-middle-income countries,OWID_UMC,2000,7499.51
Upper-middle-income countries,OWID_UMC,2001,7427.6675
Upper-middle-income countries,OWID_UMC,2002,7361.03
Upper-middle-income countries,OWID_UMC,2003,7297.0024
Upper-middle-income countries,OWID_UMC,2004,7233.4985
Upper-middle-income countries,OWID_UMC,2005,7170.9775
Upper-middle-income countries,OWID_UMC,2006,7093.981
Upper-middle-income countries,OWID_UMC,2007,7040.7334
Upper-middle-income countries,OWID_UMC,2008,6984.554
Upper-middle-income countries,OWID_UMC,2009,6927.9336
Upper-middle-income countries,OWID_UMC,2010,6872.7837
Upper-middle-income countries,OWID_UMC,2011,6816.3853
Upper-middle-income countries,OWID_UMC,2012,6754.8223
Upper-middle-income countries,OWID_UMC,2013,6693.2007
Upper-middle-income countries,OWID_UMC,2014,6634.923
Upper-middle-income countries,OWID_UMC,2015,6579.9263
Upper-middle-income countries,OWID_UMC,2016,6527.709
Upper-middle-income countries,OWID_UMC,2017,6475.639
Upper-middle-income countries,OWID_UMC,2018,6427.54
Upper-middle-income countries,OWID_UMC,2019,6384.8086
Upper-middle-income countries,OWID_UMC,2020,6350.6006
Upper-middle-income countries,OWID_UMC,2021,6325.278
Upper-middle-income countries,OWID_UMC,2022,6309.191
Uruguay,URY,1961,35986.89
Uruguay,URY,1962,35553.184
Uruguay,URY,1963,35140.33
Uruguay,URY,1964,34750.75
Uruguay,URY,1965,34387.984
Uruguay,URY,1966,34051.72
Uruguay,URY,1967,33744.75
Uruguay,URY,1968,33471.21
Uruguay,URY,1969,33237.516
Uruguay,URY,1970,33037.04
Uruguay,URY,1971,32852.754
Uruguay,URY,1972,32675.986
Uruguay,URY,1973,32497.596
Uruguay,URY,1974,32306.17
Uruguay,URY,1975,32099.488
Uruguay,URY,1976,31887.756
Uruguay,URY,1977,31689.719
Uruguay,URY,1978,31513.664
Uruguay,URY,1979,31361.578
Uruguay,URY,1980,31233.56
Uruguay,URY,1981,31114.527
Uruguay,URY,1982,30986.473
Uruguay,URY,1983,30848.729
Uruguay,URY,1984,30707.867
Uruguay,URY,1985,30559.785
Uruguay,URY,1986,30400.498
Uruguay,URY,1987,30230.54
Uruguay,URY,1988,30052.533
Uruguay,URY,1989,29874.395
Uruguay,URY,1990,29699.752
Uruguay,URY,1991,29529.002
Uruguay,URY,1992,29365.844
Uruguay,URY,1993,29211.002
Uruguay,URY,1994,29059.195
Uruguay,URY,1995,28907.896
Uruguay,URY,1996,28755.672
Uruguay,URY,1997,28603.826
Uruguay,URY,1998,28463.115
Uruguay,URY,1999,28334.227
Uruguay,URY,2000,28228.47
Uruguay,URY,2001,28159.111
Uruguay,URY,2002,28119.469
Uruguay,URY,2003,28099.596
Uruguay,URY,2004,28082.803
Uruguay,URY,2005,28060.385
Uruguay,URY,2006,28028.525
Uruguay,URY,2007,27980.492
Uruguay,URY,2008,27920.975
Uruguay,URY,2009,27854.219
Uruguay,URY,2010,27782.967
Uruguay,URY,2011,27714.111
Uruguay,URY,2012,27642.854
Uruguay,URY,2013,27560.752
Uruguay,URY,2014,27470.45
Uruguay,URY,2015,27375.158
Uruguay,URY,2016,27283.895
Uruguay,URY,2017,27210.178
Uruguay,URY,2018,27161.312
Uruguay,URY,2019,27139.95
Uruguay,URY,2020,27125.88
Uruguay,URY,2021,27144.033
Uruguay,URY,2022,27190.316
Uzbekistan,UZB,1992,760.5274
Uzbekistan,UZB,1993,743.13416
Uzbekistan,UZB,1994,727.409
Uzbekistan,UZB,1995,712.9895
Uzbekistan,UZB,1996,699.7265
Uzbekistan,UZB,1997,687.74054
Uzbekistan,UZB,1998,677.02704
Uzbekistan,UZB,1999,667.5925
Uzbekistan,UZB,2000,659.2151
Uzbekistan,UZB,2001,651.2481
Uzbekistan,UZB,2002,643.3076
Uzbekistan,UZB,2003,635.5192
Uzbekistan,UZB,2004,627.7529
Uzbekistan,UZB,2005,619.94977
Uzbekistan,UZB,2006,612.00696
Uzbekistan,UZB,2007,603.4863
Uzbekistan,UZB,2008,594.29474
Uzbekistan,UZB,2009,584.8387
Uzbekistan,UZB,2010,575.6459
Uzbekistan,UZB,2011,566.90454
Uzbekistan,UZB,2012,558.4052
Uzbekistan,UZB,2013,549.7229
Uzbekistan,UZB,2014,540.64795
Uzbekistan,UZB,2015,531.39343
Uzbekistan,UZB,2016,522.30225
Uzbekistan,UZB,2017,513.5268
Uzbekistan,UZB,2018,504.73398
Uzbekistan,UZB,2019,495.68173
Uzbekistan,UZB,2020,486.50684
Uzbekistan,UZB,2021,477.16812
Uzbekistan,UZB,2022,467.67282
Vanuatu,VUT,1962,146683.48
Vanuatu,VUT,1963,142533.39
Vanuatu,VUT,1964,138467.72
Vanuatu,VUT,1965,134484.52
Vanuatu,VUT,1966,130565.35
Vanuatu,VUT,1967,126708.984
Vanuatu,VUT,1968,122980.055
Vanuatu,VUT,1969,119395.86
Vanuatu,VUT,1970,115920.52
Vanuatu,VUT,1971,112534.04
Vanuatu,VUT,1972,109215.62
Vanuatu,VUT,1973,105974.86
Vanuatu,VUT,1974,102817.19
Vanuatu,VUT,1975,99731.72
Vanuatu,VUT,1976,96723.02
Vanuatu,VUT,1977,93792.79
Vanuatu,VUT,1978,90939.68
Vanuatu,VUT,1979,88464.26
Vanuatu,VUT,1980,86460.31
Vanuatu,VUT,1981,84567.31
Vanuatu,VUT,1982,82620.73
Vanuatu,VUT,1983,80646.46
Vanuatu,VUT,1984,78672.63
Vanuatu,VUT,1985,76713
Vanuatu,VUT,1986,74783.13
Vanuatu,VUT,1987,72893.2
Vanuatu,VUT,1988,71044.93
Vanuatu,VUT,1989,69255.44
Vanuatu,VUT,1990,67538.82
Vanuatu,VUT,1991,65879.19
Vanuatu,VUT,1992,64264.047
Vanuatu,VUT,1993,62710.473
Vanuatu,VUT,1994,61231.74
Vanuatu,VUT,1995,59831.156
Vanuatu,VUT,1996,58509.984
Vanuatu,VUT,1997,57265.242
Vanuatu,VUT,1998,56081.16
Vanuatu,VUT,1999,54930.566
Vanuatu,VUT,2000,53682.34
Vanuatu,VUT,2001,52347.523
Vanuatu,VUT,2002,51056.094
Vanuatu,VUT,2003,49814.19
Vanuatu,VUT,2004,48611.887
Vanuatu,VUT,2005,47447.332
Vanuatu,VUT,2006,46312.805
Vanuatu,VUT,2007,45192.43
Vanuatu,VUT,2008,44073.055
Vanuatu,VUT,2009,42968.062
Vanuatu,VUT,2010,41973.07
Vanuatu,VUT,2011,41072.15
Vanuatu,VUT,2012,40179.523
Vanuatu,VUT,2013,39295.51
Vanuatu,VUT,2014,38426.066
Vanuatu,VUT,2015,37579.715
Vanuatu,VUT,2016,36752.95
Vanuatu,VUT,2017,35905.742
Vanuatu,VUT,2018,35055.863
Vanuatu,VUT,2019,34248.336
Vanuatu,VUT,2020,33460.707
Vanuatu,VUT,2021,32693.842
Vanuatu,VUT,2022,31944.188
Venezuela,VEN,1961,95199.63
Venezuela,VEN,1962,91927.82
Venezuela,VEN,1963,88812.68
Venezuela,VEN,1964,85841.836
Venezuela,VEN,1965,83008.6
Venezuela,VEN,1966,80300.42
Venezuela,VEN,1967,77713.86
Venezuela,VEN,1968,75251.016
Venezuela,VEN,1969,72914.82
Venezuela,VEN,1970,70689.75
Venezuela,VEN,1971,68563.11
Venezuela,VEN,1972,66533.44
Venezuela,VEN,1973,64588.406
Venezuela,VEN,1974,62717.414
Venezuela,VEN,1975,60911.516
Venezuela,VEN,1976,59163.84
Venezuela,VEN,1977,57472.035
Venezuela,VEN,1978,55838.082
Venezuela,VEN,1979,54265.203
Venezuela,VEN,1980,52758.453
Venezuela,VEN,1981,51315.406
Venezuela,VEN,1982,49932.16
Venezuela,VEN,1983,48604.64
Venezuela,VEN,1984,47328.33
Venezuela,VEN,1985,46101.598
Venezuela,VEN,1986,44913.01
Venezuela,VEN,1987,43761.98
Venezuela,VEN,1988,42658
Venezuela,VEN,1989,41604.387
Venezuela,VEN,1990,40601.18
Venezuela,VEN,1991,39645.61
Venezuela,VEN,1992,38737.406
Venezuela,VEN,1993,37874.297
Venezuela,VEN,1994,37053.766
Venezuela,VEN,1995,36271.355
Venezuela,VEN,1996,35521.844
Venezuela,VEN,1997,34800.75
Venezuela,VEN,1998,34108.24
Venezuela,VEN,1999,33448.855
Venezuela,VEN,2000,32821.363
Venezuela,VEN,2001,32225.88
Venezuela,VEN,2002,31648.467
Venezuela,VEN,2003,31089.84
Venezuela,VEN,2004,30560.91
Venezuela,VEN,2005,30053.232
Venezuela,VEN,2006,29568.752
Venezuela,VEN,2007,29114.596
Venezuela,VEN,2008,28694.97
Venezuela,VEN,2009,28306.898
Venezuela,VEN,2010,27938.68
Venezuela,VEN,2011,27582.463
Venezuela,VEN,2012,27238.436
Venezuela,VEN,2013,26912.098
Venezuela,VEN,2014,26607.982
Venezuela,VEN,2015,26329.586
Venezuela,VEN,2016,26165.486
Venezuela,VEN,2017,26337.035
Venezuela,VEN,2018,27006.543
Venezuela,VEN,2019,27818
Venezuela,VEN,2020,28301.146
Venezuela,VEN,2021,28507.86
Venezuela,VEN,2022,28532.928
Vietnam,VNM,1961,10758.16
Vietnam,VNM,1962,10482.213
Vietnam,VNM,1963,10196.572
Vietnam,VNM,1964,9928.301
Vietnam,VNM,1965,9680.133
Vietnam,VNM,1966,9452.243
Vietnam,VNM,1967,9240.758
Vietnam,VNM,1968,9045.515
Vietnam,VNM,1969,8856.615
Vietnam,VNM,1970,8665.8955
Vietnam,VNM,1971,8467.047
Vietnam,VNM,1972,8276.005
Vietnam,VNM,1973,8093.2476
Vietnam,VNM,1974,7914.3804
Vietnam,VNM,1975,7732.305
Vietnam,VNM,1976,7537.3916
Vietnam,VNM,1977,7341.864
Vietnam,VNM,1978,7152.7007
Vietnam,VNM,1979,6995.5723
Vietnam,VNM,1980,6847.386
Vietnam,VNM,1981,6688.3594
Vietnam,VNM,1982,6533.568
Vietnam,VNM,1983,6379.7173
Vietnam,VNM,1984,6228.4614
Vietnam,VNM,1985,6085.6113
Vietnam,VNM,1986,5955.884
Vietnam,VNM,1987,5836.1943
Vietnam,VNM,1988,5719.3115
Vietnam,VNM,1989,5603.0376
Vietnam,VNM,1990,5486.947
Vietnam,VNM,1991,5373.1567
Vietnam,VNM,1992,5265.4297
Vietnam,VNM,1993,5165.091
Vietnam,VNM,1994,5072.6567
Vietnam,VNM,1995,4988.4844
Vietnam,VNM,1996,4913.0327
Vietnam,VNM,1997,4842.1807
Vietnam,VNM,1998,4773.1953
Vietnam,VNM,1999,4711.3906
Vietnam,VNM,2000,4658.4746
Vietnam,VNM,2001,4609.7593
Vietnam,VNM,2002,4562.776
Vietnam,VNM,2003,4517.3823
Vietnam,VNM,2004,4473.794
Vietnam,VNM,2005,4432.451
Vietnam,VNM,2006,4374.2144
Vietnam,VNM,2007,4297.5664
Vietnam,VNM,2008,4219.7437
Vietnam,VNM,2009,4157.066
Vietnam,VNM,2010,4109.7637
Vietnam,VNM,2011,4062.6975
Vietnam,VNM,2012,4015.4014
Vietnam,VNM,2013,3968.2861
Vietnam,VNM,2014,3920.3933
Vietnam,VNM,2015,3872.09
Vietnam,VNM,2016,3823.6123
Vietnam,VNM,2017,3776.3335
Vietnam,VNM,2018,3734.7258
Vietnam,VNM,2019,3698.7346
Vietnam,VNM,2020,3664.5898
Vietnam,VNM,2021,3632.8867
Vietnam,VNM,2022,3605.7146
World,OWID_WRL,1961,13680.241
World,OWID_WRL,1962,13438.888
World,OWID_WRL,1963,13150.685
World,OWID_WRL,1964,12872.785
World,OWID_WRL,1965,12604.027
World,OWID_WRL,1966,12333.539
World,OWID_WRL,1967,12074.182
World,OWID_WRL,1968,11819.802
World,OWID_WRL,1969,11567.932
World,OWID_WRL,1970,11320.271
World,OWID_WRL,1971,11075.3955
World,OWID_WRL,1972,10848.201
World,OWID_WRL,1973,10628.121
World,OWID_WRL,1974,10418.023
World,OWID_WRL,1975,10219.766
World,OWID_WRL,1976,10032.624
World,OWID_WRL,1977,9853.186
World,OWID_WRL,1978,9676.927
World,OWID_WRL,1979,9501.84
World,OWID_WRL,1980,9329.952
World,OWID_WRL,1981,9161.353
World,OWID_WRL,1982,8992.691
World,OWID_WRL,1983,8827.615
World,OWID_WRL,1984,8669.006
World,OWID_WRL,1985,8513.067
World,OWID_WRL,1986,8358.631
World,OWID_WRL,1987,8205.937
World,OWID_WRL,1988,8057.3237
World,OWID_WRL,1989,7913.1245
World,OWID_WRL,1990,7771.1743
World,OWID_WRL,1991,7637.631
World,OWID_WRL,1992,7983.2754
World,OWID_WRL,1993,7784.111
World,OWID_WRL,1994,7663.1465
World,OWID_WRL,1995,7548.8765
World,OWID_WRL,1996,7437.262
World,OWID_WRL,1997,7329.2666
World,OWID_WRL,1998,7224.4966
World,OWID_WRL,1999,7124.0107
World,OWID_WRL,2000,7027.5864
World,OWID_WRL,2001,6934.157
World,OWID_WRL,2002,6843.9985
World,OWID_WRL,2003,6756.295
World,OWID_WRL,2004,6669.5654
World,OWID_WRL,2005,6585.479
World,OWID_WRL,2006,6496.4673
World,OWID_WRL,2007,6415.461
World,OWID_WRL,2008,6335.1147
World,OWID_WRL,2009,6256.72
World,OWID_WRL,2010,6181.5063
World,OWID_WRL,2011,6106.972
World,OWID_WRL,2012,5994.8447
World,OWID_WRL,2013,5921.2153
World,OWID_WRL,2014,5849.9814
World,OWID_WRL,2015,5780.886
World,OWID_WRL,2016,5713.6816
World,OWID_WRL,2017,5649.1963
World,OWID_WRL,2018,5588.281
World,OWID_WRL,2019,5530.03
World,OWID_WRL,2020,5475.7373
World,OWID_WRL,2021,5429.9443
World,OWID_WRL,2022,5392.2686
Yemen,YEM,1961,371.33755
Yemen,YEM,1962,363.18225
Yemen,YEM,1963,355.26172
Yemen,YEM,1964,347.22186
Yemen,YEM,1965,338.9506
Yemen,YEM,1966,330.63086
Yemen,YEM,1967,322.26166
Yemen,YEM,1968,313.87677
Yemen,YEM,1969,305.41638
Yemen,YEM,1970,297.22818
Yemen,YEM,1971,289.35736
Yemen,YEM,1972,281.49878
Yemen,YEM,1973,273.69424
Yemen,YEM,1974,265.93106
Yemen,YEM,1975,258.18832
Yemen,YEM,1976,250.47372
Yemen,YEM,1977,242.82448
Yemen,YEM,1978,235.25232
Yemen,YEM,1979,227.66217
Yemen,YEM,1980,220.04832
Yemen,YEM,1981,212.4998
Yemen,YEM,1982,205.05798
Yemen,YEM,1983,197.7122
Yemen,YEM,1984,190.46588
Yemen,YEM,1985,183.34486
Yemen,YEM,1986,176.45517
Yemen,YEM,1987,169.76677
Yemen,YEM,1988,163.30075
Yemen,YEM,1989,157.13654
Yemen,YEM,1990,151.21118
Yemen,YEM,1991,145.52812
Yemen,YEM,1992,140.09813
Yemen,YEM,1993,134.9275
Yemen,YEM,1994,130.03783
Yemen,YEM,1995,125.44759
Yemen,YEM,1996,121.2949
Yemen,YEM,1997,117.48951
Yemen,YEM,1998,113.84574
Yemen,YEM,1999,110.35544
Yemen,YEM,2000,107.011055
Yemen,YEM,2001,103.826004
Yemen,YEM,2002,100.79152
Yemen,YEM,2003,97.87299
Yemen,YEM,2004,95.04341
Yemen,YEM,2005,92.14533
Yemen,YEM,2006,89.19817
Yemen,YEM,2007,86.35549
Yemen,YEM,2008,83.62556
Yemen,YEM,2009,80.994385
Yemen,YEM,2010,78.4918
Yemen,YEM,2011,76.13413
Yemen,YEM,2012,73.85616
Yemen,YEM,2013,71.640686
Yemen,YEM,2014,69.4759
Yemen,YEM,2015,67.39544
Yemen,YEM,2016,65.40221
Yemen,YEM,2017,63.461517
Yemen,YEM,2018,61.61035
Yemen,YEM,2019,59.80962
Yemen,YEM,2020,58.11562
Yemen,YEM,2021,56.54246
Yemen,YEM,2022,54.94092
Zambia,ZMB,1961,24645.938
Zambia,ZMB,1962,23882.56
Zambia,ZMB,1963,23139.686
Zambia,ZMB,1964,22420.916
Zambia,ZMB,1965,21722.137
Zambia,ZMB,1966,21038.809
Zambia,ZMB,1967,20374.24
Zambia,ZMB,1968,19726.52
Zambia,ZMB,1969,19108.36
Zambia,ZMB,1970,18557.436
Zambia,ZMB,1971,18052.797
Zambia,ZMB,1972,17551.889
Zambia,ZMB,1973,17054.059
Zambia,ZMB,1974,16560.852
Zambia,ZMB,1975,16071.867
Zambia,ZMB,1976,15591.459
Zambia,ZMB,1977,15124.998
Zambia,ZMB,1978,14674.201
Zambia,ZMB,1979,14240.744
Zambia,ZMB,1980,13820.835
Zambia,ZMB,1981,13403.999
Zambia,ZMB,1982,12980.209
Zambia,ZMB,1983,12568.488
Zambia,ZMB,1984,12187.542
Zambia,ZMB,1985,11827.246
Zambia,ZMB,1986,11479.329
Zambia,ZMB,1987,11152.393
Zambia,ZMB,1988,10850.389
Zambia,ZMB,1989,10567.627
Zambia,ZMB,1990,10300.315
Zambia,ZMB,1991,10048.048
Zambia,ZMB,1992,9808.382
Zambia,ZMB,1993,9577.354
Zambia,ZMB,1994,9351.386
Zambia,ZMB,1995,9128.404
Zambia,ZMB,1996,8907.1
Zambia,ZMB,1997,8682.413
Zambia,ZMB,1998,8457.768
Zambia,ZMB,1999,8234.082
Zambia,ZMB,2000,8005.885
Zambia,ZMB,2001,7767.4155
Zambia,ZMB,2002,7531.967
Zambia,ZMB,2003,7301.799
Zambia,ZMB,2004,7073.4346
Zambia,ZMB,2005,6843.693
Zambia,ZMB,2006,6611.95
Zambia,ZMB,2007,6382.766
Zambia,ZMB,2008,6159.128
Zambia,ZMB,2009,5944.973
Zambia,ZMB,2010,5742.6846
Zambia,ZMB,2011,5554.8643
Zambia,ZMB,2012,5377.6313
Zambia,ZMB,2013,5208.1313
Zambia,ZMB,2014,5045.5117
Zambia,ZMB,2015,4890.5156
Zambia,ZMB,2016,4741.5156
Zambia,ZMB,2017,4598.276
Zambia,ZMB,2018,4462.1074
Zambia,ZMB,2019,4331.8945
Zambia,ZMB,2020,4207.8984
Zambia,ZMB,2021,4091.0837
Zambia,ZMB,2022,3979.5686
Zimbabwe,ZWE,1961,3119.2747
Zimbabwe,ZWE,1962,3022.713
Zimbabwe,ZWE,1963,2928.8965
Zimbabwe,ZWE,1964,2837.959
Zimbabwe,ZWE,1965,2749.8271
Zimbabwe,ZWE,1966,2664.5125
Zimbabwe,ZWE,1967,2581.973
Zimbabwe,ZWE,1968,2501.8162
Zimbabwe,ZWE,1969,2423.7961
Zimbabwe,ZWE,1970,2350.497
Zimbabwe,ZWE,1971,2281.0525
Zimbabwe,ZWE,1972,2212.0203
Zimbabwe,ZWE,1973,2143.2053
Zimbabwe,ZWE,1974,2075.037
Zimbabwe,ZWE,1975,2010.2783
Zimbabwe,ZWE,1976,1950.0231
Zimbabwe,ZWE,1977,1900.9191
Zimbabwe,ZWE,1978,1873.5935
Zimbabwe,ZWE,1979,1844.2869
Zimbabwe,ZWE,1980,1741.155
Zimbabwe,ZWE,1981,1634.9642
Zimbabwe,ZWE,1982,1572.5013
Zimbabwe,ZWE,1983,1513.8785
Zimbabwe,ZWE,1984,1461.0043
Zimbabwe,ZWE,1985,1411.3346
Zimbabwe,ZWE,1986,1364.8643
Zimbabwe,ZWE,1987,1320.4598
Zimbabwe,ZWE,1988,1279.3363
Zimbabwe,ZWE,1989,1242.803
Zimbabwe,ZWE,1990,1209.3972
Zimbabwe,ZWE,1991,1178.3005
Zimbabwe,ZWE,1992,1145.5054
Zimbabwe,ZWE,1993,1128.8835
Zimbabwe,ZWE,1994,1127.5483
Zimbabwe,ZWE,1995,1117.1251
Zimbabwe,ZWE,1996,1098.7278
Zimbabwe,ZWE,1997,1078.2926
Zimbabwe,ZWE,1998,1057.4164
Zimbabwe,ZWE,1999,1040.4417
Zimbabwe,ZWE,2000,1030.9404
Zimbabwe,ZWE,2001,1024.0646
Zimbabwe,ZWE,2002,1014.2581
Zimbabwe,ZWE,2003,1002.26263
Zimbabwe,ZWE,2004,991.43646
Zimbabwe,ZWE,2005,982.10175
Zimbabwe,ZWE,2006,970.2096
Zimbabwe,ZWE,2007,957.5089
Zimbabwe,ZWE,2008,946.0498
Zimbabwe,ZWE,2009,932.8309
Zimbabwe,ZWE,2010,917.90186
Zimbabwe,ZWE,2011,901.774
Zimbabwe,ZWE,2012,887.2558
Zimbabwe,ZWE,2013,874.85144
Zimbabwe,ZWE,2014,862.9331
Zimbabwe,ZWE,2015,851.44727
Zimbabwe,ZWE,2016,839.7091
Zimbabwe,ZWE,2017,827.68036
Zimbabwe,ZWE,2018,815.4604
Zimbabwe,ZWE,2019,802.8096
Zimbabwe,ZWE,2020,789.598
Zimbabwe,ZWE,2021,776.0864
Zimbabwe,ZWE,2022,762.9571
